model,task,sigma,n_test,accuracy
lunit,nct,0.0,1800,0.99
lunit,nct,1.0,1800,0.9888888888888889
lunit,nct,2.0,1800,0.9794444444444445
lunit,nct,3.0,1800,0.9561111111111111
lunit,lung,0.0,2839,1.0
lunit,lung,1.0,2839,0.9961253962662909
lunit,lung,2.0,2839,0.9795702712222614
lunit,lung,3.0,2839,0.9732300105671011
lunit,lc_colon,0.0,1905,1.0
lunit,lc_colon,1.0,1905,1.0
lunit,lc_colon,2.0,1905,1.0
lunit,lc_colon,3.0,1905,0.9984251968503937
lunit,breakhis,0.0,1865,0.8836461126005362
lunit,breakhis,1.0,1865,0.8793565683646113
lunit,breakhis,2.0,1865,0.8654155495978553
lunit,breakhis,3.0,1865,0.8439678284182306
lunit,pcam,0.0,1576,0.9041878172588832
lunit,pcam,1.0,1576,0.9168781725888325
lunit,pcam,2.0,1576,0.9029187817258884
lunit,pcam,3.0,1576,0.858502538071066
ctranspath,nct,0.0,1800,0.9905555555555555
ctranspath,nct,1.0,1800,0.9888888888888889
ctranspath,nct,2.0,1800,0.9833333333333333
ctranspath,nct,3.0,1800,0.9394444444444444
ctranspath,lung,0.0,2839,0.9985910531877422
ctranspath,lung,1.0,2839,0.9985910531877422
ctranspath,lung,2.0,2839,0.9964776329693554
ctranspath,lung,3.0,2839,0.9792180345191969
ctranspath,lc_colon,0.0,1905,1.0
ctranspath,lc_colon,1.0,1905,1.0
ctranspath,lc_colon,2.0,1905,1.0
ctranspath,lc_colon,3.0,1905,1.0
ctranspath,breakhis,0.0,1865,0.8975871313672922
ctranspath,breakhis,1.0,1865,0.8938337801608579
ctranspath,breakhis,2.0,1865,0.8873994638069705
ctranspath,breakhis,3.0,1865,0.8343163538873994
ctranspath,pcam,0.0,1576,0.8927664974619289
ctranspath,pcam,1.0,1576,0.9181472081218274
ctranspath,pcam,2.0,1576,0.9086294416243654
ctranspath,pcam,3.0,1576,0.8616751269035533
conch,nct,0.0,1800,0.9838888888888889
conch,nct,1.0,1800,0.975
conch,nct,2.0,1800,0.8483333333333334
conch,nct,3.0,1800,0.565
conch,lung,0.0,2839,0.9992955265938711
conch,lung,1.0,2839,0.9845015850651638
conch,lung,2.0,2839,0.9485734413525889
conch,lung,3.0,2839,0.7108136667840789
conch,lc_colon,0.0,1905,1.0
conch,lc_colon,1.0,1905,0.9994750656167979
conch,lc_colon,2.0,1905,0.9984251968503937
conch,lc_colon,3.0,1905,0.9480314960629921
conch,breakhis,0.0,1865,0.7882037533512064
conch,breakhis,1.0,1865,0.7865951742627346
conch,breakhis,2.0,1865,0.7292225201072386
conch,breakhis,3.0,1865,0.6369973190348526
conch,pcam,0.0,1576,0.9067258883248731
conch,pcam,1.0,1576,0.8845177664974619
conch,pcam,2.0,1576,0.7734771573604061
conch,pcam,3.0,1576,0.6795685279187818
hibou_b,nct,0.0,1800,0.9911111111111112
hibou_b,nct,1.0,1800,0.9905555555555555
hibou_b,nct,2.0,1800,0.9894444444444445
hibou_b,nct,3.0,1800,0.8388888888888889
hibou_b,lung,0.0,2839,1.0
hibou_b,lung,1.0,2839,1.0
hibou_b,lung,2.0,2839,0.9996477632969355
hibou_b,lung,3.0,2839,0.9852060584712927
hibou_b,lc_colon,0.0,1905,1.0
hibou_b,lc_colon,1.0,1905,1.0
hibou_b,lc_colon,2.0,1905,1.0
hibou_b,lc_colon,3.0,1905,1.0
hibou_b,breakhis,0.0,1865,0.8900804289544236
hibou_b,breakhis,1.0,1865,0.8906166219839142
hibou_b,breakhis,2.0,1865,0.8219839142091153
hibou_b,breakhis,3.0,1865,0.6820375335120643
hibou_b,pcam,0.0,1576,0.9238578680203046
hibou_b,pcam,1.0,1576,0.9314720812182741
hibou_b,pcam,2.0,1576,0.9263959390862944
hibou_b,pcam,3.0,1576,0.8870558375634517
phikon,nct,0.0,1800,0.9922222222222222
phikon,nct,1.0,1800,0.9922222222222222
phikon,nct,2.0,1800,0.9911111111111112
phikon,nct,3.0,1800,0.9788888888888889
phikon,lung,0.0,2839,1.0
phikon,lung,1.0,2839,1.0
phikon,lung,2.0,2839,1.0
phikon,lung,3.0,2839,0.9781613244100035
phikon,lc_colon,0.0,1905,1.0
phikon,lc_colon,1.0,1905,1.0
phikon,lc_colon,2.0,1905,1.0
phikon,lc_colon,3.0,1905,0.9989501312335958
phikon,breakhis,0.0,1865,0.8841823056300268
phikon,breakhis,1.0,1865,0.8831099195710456
phikon,breakhis,2.0,1865,0.8841823056300268
phikon,breakhis,3.0,1865,0.8718498659517426
phikon,pcam,0.0,1576,0.9187817258883249
phikon,pcam,1.0,1576,0.924492385786802
phikon,pcam,2.0,1576,0.9263959390862944
phikon,pcam,3.0,1576,0.934010152284264
phikon_v2,nct,0.0,1800,0.9916666666666667
phikon_v2,nct,1.0,1800,0.9927777777777778
phikon_v2,nct,2.0,1800,0.9905555555555555
phikon_v2,nct,3.0,1800,0.9766666666666667
phikon_v2,lung,0.0,2839,0.9996477632969355
phikon_v2,lung,1.0,2839,0.9992955265938711
phikon_v2,lung,2.0,2839,0.9985910531877422
phikon_v2,lung,3.0,2839,0.9855582951743571
phikon_v2,lc_colon,0.0,1905,1.0
phikon_v2,lc_colon,1.0,1905,1.0
phikon_v2,lc_colon,2.0,1905,1.0
phikon_v2,lc_colon,3.0,1905,1.0
phikon_v2,breakhis,0.0,1865,0.9061662198391421
phikon_v2,breakhis,1.0,1865,0.9050938337801608
phikon_v2,breakhis,2.0,1865,0.8890080428954423
phikon_v2,breakhis,3.0,1865,0.8729222520107238
phikon_v2,pcam,0.0,1576,0.9276649746192893
phikon_v2,pcam,1.0,1576,0.9282994923857868
phikon_v2,pcam,2.0,1576,0.9010152284263959
phikon_v2,pcam,3.0,1576,0.8445431472081218
hibou_l,nct,0.0,1800,0.9911111111111112
hibou_l,nct,1.0,1800,0.9911111111111112
hibou_l,nct,2.0,1800,0.9888888888888889
hibou_l,nct,3.0,1800,0.9316666666666666
hibou_l,lung,0.0,2839,1.0
hibou_l,lung,1.0,2839,1.0
hibou_l,lung,2.0,2839,0.9992955265938711
hibou_l,lung,3.0,2839,0.9943642127509686
hibou_l,lc_colon,0.0,1905,1.0
hibou_l,lc_colon,1.0,1905,1.0
hibou_l,lc_colon,2.0,1905,1.0
hibou_l,lc_colon,3.0,1905,1.0
hibou_l,breakhis,0.0,1865,0.8975871313672922
hibou_l,breakhis,1.0,1865,0.9024128686327078
hibou_l,breakhis,2.0,1865,0.8831099195710456
hibou_l,breakhis,3.0,1865,0.7694369973190348
hibou_l,pcam,0.0,1576,0.9352791878172588
hibou_l,pcam,1.0,1576,0.9447969543147208
hibou_l,pcam,2.0,1576,0.949238578680203
hibou_l,pcam,3.0,1576,0.8940355329949239
virchow2,nct,0.0,1800,0.9933333333333333
virchow2,nct,1.0,1800,0.9938888888888889
virchow2,nct,2.0,1800,0.9933333333333333
virchow2,nct,3.0,1800,0.9588888888888889
virchow2,lung,0.0,2839,1.0
virchow2,lung,1.0,2839,1.0
virchow2,lung,2.0,2839,1.0
virchow2,lung,3.0,2839,0.9682986967241987
virchow2,lc_colon,0.0,1905,1.0
virchow2,lc_colon,1.0,1905,1.0
virchow2,lc_colon,2.0,1905,1.0
virchow2,lc_colon,3.0,1905,0.7517060367454068
virchow2,breakhis,0.0,1865,0.960857908847185
virchow2,breakhis,1.0,1865,0.9587131367292225
virchow2,breakhis,2.0,1865,0.9522788203753351
virchow2,breakhis,3.0,1865,0.7131367292225201
virchow2,pcam,0.0,1576,0.9390862944162437
virchow2,pcam,1.0,1576,0.9384517766497462
virchow2,pcam,2.0,1576,0.9403553299492385
virchow2,pcam,3.0,1576,0.8305837563451777
uni,nct,0.0,1800,0.9938888888888889
uni,nct,1.0,1800,0.9927777777777778
uni,nct,2.0,1800,0.9916666666666667
uni,nct,3.0,1800,0.9811111111111112
uni,lung,0.0,2839,1.0
uni,lung,1.0,2839,1.0
uni,lung,2.0,2839,1.0
uni,lung,3.0,2839,0.9982388164846777
uni,lc_colon,0.0,1905,1.0
uni,lc_colon,1.0,1905,1.0
uni,lc_colon,2.0,1905,1.0
uni,lc_colon,3.0,1905,0.9979002624671915
uni,breakhis,0.0,1865,0.9463806970509383
uni,breakhis,1.0,1865,0.9506702412868633
uni,breakhis,2.0,1865,0.9453083109919571
uni,breakhis,3.0,1865,0.9372654155495979
uni,pcam,0.0,1576,0.9530456852791879
uni,pcam,1.0,1576,0.9524111675126904
uni,pcam,2.0,1576,0.9574873096446701
uni,pcam,3.0,1576,0.9511421319796954
hoptimus,nct,0.0,1800,0.995
hoptimus,nct,1.0,1800,0.995
hoptimus,nct,2.0,1800,0.9938888888888889
hoptimus,nct,3.0,1800,0.9777777777777777
hoptimus,lung,0.0,2839,1.0
hoptimus,lung,1.0,2839,1.0
hoptimus,lung,2.0,2839,1.0
hoptimus,lung,3.0,2839,0.9982388164846777
hoptimus,lc_colon,0.0,1905,1.0
hoptimus,lc_colon,1.0,1905,1.0
hoptimus,lc_colon,2.0,1905,1.0
hoptimus,lc_colon,3.0,1905,1.0
hoptimus,breakhis,0.0,1865,0.9233243967828418
hoptimus,breakhis,1.0,1865,0.9201072386058982
hoptimus,breakhis,2.0,1865,0.9136729222520107
hoptimus,breakhis,3.0,1865,0.8841823056300268
hoptimus,pcam,0.0,1576,0.9435279187817259
hoptimus,pcam,1.0,1576,0.9606598984771574
hoptimus,pcam,2.0,1576,0.9536802030456852
hoptimus,pcam,3.0,1576,0.9187817258883249
midnight,nct,0.0,1800,0.9894444444444445
midnight,nct,1.0,1800,0.99
midnight,nct,2.0,1800,0.9883333333333333
midnight,nct,3.0,1800,0.9772222222222222
midnight,lung,0.0,2839,1.0
midnight,lung,1.0,2839,1.0
midnight,lung,2.0,2839,0.9992955265938711
midnight,lung,3.0,2839,0.9890806622050018
midnight,lc_colon,0.0,1905,1.0
midnight,lc_colon,1.0,1905,1.0
midnight,lc_colon,2.0,1905,0.9994750656167979
midnight,lc_colon,3.0,1905,1.0
midnight,breakhis,0.0,1865,0.9410187667560321
midnight,breakhis,1.0,1865,0.9345844504021448
midnight,breakhis,2.0,1865,0.9233243967828418
midnight,breakhis,3.0,1865,0.9308310991957105
midnight,pcam,0.0,1576,0.9384517766497462
midnight,pcam,1.0,1576,0.9467005076142132
midnight,pcam,2.0,1576,0.9479695431472082
midnight,pcam,3.0,1576,0.9219543147208121
dinov2_nat,nct,0.0,1800,0.97
dinov2_nat,nct,1.0,1800,0.9705555555555555
dinov2_nat,nct,2.0,1800,0.9527777777777777
dinov2_nat,nct,3.0,1800,0.8466666666666667
dinov2_nat,lung,0.0,2839,0.9985910531877422
dinov2_nat,lung,1.0,2839,0.9964776329693554
dinov2_nat,lung,2.0,2839,0.9728777738640366
dinov2_nat,lung,3.0,2839,0.9535047551954914
dinov2_nat,lc_colon,0.0,1905,1.0
dinov2_nat,lc_colon,1.0,1905,1.0
dinov2_nat,lc_colon,2.0,1905,1.0
dinov2_nat,lc_colon,3.0,1905,0.9979002624671915
dinov2_nat,breakhis,0.0,1865,0.8241286863270777
dinov2_nat,breakhis,1.0,1865,0.8327077747989277
dinov2_nat,breakhis,2.0,1865,0.7855227882037533
dinov2_nat,breakhis,3.0,1865,0.7233243967828418
dinov2_nat,pcam,0.0,1576,0.8794416243654822
dinov2_nat,pcam,1.0,1576,0.8730964467005076
dinov2_nat,pcam,2.0,1576,0.8718274111675127
dinov2_nat,pcam,3.0,1576,0.799492385786802
imagenet_vit,nct,0.0,1800,0.9688888888888889
imagenet_vit,nct,1.0,1800,0.9644444444444444
imagenet_vit,nct,2.0,1800,0.8894444444444445
imagenet_vit,nct,3.0,1800,0.7833333333333333
imagenet_vit,lung,0.0,2839,0.9964776329693554
imagenet_vit,lung,1.0,2839,0.9799225079253259
imagenet_vit,lung,2.0,2839,0.9422331806974287
imagenet_vit,lung,3.0,2839,0.9084184572032405
imagenet_vit,lc_colon,0.0,1905,1.0
imagenet_vit,lc_colon,1.0,1905,0.9994750656167979
imagenet_vit,lc_colon,2.0,1905,0.9989501312335958
imagenet_vit,lc_colon,3.0,1905,0.9637795275590552
imagenet_vit,breakhis,0.0,1865,0.7983914209115281
imagenet_vit,breakhis,1.0,1865,0.7340482573726541
imagenet_vit,breakhis,2.0,1865,0.6638069705093834
imagenet_vit,breakhis,3.0,1865,0.6316353887399464
imagenet_vit,pcam,0.0,1576,0.8807106598984772
imagenet_vit,pcam,1.0,1576,0.8565989847715736
imagenet_vit,pcam,2.0,1576,0.833756345177665
imagenet_vit,pcam,3.0,1576,0.7354060913705583
