x,y,tier,encoders,n,rho,p,lo,hi,n_boot_used
accuracy,maha_auroc,far,all,13,0.46703296703296704,0.10760914039913912,-0.14291819291819294,0.8944358697329835,2000
accuracy,maha_auroc,near_categorical,all,13,0.6428571428571429,0.01779245069237571,0.12675246883600452,0.9222276084949214,2000
accuracy,maha_auroc,near_grading,all,13,0.5989010989010989,0.03055411417293787,-0.019892936838273687,0.887970787200674,2000
accuracy,maha_auroc,blur,all,13,0.0,1.0,-0.7273112480739599,0.6536502761644009,2000
accuracy,maha_auroc,artefact,all,13,0.5989010989010989,0.03055411417293787,0.07543441105255663,0.8491725152114035,2000
accuracy,maha_auroc,all,all,13,0.21978021978021978,0.4706148514721426,-0.5347326100338565,0.7828244812368934,2000
accuracy,maha_auroc,far,pathology,11,0.11818181818181818,0.7292847795197802,-0.5,0.7061900358340074,2000
accuracy,maha_auroc,near_categorical,pathology,11,0.4090909090909091,0.211545010342096,-0.1707657402155417,0.8000236966824643,2000
accuracy,maha_auroc,near_grading,pathology,11,0.3454545454545455,0.29808922090303847,-0.4835680751173709,0.7915422775390879,2000
accuracy,maha_auroc,blur,pathology,11,-0.5545454545454546,0.0766523333397824,-0.9330380518190845,0.1375094122336888,2000
accuracy,maha_auroc,artefact,pathology,11,0.3454545454545455,0.29808922090303847,-0.2857310529845741,0.7009949470106869,2000
accuracy,maha_auroc,all,pathology,11,-0.29090909090909095,0.38545696969136567,-0.8396226415094338,0.5077358490566035,2000
maha_auroc,knn_auroc,far,all,13,0.945054945054945,1.1239312789557576e-06,0.7626781587057011,0.9944444444444442,2000
maha_auroc,knn_auroc,near_categorical,all,13,0.5274725274725275,0.06395489148355478,-0.16677170868347338,0.8920531000515065,2000
maha_auroc,knn_auroc,near_grading,all,13,0.8351648351648352,0.0003802080801851203,0.46218487394957986,0.9830508474576273,2000
maha_auroc,knn_auroc,blur,all,13,0.4725274725274725,0.10298105029992853,-0.18320862676056335,0.862483775377758,2000
maha_auroc,knn_auroc,artefact,all,13,0.7197802197802198,0.005536115775787642,0.1988795518207283,0.9540360501567395,2000
maha_auroc,knn_auroc,all,all,13,0.8186813186813187,0.0006209883849300385,0.42853049529267295,0.9661016949152543,2000
