model,task,quantity,value
lunit,nct,n_fit,5760.0
lunit,nct,n_validation,1440.0
lunit,nct,n_test,1800.0
lunit,nct,tau_ood,652.2750830204176
lunit,nct,tau_conf,0.9958944513950199
lunit,nct,reject_validation,0.050000000000000044
lunit,nct,retain_validation,0.7997076023391813
lunit,nct,reject_id,0.04833333333333334
lunit,nct,reject_far,1.0
lunit,nct,reject_blur_s1.0,0.22
lunit,nct,reject_blur_s2.0,0.9694444444444444
lunit,nct,reject_blur_s3.0,1.0
lunit,nct,accuracy_ungated,0.9883333333333333
lunit,nct,accuracy_novelty_gate,0.989492119089317
lunit,nct,accuracy_both_gates,0.9992841803865425
lunit,nct,coverage_novelty_gate,0.9516666666666667
lunit,nct,coverage_both_gates,0.7761111111111111
lunit,nct_artefact,n_fit,3888.0
lunit,nct_artefact,n_validation,973.0
lunit,nct_artefact,n_test,1215.0
lunit,nct_artefact,tau_ood,558.557541200944
lunit,nct_artefact,tau_conf,0.9966352504922342
lunit,nct_artefact,reject_validation,0.05035971223021585
lunit,nct_artefact,retain_validation,0.7997835497835498
lunit,nct_artefact,reject_id,0.05102880658436215
lunit,nct_artefact,reject_artefact,0.9829059829059829
lunit,nct_artefact,accuracy_ungated,0.9917695473251029
lunit,nct_artefact,accuracy_novelty_gate,0.9921942758022549
lunit,nct_artefact,accuracy_both_gates,1.0
lunit,nct_artefact,coverage_novelty_gate,0.9489711934156378
lunit,nct_artefact,coverage_both_gates,0.7744855967078189
lunit,lung,n_fit,9084.0
lunit,lung,n_validation,2272.0
lunit,lung,n_test,2839.0
lunit,lung,tau_ood,433.3448574518157
lunit,lung,tau_conf,0.9999834200391599
lunit,lung,reject_validation,0.05017605633802813
lunit,lung,retain_validation,0.7998146431881371
lunit,lung,reject_id,0.05600563578724904
lunit,lung,reject_far,1.0
lunit,lung,reject_blur_s1.0,0.9454033110250089
lunit,lung,reject_blur_s2.0,1.0
lunit,lung,reject_blur_s3.0,1.0
lunit,lung,accuracy_ungated,1.0
lunit,lung,accuracy_novelty_gate,1.0
lunit,lung,accuracy_both_gates,1.0
lunit,lung,coverage_novelty_gate,0.943994364212751
lunit,lung,coverage_both_gates,0.7566044381824586
lunit,lc_colon,n_fit,6096.0
lunit,lc_colon,n_validation,1524.0
lunit,lc_colon,n_test,1905.0
lunit,lc_colon,tau_ood,522.2148265195971
lunit,lc_colon,tau_conf,0.999980340141985
lunit,lc_colon,reject_validation,0.05052493438320205
lunit,lc_colon,retain_validation,0.7995853489979268
lunit,lc_colon,reject_id,0.0514435695538058
lunit,lc_colon,reject_far,1.0
lunit,lc_colon,reject_blur_s1.0,0.89501312335958
lunit,lc_colon,reject_blur_s2.0,1.0
lunit,lc_colon,reject_blur_s3.0,1.0
lunit,lc_colon,accuracy_ungated,1.0
lunit,lc_colon,accuracy_novelty_gate,1.0
lunit,lc_colon,accuracy_both_gates,1.0
lunit,lc_colon,coverage_novelty_gate,0.9485564304461942
lunit,lc_colon,coverage_both_gates,0.7695538057742782
lunit,breakhis,n_fit,4763.0
lunit,breakhis,n_validation,1156.0
lunit,breakhis,n_test,1865.0
lunit,breakhis,tau_ood,784.0220828426606
lunit,breakhis,tau_conf,0.6436319749714577
lunit,breakhis,reject_validation,0.05017301038062283
lunit,breakhis,retain_validation,0.7996357012750456
lunit,breakhis,reject_id,0.013404825737265424
lunit,breakhis,reject_far,1.0
lunit,breakhis,reject_blur_s1.0,0.14101876675603217
lunit,breakhis,reject_blur_s2.0,0.6471849865951743
lunit,breakhis,reject_blur_s3.0,1.0
lunit,breakhis,accuracy_ungated,0.8450402144772118
lunit,breakhis,accuracy_novelty_gate,0.845108695652174
lunit,breakhis,accuracy_both_gates,0.9054662379421222
lunit,breakhis,coverage_novelty_gate,0.9865951742627346
lunit,breakhis,coverage_both_gates,0.8337801608579088
lunit,pcam,n_fit,5928.0
lunit,pcam,n_validation,1496.0
lunit,pcam,n_test,1576.0
lunit,pcam,tau_ood,697.6895278055949
lunit,pcam,tau_conf,0.8313139770685916
lunit,pcam,reject_validation,0.050133689839572226
lunit,pcam,retain_validation,0.8001407459535539
lunit,pcam,reject_id,0.05139593908629436
lunit,pcam,reject_far,1.0
lunit,pcam,reject_blur_s1.0,0.5856598984771574
lunit,pcam,reject_blur_s2.0,1.0
lunit,pcam,reject_blur_s3.0,1.0
lunit,pcam,accuracy_ungated,0.8965736040609137
lunit,pcam,accuracy_novelty_gate,0.8936454849498328
lunit,pcam,accuracy_both_gates,0.9575320512820513
lunit,pcam,coverage_novelty_gate,0.9486040609137056
lunit,pcam,coverage_both_gates,0.7918781725888325
lunit,sicap,n_fit,8167.0
lunit,sicap,n_validation,2078.0
lunit,sicap,n_test,1836.0
lunit,sicap,tau_ood,624.9009689639125
lunit,sicap,tau_conf,0.5729668189860242
lunit,sicap,reject_validation,0.05004812319538021
lunit,sicap,retain_validation,0.7998986828774063
lunit,sicap,reject_id,0.07570806100217864
lunit,sicap,reject_far,1.0
lunit,sicap,accuracy_ungated,0.7935729847494554
lunit,sicap,accuracy_novelty_gate,0.7949322333529758
lunit,sicap,accuracy_both_gates,0.8478104809763102
lunit,sicap,coverage_novelty_gate,0.9242919389978214
lunit,sicap,coverage_both_gates,0.7587145969498911
lunit,sicap,qwk_ungated,0.8220733527613903
lunit,sicap,qwk_novelty_gate,0.8205523148597591
lunit,sicap,qwk_both_gates,0.8926765016854631
lunit,panda,n_fit,17350.0
lunit,panda,n_validation,4512.0
lunit,panda,n_test,5213.0
lunit,panda,tau_ood,653.024492536009
lunit,panda,tau_conf,0.24585914839678916
lunit,panda,reject_validation,0.05008865248226946
lunit,panda,retain_validation,0.8000466635557629
lunit,panda,reject_id,0.038173796278534455
lunit,panda,reject_far,1.0
lunit,panda,accuracy_ungated,0.38902743142144636
lunit,panda,accuracy_novelty_gate,0.38911049062624653
lunit,panda,accuracy_both_gates,0.42183683439179287
lunit,panda,coverage_novelty_gate,0.9618262037214655
lunit,panda,coverage_both_gates,0.7853443314789949
lunit,panda,qwk_ungated,0.4829397562992137
lunit,panda,qwk_novelty_gate,0.48359575972025115
lunit,panda,qwk_both_gates,0.5491785226622032
ctranspath,nct,n_fit,5760.0
ctranspath,nct,n_validation,1440.0
ctranspath,nct,n_test,1800.0
ctranspath,nct,tau_ood,1206.339791262366
ctranspath,nct,tau_conf,0.9971772050948849
ctranspath,nct,reject_validation,0.050000000000000044
ctranspath,nct,retain_validation,0.7997076023391813
ctranspath,nct,reject_id,0.04500000000000004
ctranspath,nct,reject_far,1.0
ctranspath,nct,reject_blur_s1.0,0.15722222222222224
ctranspath,nct,reject_blur_s2.0,0.6833333333333333
ctranspath,nct,reject_blur_s3.0,0.9983333333333333
ctranspath,nct,accuracy_ungated,0.9888888888888889
ctranspath,nct,accuracy_novelty_gate,0.9924374636416521
ctranspath,nct,accuracy_both_gates,1.0
ctranspath,nct,coverage_novelty_gate,0.955
ctranspath,nct,coverage_both_gates,0.785
ctranspath,nct_artefact,n_fit,3888.0
ctranspath,nct_artefact,n_validation,973.0
ctranspath,nct_artefact,n_test,1215.0
ctranspath,nct_artefact,tau_ood,1176.8084421429728
ctranspath,nct_artefact,tau_conf,0.9969806423746829
ctranspath,nct_artefact,reject_validation,0.05035971223021585
ctranspath,nct_artefact,retain_validation,0.7997835497835498
ctranspath,nct_artefact,reject_id,0.04855967078189305
ctranspath,nct_artefact,reject_artefact,0.9846153846153847
ctranspath,nct_artefact,accuracy_ungated,0.9917695473251029
ctranspath,nct_artefact,accuracy_novelty_gate,0.9913494809688581
ctranspath,nct_artefact,accuracy_both_gates,1.0
ctranspath,nct_artefact,coverage_novelty_gate,0.951440329218107
ctranspath,nct_artefact,coverage_both_gates,0.7958847736625514
ctranspath,lung,n_fit,9084.0
ctranspath,lung,n_validation,2272.0
ctranspath,lung,n_test,2839.0
ctranspath,lung,tau_ood,948.0364469136925
ctranspath,lung,tau_conf,0.9999923249234411
ctranspath,lung,reject_validation,0.05017605633802813
ctranspath,lung,retain_validation,0.7998146431881371
ctranspath,lung,reject_id,0.057766819302571326
ctranspath,lung,reject_far,1.0
ctranspath,lung,reject_blur_s1.0,0.2874251497005988
ctranspath,lung,reject_blur_s2.0,0.9971821063754843
ctranspath,lung,reject_blur_s3.0,1.0
ctranspath,lung,accuracy_ungated,0.9982388164846777
ctranspath,lung,accuracy_novelty_gate,0.9985046728971962
ctranspath,lung,accuracy_both_gates,1.0
ctranspath,lung,coverage_novelty_gate,0.9422331806974287
ctranspath,lung,coverage_both_gates,0.7418104966537513
ctranspath,lc_colon,n_fit,6096.0
ctranspath,lc_colon,n_validation,1524.0
ctranspath,lc_colon,n_test,1905.0
ctranspath,lc_colon,tau_ood,1195.0315745334296
ctranspath,lc_colon,tau_conf,0.9999939071511387
ctranspath,lc_colon,reject_validation,0.05052493438320205
ctranspath,lc_colon,retain_validation,0.7995853489979268
ctranspath,lc_colon,reject_id,0.04409448818897643
ctranspath,lc_colon,reject_far,1.0
ctranspath,lc_colon,reject_blur_s1.0,0.15485564304461943
ctranspath,lc_colon,reject_blur_s2.0,0.7023622047244095
ctranspath,lc_colon,reject_blur_s3.0,1.0
ctranspath,lc_colon,accuracy_ungated,1.0
ctranspath,lc_colon,accuracy_novelty_gate,1.0
ctranspath,lc_colon,accuracy_both_gates,1.0
ctranspath,lc_colon,coverage_novelty_gate,0.9559055118110236
ctranspath,lc_colon,coverage_both_gates,0.7811023622047244
ctranspath,breakhis,n_fit,4763.0
ctranspath,breakhis,n_validation,1156.0
ctranspath,breakhis,n_test,1865.0
ctranspath,breakhis,tau_ood,1577.6307949165941
ctranspath,breakhis,tau_conf,0.7065908659655135
ctranspath,breakhis,reject_validation,0.05017301038062283
ctranspath,breakhis,retain_validation,0.7996357012750456
ctranspath,breakhis,reject_id,0.05790884718498657
ctranspath,breakhis,reject_far,0.9978865797816132
ctranspath,breakhis,reject_blur_s1.0,0.09168900804289544
ctranspath,breakhis,reject_blur_s2.0,0.4101876675603217
ctranspath,breakhis,reject_blur_s3.0,0.9967828418230563
ctranspath,breakhis,accuracy_ungated,0.8975871313672922
ctranspath,breakhis,accuracy_novelty_gate,0.9038133181559477
ctranspath,breakhis,accuracy_both_gates,0.9456740442655935
ctranspath,breakhis,coverage_novelty_gate,0.9420911528150134
ctranspath,breakhis,coverage_both_gates,0.7994638069705093
ctranspath,pcam,n_fit,5928.0
ctranspath,pcam,n_validation,1496.0
ctranspath,pcam,n_test,1576.0
ctranspath,pcam,tau_ood,1469.2496906440713
ctranspath,pcam,tau_conf,0.8004610967586966
ctranspath,pcam,reject_validation,0.050133689839572226
ctranspath,pcam,retain_validation,0.8001407459535539
ctranspath,pcam,reject_id,0.03934010152284262
ctranspath,pcam,reject_far,1.0
ctranspath,pcam,reject_blur_s1.0,0.35596446700507617
ctranspath,pcam,reject_blur_s2.0,0.975253807106599
ctranspath,pcam,reject_blur_s3.0,1.0
ctranspath,pcam,accuracy_ungated,0.883248730964467
ctranspath,pcam,accuracy_novelty_gate,0.8797886393659181
ctranspath,pcam,accuracy_both_gates,0.9484029484029484
ctranspath,pcam,coverage_novelty_gate,0.9606598984771574
ctranspath,pcam,coverage_both_gates,0.774746192893401
ctranspath,sicap,n_fit,8167.0
ctranspath,sicap,n_validation,2078.0
ctranspath,sicap,n_test,1836.0
ctranspath,sicap,tau_ood,1641.430959048985
ctranspath,sicap,tau_conf,0.6152856592836001
ctranspath,sicap,reject_validation,0.05004812319538021
ctranspath,sicap,retain_validation,0.7998986828774063
ctranspath,sicap,reject_id,0.07625272331154687
ctranspath,sicap,reject_far,1.0
ctranspath,sicap,accuracy_ungated,0.789760348583878
ctranspath,sicap,accuracy_novelty_gate,0.7883254716981132
ctranspath,sicap,accuracy_both_gates,0.8616305160807779
ctranspath,sicap,coverage_novelty_gate,0.9237472766884531
ctranspath,sicap,coverage_both_gates,0.7282135076252724
ctranspath,sicap,qwk_ungated,0.837278212772071
ctranspath,sicap,qwk_novelty_gate,0.8369967481996808
ctranspath,sicap,qwk_both_gates,0.9093391789213185
ctranspath,panda,n_fit,17350.0
ctranspath,panda,n_validation,4512.0
ctranspath,panda,n_test,5213.0
ctranspath,panda,tau_ood,1387.9395178176449
ctranspath,panda,tau_conf,0.2556300459982494
ctranspath,panda,reject_validation,0.05008865248226946
ctranspath,panda,retain_validation,0.8000466635557629
ctranspath,panda,reject_id,0.04853251486667942
ctranspath,panda,reject_far,1.0
ctranspath,panda,accuracy_ungated,0.38001150968732017
ctranspath,panda,accuracy_novelty_gate,0.37661290322580643
ctranspath,panda,accuracy_both_gates,0.413716814159292
ctranspath,panda,coverage_novelty_gate,0.9514674851333206
ctranspath,panda,coverage_both_gates,0.780356800306925
ctranspath,panda,qwk_ungated,0.4527198655875663
ctranspath,panda,qwk_novelty_gate,0.44547988394625015
ctranspath,panda,qwk_both_gates,0.5115193651579029
conch,nct,n_fit,5760.0
conch,nct,n_validation,1440.0
conch,nct,n_test,1800.0
conch,nct,tau_ood,647.9318424297858
conch,nct,tau_conf,0.99392874762135
conch,nct,reject_validation,0.050000000000000044
conch,nct,retain_validation,0.7997076023391813
conch,nct,reject_id,0.0461111111111111
conch,nct,reject_far,0.9994638069705094
conch,nct,reject_blur_s1.0,0.10944444444444444
conch,nct,reject_blur_s2.0,0.7838888888888889
conch,nct,reject_blur_s3.0,0.9327777777777778
conch,nct,accuracy_ungated,0.9827777777777778
conch,nct,accuracy_novelty_gate,0.9854397204426325
conch,nct,accuracy_both_gates,0.9978617248752673
conch,nct,coverage_novelty_gate,0.9538888888888889
conch,nct,coverage_both_gates,0.7794444444444445
conch,nct_artefact,n_fit,3888.0
conch,nct_artefact,n_validation,973.0
conch,nct_artefact,n_test,1215.0
conch,nct_artefact,tau_ood,572.5572696143189
conch,nct_artefact,tau_conf,0.9955937902391644
conch,nct_artefact,reject_validation,0.05035971223021585
conch,nct_artefact,retain_validation,0.7997835497835498
conch,nct_artefact,reject_id,0.05679012345679013
conch,nct_artefact,reject_artefact,0.9811965811965812
conch,nct_artefact,accuracy_ungated,0.9835390946502057
conch,nct_artefact,accuracy_novelty_gate,0.9869109947643979
conch,nct_artefact,accuracy_both_gates,0.9989235737351991
conch,nct_artefact,coverage_novelty_gate,0.9432098765432099
conch,nct_artefact,coverage_both_gates,0.7646090534979424
conch,lung,n_fit,9084.0
conch,lung,n_validation,2272.0
conch,lung,n_test,2839.0
conch,lung,tau_ood,574.7630810553163
conch,lung,tau_conf,0.999994246463353
conch,lung,reject_validation,0.05017605633802813
conch,lung,retain_validation,0.7998146431881371
conch,lung,reject_id,0.05248326875660447
conch,lung,reject_far,1.0
conch,lung,reject_blur_s1.0,0.9429376541035576
conch,lung,reject_blur_s2.0,1.0
conch,lung,reject_blur_s3.0,1.0
conch,lung,accuracy_ungated,0.9975343430785488
conch,lung,accuracy_novelty_gate,0.9981412639405205
conch,lung,accuracy_both_gates,1.0
conch,lung,coverage_novelty_gate,0.9475167312433955
conch,lung,coverage_both_gates,0.7611835153222966
conch,lc_colon,n_fit,6096.0
conch,lc_colon,n_validation,1524.0
conch,lc_colon,n_test,1905.0
conch,lc_colon,tau_ood,557.4466300444406
conch,lc_colon,tau_conf,0.9999906891109154
conch,lc_colon,reject_validation,0.05052493438320205
conch,lc_colon,retain_validation,0.7995853489979268
conch,lc_colon,reject_id,0.04986876640419946
conch,lc_colon,reject_far,1.0
conch,lc_colon,reject_blur_s1.0,1.0
conch,lc_colon,reject_blur_s2.0,1.0
conch,lc_colon,reject_blur_s3.0,1.0
conch,lc_colon,accuracy_ungated,1.0
conch,lc_colon,accuracy_novelty_gate,1.0
conch,lc_colon,accuracy_both_gates,1.0
conch,lc_colon,coverage_novelty_gate,0.9501312335958005
conch,lc_colon,coverage_both_gates,0.7763779527559055
conch,breakhis,n_fit,4763.0
conch,breakhis,n_validation,1156.0
conch,breakhis,n_test,1865.0
conch,breakhis,tau_ood,638.2500547232685
conch,breakhis,tau_conf,0.7179977224776614
conch,breakhis,reject_validation,0.05017301038062283
conch,breakhis,retain_validation,0.7996357012750456
conch,breakhis,reject_id,0.07721179624664876
conch,breakhis,reject_far,0.8393800634026065
conch,breakhis,reject_blur_s1.0,0.13083109919571045
conch,breakhis,reject_blur_s2.0,0.8455764075067024
conch,breakhis,reject_blur_s3.0,1.0
conch,breakhis,accuracy_ungated,0.8214477211796246
conch,breakhis,accuracy_novelty_gate,0.8407902382335851
conch,breakhis,accuracy_both_gates,0.8789546079779917
conch,breakhis,coverage_novelty_gate,0.9227882037533512
conch,breakhis,coverage_both_gates,0.7796246648793566
conch,pcam,n_fit,5928.0
conch,pcam,n_validation,1496.0
conch,pcam,n_test,1576.0
conch,pcam,tau_ood,787.6252897782887
conch,pcam,tau_conf,0.8417650695928695
conch,pcam,reject_validation,0.050133689839572226
conch,pcam,retain_validation,0.8001407459535539
conch,pcam,reject_id,0.05456852791878175
conch,pcam,reject_far,0.9866666666666667
conch,pcam,reject_blur_s1.0,0.11357868020304568
conch,pcam,reject_blur_s2.0,0.899746192893401
conch,pcam,reject_blur_s3.0,1.0
conch,pcam,accuracy_ungated,0.9060913705583756
conch,pcam,accuracy_novelty_gate,0.9020134228187919
conch,pcam,accuracy_both_gates,0.9533932951757972
conch,pcam,coverage_novelty_gate,0.9454314720812182
conch,pcam,coverage_both_gates,0.7760152284263959
conch,sicap,n_fit,8167.0
conch,sicap,n_validation,2078.0
conch,sicap,n_test,1836.0
conch,sicap,tau_ood,951.1170533096434
conch,sicap,tau_conf,0.6677775122897889
conch,sicap,reject_validation,0.05004812319538021
conch,sicap,retain_validation,0.7998986828774063
conch,sicap,reject_id,0.0724400871459695
conch,sicap,reject_far,1.0
conch,sicap,accuracy_ungated,0.8224400871459695
conch,sicap,accuracy_novelty_gate,0.8209042865531415
conch,sicap,accuracy_both_gates,0.8747315676449535
conch,sicap,coverage_novelty_gate,0.9275599128540305
conch,sicap,coverage_both_gates,0.7608932461873639
conch,sicap,qwk_ungated,0.8751728948919332
conch,sicap,qwk_novelty_gate,0.8688681780105264
conch,sicap,qwk_both_gates,0.9146944791483078
conch,panda,n_fit,17350.0
conch,panda,n_validation,4512.0
conch,panda,n_test,5213.0
conch,panda,tau_ood,896.5562802120821
conch,panda,tau_conf,0.24557303605178585
conch,panda,reject_validation,0.05008865248226946
conch,panda,retain_validation,0.8000466635557629
conch,panda,reject_id,0.043736811816612264
conch,panda,reject_far,1.0
conch,panda,accuracy_ungated,0.3554575100709764
conch,panda,accuracy_novelty_gate,0.354062186559679
conch,panda,accuracy_both_gates,0.37915958222006313
conch,panda,coverage_novelty_gate,0.9562631881833877
conch,panda,coverage_both_gates,0.7897563782850566
conch,panda,qwk_ungated,0.44521238434741206
conch,panda,qwk_novelty_gate,0.4442224011453332
conch,panda,qwk_both_gates,0.499899037829189
hibou_b,nct,n_fit,5760.0
hibou_b,nct,n_validation,1440.0
hibou_b,nct,n_test,1800.0
hibou_b,nct,tau_ood,1464.9880752315776
hibou_b,nct,tau_conf,0.9976055172509101
hibou_b,nct,reject_validation,0.050000000000000044
hibou_b,nct,retain_validation,0.7997076023391813
hibou_b,nct,reject_id,0.05666666666666664
hibou_b,nct,reject_far,1.0
hibou_b,nct,reject_blur_s1.0,0.07722222222222222
hibou_b,nct,reject_blur_s2.0,0.7261111111111112
hibou_b,nct,reject_blur_s3.0,1.0
hibou_b,nct,accuracy_ungated,0.99
hibou_b,nct,accuracy_novelty_gate,0.9923439340400471
hibou_b,nct,accuracy_both_gates,0.9992690058479532
hibou_b,nct,coverage_novelty_gate,0.9433333333333334
hibou_b,nct,coverage_both_gates,0.76
hibou_b,nct_artefact,n_fit,3888.0
hibou_b,nct_artefact,n_validation,973.0
hibou_b,nct_artefact,n_test,1215.0
hibou_b,nct_artefact,tau_ood,1432.397758129721
hibou_b,nct_artefact,tau_conf,0.9973157192400524
hibou_b,nct_artefact,reject_validation,0.05035971223021585
hibou_b,nct_artefact,retain_validation,0.7997835497835498
hibou_b,nct_artefact,reject_id,0.06090534979423867
hibou_b,nct_artefact,reject_artefact,0.9811965811965812
hibou_b,nct_artefact,accuracy_ungated,0.994238683127572
hibou_b,nct_artefact,accuracy_novelty_gate,0.9964943032427696
hibou_b,nct_artefact,accuracy_both_gates,1.0
hibou_b,nct_artefact,coverage_novelty_gate,0.9390946502057613
hibou_b,nct_artefact,coverage_both_gates,0.7596707818930041
hibou_b,lung,n_fit,9084.0
hibou_b,lung,n_validation,2272.0
hibou_b,lung,n_test,2839.0
hibou_b,lung,tau_ood,1076.6436906709193
hibou_b,lung,tau_conf,0.9999766387162121
hibou_b,lung,reject_validation,0.05017605633802813
hibou_b,lung,retain_validation,0.7998146431881371
hibou_b,lung,reject_id,0.06586826347305386
hibou_b,lung,reject_far,1.0
hibou_b,lung,reject_blur_s1.0,0.2884818598097922
hibou_b,lung,reject_blur_s2.0,1.0
hibou_b,lung,reject_blur_s3.0,1.0
hibou_b,lung,accuracy_ungated,1.0
hibou_b,lung,accuracy_novelty_gate,1.0
hibou_b,lung,accuracy_both_gates,1.0
hibou_b,lung,coverage_novelty_gate,0.9341317365269461
hibou_b,lung,coverage_both_gates,0.744628390278267
hibou_b,lc_colon,n_fit,6096.0
hibou_b,lc_colon,n_validation,1524.0
hibou_b,lc_colon,n_test,1905.0
hibou_b,lc_colon,tau_ood,1154.0806458793495
hibou_b,lc_colon,tau_conf,0.9999810857342853
hibou_b,lc_colon,reject_validation,0.05052493438320205
hibou_b,lc_colon,retain_validation,0.7995853489979268
hibou_b,lc_colon,reject_id,0.050393700787401574
hibou_b,lc_colon,reject_far,1.0
hibou_b,lc_colon,reject_blur_s1.0,0.3926509186351706
hibou_b,lc_colon,reject_blur_s2.0,1.0
hibou_b,lc_colon,reject_blur_s3.0,1.0
hibou_b,lc_colon,accuracy_ungated,1.0
hibou_b,lc_colon,accuracy_novelty_gate,1.0
hibou_b,lc_colon,accuracy_both_gates,1.0
hibou_b,lc_colon,coverage_novelty_gate,0.9496062992125984
hibou_b,lc_colon,coverage_both_gates,0.7548556430446194
hibou_b,breakhis,n_fit,4763.0
hibou_b,breakhis,n_validation,1156.0
hibou_b,breakhis,n_test,1865.0
hibou_b,breakhis,tau_ood,1820.7521865645322
hibou_b,breakhis,tau_conf,0.6758692714268698
hibou_b,breakhis,reject_validation,0.05017301038062283
hibou_b,breakhis,retain_validation,0.7996357012750456
hibou_b,breakhis,reject_id,0.04289544235924936
hibou_b,breakhis,reject_far,0.9735822472701655
hibou_b,breakhis,reject_blur_s1.0,0.048793565683646116
hibou_b,breakhis,reject_blur_s2.0,0.7597855227882038
hibou_b,breakhis,reject_blur_s3.0,1.0
hibou_b,breakhis,accuracy_ungated,0.8697050938337801
hibou_b,breakhis,accuracy_novelty_gate,0.8761904761904762
hibou_b,breakhis,accuracy_both_gates,0.9327115256495669
hibou_b,breakhis,coverage_novelty_gate,0.9571045576407506
hibou_b,breakhis,coverage_both_gates,0.8048257372654155
hibou_b,pcam,n_fit,5928.0
hibou_b,pcam,n_validation,1496.0
hibou_b,pcam,n_test,1576.0
hibou_b,pcam,tau_ood,1632.152593996793
hibou_b,pcam,tau_conf,0.8549487173519923
hibou_b,pcam,reject_validation,0.050133689839572226
hibou_b,pcam,retain_validation,0.8001407459535539
hibou_b,pcam,reject_id,0.05520304568527923
hibou_b,pcam,reject_far,1.0
hibou_b,pcam,reject_blur_s1.0,0.11104060913705584
hibou_b,pcam,reject_blur_s2.0,0.8026649746192893
hibou_b,pcam,reject_blur_s3.0,1.0
hibou_b,pcam,accuracy_ungated,0.9181472081218274
hibou_b,pcam,accuracy_novelty_gate,0.9133646742780389
hibou_b,pcam,accuracy_both_gates,0.9751655629139073
hibou_b,pcam,coverage_novelty_gate,0.9447969543147208
hibou_b,pcam,coverage_both_gates,0.766497461928934
hibou_b,sicap,n_fit,8167.0
hibou_b,sicap,n_validation,2078.0
hibou_b,sicap,n_test,1836.0
hibou_b,sicap,tau_ood,1746.3505069733972
hibou_b,sicap,tau_conf,0.634168488948954
hibou_b,sicap,reject_validation,0.05004812319538021
hibou_b,sicap,retain_validation,0.7998986828774063
hibou_b,sicap,reject_id,0.05446623093681913
hibou_b,sicap,reject_far,1.0
hibou_b,sicap,accuracy_ungated,0.7941176470588235
hibou_b,sicap,accuracy_novelty_gate,0.798963133640553
hibou_b,sicap,accuracy_both_gates,0.856325947105075
hibou_b,sicap,coverage_novelty_gate,0.9455337690631809
hibou_b,sicap,coverage_both_gates,0.7619825708061002
hibou_b,sicap,qwk_ungated,0.8437006177273381
hibou_b,sicap,qwk_novelty_gate,0.8492066745005875
hibou_b,sicap,qwk_both_gates,0.9043658209741094
hibou_b,panda,n_fit,17350.0
hibou_b,panda,n_validation,4512.0
hibou_b,panda,n_test,5213.0
hibou_b,panda,tau_ood,1743.9639828044224
hibou_b,panda,tau_conf,0.26393413758850687
hibou_b,panda,reject_validation,0.05008865248226946
hibou_b,panda,retain_validation,0.8000466635557629
hibou_b,panda,reject_id,0.03951659313255318
hibou_b,panda,reject_far,1.0
hibou_b,panda,accuracy_ungated,0.3832725877613658
hibou_b,panda,accuracy_novelty_gate,0.38566007589374873
hibou_b,panda,accuracy_both_gates,0.423500611995104
hibou_b,panda,coverage_novelty_gate,0.9604834068674468
hibou_b,panda,coverage_both_gates,0.7836178783809706
hibou_b,panda,qwk_ungated,0.45152035044536076
hibou_b,panda,qwk_novelty_gate,0.4578561785265096
hibou_b,panda,qwk_both_gates,0.531144209426655
phikon,nct,n_fit,5760.0
phikon,nct,n_validation,1440.0
phikon,nct,n_test,1800.0
phikon,nct,tau_ood,1474.293964114201
phikon,nct,tau_conf,0.9997961154053205
phikon,nct,reject_validation,0.050000000000000044
phikon,nct,retain_validation,0.7997076023391813
phikon,nct,reject_id,0.05111111111111111
phikon,nct,reject_far,1.0
phikon,nct,reject_blur_s1.0,0.12944444444444445
phikon,nct,reject_blur_s2.0,0.5316666666666666
phikon,nct,reject_blur_s3.0,0.9122222222222223
phikon,nct,accuracy_ungated,0.9938888888888889
phikon,nct,accuracy_novelty_gate,0.9964871194379391
phikon,nct,accuracy_both_gates,0.9992805755395684
phikon,nct,coverage_novelty_gate,0.9488888888888889
phikon,nct,coverage_both_gates,0.7722222222222223
phikon,nct_artefact,n_fit,3888.0
phikon,nct_artefact,n_validation,973.0
phikon,nct_artefact,n_test,1215.0
phikon,nct_artefact,tau_ood,1537.8982647723867
phikon,nct_artefact,tau_conf,0.9998148830995518
phikon,nct_artefact,reject_validation,0.05035971223021585
phikon,nct_artefact,retain_validation,0.7997835497835498
phikon,nct_artefact,reject_id,0.04691358024691361
phikon,nct_artefact,reject_artefact,0.9982905982905983
phikon,nct_artefact,accuracy_ungated,0.994238683127572
phikon,nct_artefact,accuracy_novelty_gate,0.9956822107081175
phikon,nct_artefact,accuracy_both_gates,1.0
phikon,nct_artefact,coverage_novelty_gate,0.9530864197530864
phikon,nct_artefact,coverage_both_gates,0.7917695473251029
phikon,lung,n_fit,9084.0
phikon,lung,n_validation,2272.0
phikon,lung,n_test,2839.0
phikon,lung,tau_ood,1081.9371452443945
phikon,lung,tau_conf,0.9999894925708469
phikon,lung,reject_validation,0.05017605633802813
phikon,lung,retain_validation,0.7998146431881371
phikon,lung,reject_id,0.05671010919337793
phikon,lung,reject_far,1.0
phikon,lung,reject_blur_s1.0,0.43325114476928495
phikon,lung,reject_blur_s2.0,1.0
phikon,lung,reject_blur_s3.0,1.0
phikon,lung,accuracy_ungated,1.0
phikon,lung,accuracy_novelty_gate,1.0
phikon,lung,accuracy_both_gates,1.0
phikon,lung,coverage_novelty_gate,0.9432898908066221
phikon,lung,coverage_both_gates,0.7499119408242338
phikon,lc_colon,n_fit,6096.0
phikon,lc_colon,n_validation,1524.0
phikon,lc_colon,n_test,1905.0
phikon,lc_colon,tau_ood,1360.6463938258655
phikon,lc_colon,tau_conf,0.999988470355523
phikon,lc_colon,reject_validation,0.05052493438320205
phikon,lc_colon,retain_validation,0.7995853489979268
phikon,lc_colon,reject_id,0.05721784776902883
phikon,lc_colon,reject_far,1.0
phikon,lc_colon,reject_blur_s1.0,0.32755905511811023
phikon,lc_colon,reject_blur_s2.0,1.0
phikon,lc_colon,reject_blur_s3.0,1.0
phikon,lc_colon,accuracy_ungated,1.0
phikon,lc_colon,accuracy_novelty_gate,1.0
phikon,lc_colon,accuracy_both_gates,1.0
phikon,lc_colon,coverage_novelty_gate,0.9427821522309712
phikon,lc_colon,coverage_both_gates,0.773753280839895
phikon,breakhis,n_fit,4763.0
phikon,breakhis,n_validation,1156.0
phikon,breakhis,n_test,1865.0
phikon,breakhis,tau_ood,1878.1445060591
phikon,breakhis,tau_conf,0.7361907070232265
phikon,breakhis,reject_validation,0.05017301038062283
phikon,breakhis,retain_validation,0.7996357012750456
phikon,breakhis,reject_id,0.032707774798927614
phikon,breakhis,reject_far,1.0
phikon,breakhis,reject_blur_s1.0,0.08203753351206435
phikon,breakhis,reject_blur_s2.0,0.360857908847185
phikon,breakhis,reject_blur_s3.0,1.0
phikon,breakhis,accuracy_ungated,0.8927613941018767
phikon,breakhis,accuracy_novelty_gate,0.897450110864745
phikon,breakhis,accuracy_both_gates,0.937381404174573
phikon,breakhis,coverage_novelty_gate,0.9672922252010724
phikon,breakhis,coverage_both_gates,0.8477211796246649
phikon,pcam,n_fit,5928.0
phikon,pcam,n_validation,1496.0
phikon,pcam,n_test,1576.0
phikon,pcam,tau_ood,1939.185470336617
phikon,pcam,tau_conf,0.8510213931800439
phikon,pcam,reject_validation,0.050133689839572226
phikon,pcam,retain_validation,0.8001407459535539
phikon,pcam,reject_id,0.05266497461928932
phikon,pcam,reject_far,0.9972222222222222
phikon,pcam,reject_blur_s1.0,0.17449238578680204
phikon,pcam,reject_blur_s2.0,0.8318527918781726
phikon,pcam,reject_blur_s3.0,0.9993654822335025
phikon,pcam,accuracy_ungated,0.9200507614213198
phikon,pcam,accuracy_novelty_gate,0.9156061620897522
phikon,pcam,accuracy_both_gates,0.9691056910569106
phikon,pcam,coverage_novelty_gate,0.9473350253807107
phikon,pcam,coverage_both_gates,0.7804568527918782
phikon,sicap,n_fit,8167.0
phikon,sicap,n_validation,2078.0
phikon,sicap,n_test,1836.0
phikon,sicap,tau_ood,2477.7466921600844
phikon,sicap,tau_conf,0.5883882924481332
phikon,sicap,reject_validation,0.05004812319538021
phikon,sicap,retain_validation,0.7998986828774063
phikon,sicap,reject_id,0.034858387799564294
phikon,sicap,reject_far,1.0
phikon,sicap,accuracy_ungated,0.735838779956427
phikon,sicap,accuracy_novelty_gate,0.7347629796839729
phikon,sicap,accuracy_both_gates,0.8010130246020261
phikon,sicap,coverage_novelty_gate,0.9651416122004357
phikon,sicap,coverage_both_gates,0.7527233115468409
phikon,sicap,qwk_ungated,0.7803633468442386
phikon,sicap,qwk_novelty_gate,0.7861794846897443
phikon,sicap,qwk_both_gates,0.8593292738768199
phikon,panda,n_fit,17350.0
phikon,panda,n_validation,4512.0
phikon,panda,n_test,5213.0
phikon,panda,tau_ood,1633.048533655154
phikon,panda,tau_conf,0.2620892186500553
phikon,panda,reject_validation,0.05008865248226946
phikon,panda,retain_validation,0.8000466635557629
phikon,panda,reject_id,0.032227124496451154
phikon,panda,reject_far,1.0
phikon,panda,accuracy_ungated,0.38135430654133895
phikon,panda,accuracy_novelty_gate,0.3815659068384539
phikon,panda,accuracy_both_gates,0.4146579011443876
phikon,panda,coverage_novelty_gate,0.9677728755035488
phikon,panda,coverage_both_gates,0.7878380970650297
phikon,panda,qwk_ungated,0.4707793198583714
phikon,panda,qwk_novelty_gate,0.474911472735999
phikon,panda,qwk_both_gates,0.5316618669159098
phikon_v2,nct,n_fit,5760.0
phikon_v2,nct,n_validation,1440.0
phikon_v2,nct,n_test,1800.0
phikon_v2,nct,tau_ood,2218.6594286522322
phikon_v2,nct,tau_conf,0.9998382538794903
phikon_v2,nct,reject_validation,0.050000000000000044
phikon_v2,nct,retain_validation,0.7997076023391813
phikon_v2,nct,reject_id,0.05944444444444441
phikon_v2,nct,reject_far,1.0
phikon_v2,nct,reject_blur_s1.0,0.11833333333333333
phikon_v2,nct,reject_blur_s2.0,0.43277777777777776
phikon_v2,nct,reject_blur_s3.0,0.9827777777777778
phikon_v2,nct,accuracy_ungated,0.9927777777777778
phikon_v2,nct,accuracy_novelty_gate,0.9952746603662138
phikon_v2,nct,accuracy_both_gates,0.9992663242846662
phikon_v2,nct,coverage_novelty_gate,0.9405555555555556
phikon_v2,nct,coverage_both_gates,0.7572222222222222
phikon_v2,nct_artefact,n_fit,3888.0
phikon_v2,nct_artefact,n_validation,973.0
phikon_v2,nct_artefact,n_test,1215.0
phikon_v2,nct_artefact,tau_ood,2633.562086417563
phikon_v2,nct_artefact,tau_conf,0.9998470900169826
phikon_v2,nct_artefact,reject_validation,0.05035971223021585
phikon_v2,nct_artefact,retain_validation,0.7997835497835498
phikon_v2,nct_artefact,reject_id,0.03703703703703709
phikon_v2,nct_artefact,reject_artefact,0.9418803418803419
phikon_v2,nct_artefact,accuracy_ungated,0.9958847736625515
phikon_v2,nct_artefact,accuracy_novelty_gate,0.9957264957264957
phikon_v2,nct_artefact,accuracy_both_gates,1.0
phikon_v2,nct_artefact,coverage_novelty_gate,0.9629629629629629
phikon_v2,nct_artefact,coverage_both_gates,0.7637860082304527
phikon_v2,lung,n_fit,9084.0
phikon_v2,lung,n_validation,2272.0
phikon_v2,lung,n_test,2839.0
phikon_v2,lung,tau_ood,1648.8858481416967
phikon_v2,lung,tau_conf,0.999988674796775
phikon_v2,lung,reject_validation,0.05017605633802813
phikon_v2,lung,retain_validation,0.7998146431881371
phikon_v2,lung,reject_id,0.05424445227192676
phikon_v2,lung,reject_far,1.0
phikon_v2,lung,reject_blur_s1.0,0.8721380767876012
phikon_v2,lung,reject_blur_s2.0,0.9996477632969355
phikon_v2,lung,reject_blur_s3.0,1.0
phikon_v2,lung,accuracy_ungated,0.9996477632969355
phikon_v2,lung,accuracy_novelty_gate,0.9996275605214152
phikon_v2,lung,accuracy_both_gates,1.0
phikon_v2,lung,coverage_novelty_gate,0.9457555477280732
phikon_v2,lung,coverage_both_gates,0.7435716801690736
phikon_v2,lc_colon,n_fit,6096.0
phikon_v2,lc_colon,n_validation,1524.0
phikon_v2,lc_colon,n_test,1905.0
phikon_v2,lc_colon,tau_ood,1877.2397486387097
phikon_v2,lc_colon,tau_conf,0.9999840440058058
phikon_v2,lc_colon,reject_validation,0.05052493438320205
phikon_v2,lc_colon,retain_validation,0.7995853489979268
phikon_v2,lc_colon,reject_id,0.04671916010498689
phikon_v2,lc_colon,reject_far,1.0
phikon_v2,lc_colon,reject_blur_s1.0,0.4388451443569554
phikon_v2,lc_colon,reject_blur_s2.0,0.9937007874015747
phikon_v2,lc_colon,reject_blur_s3.0,1.0
phikon_v2,lc_colon,accuracy_ungated,1.0
phikon_v2,lc_colon,accuracy_novelty_gate,1.0
phikon_v2,lc_colon,accuracy_both_gates,1.0
phikon_v2,lc_colon,coverage_novelty_gate,0.9532808398950131
phikon_v2,lc_colon,coverage_both_gates,0.7711286089238845
phikon_v2,breakhis,n_fit,4763.0
phikon_v2,breakhis,n_validation,1156.0
phikon_v2,breakhis,n_test,1865.0
phikon_v2,breakhis,tau_ood,2795.202949038429
phikon_v2,breakhis,tau_conf,0.7355466038166291
phikon_v2,breakhis,reject_validation,0.05017301038062283
phikon_v2,breakhis,retain_validation,0.7996357012750456
phikon_v2,breakhis,reject_id,0.0353887399463807
phikon_v2,breakhis,reject_far,1.0
phikon_v2,breakhis,reject_blur_s1.0,0.05522788203753351
phikon_v2,breakhis,reject_blur_s2.0,0.135656836461126
phikon_v2,breakhis,reject_blur_s3.0,0.9764075067024128
phikon_v2,breakhis,accuracy_ungated,0.9045576407506702
phikon_v2,breakhis,accuracy_novelty_gate,0.9038354641467482
phikon_v2,breakhis,accuracy_both_gates,0.9367167919799498
phikon_v2,breakhis,coverage_novelty_gate,0.9646112600536193
phikon_v2,breakhis,coverage_both_gates,0.8557640750670241
phikon_v2,pcam,n_fit,5928.0
phikon_v2,pcam,n_validation,1496.0
phikon_v2,pcam,n_test,1576.0
phikon_v2,pcam,tau_ood,3003.283059378172
phikon_v2,pcam,tau_conf,0.8207910145557589
phikon_v2,pcam,reject_validation,0.050133689839572226
phikon_v2,pcam,retain_validation,0.8001407459535539
phikon_v2,pcam,reject_id,0.034898477157360386
phikon_v2,pcam,reject_far,1.0
phikon_v2,pcam,reject_blur_s1.0,0.23413705583756345
phikon_v2,pcam,reject_blur_s2.0,0.7963197969543148
phikon_v2,pcam,reject_blur_s3.0,1.0
phikon_v2,pcam,accuracy_ungated,0.9251269035532995
phikon_v2,pcam,accuracy_novelty_gate,0.9224194608809994
phikon_v2,pcam,accuracy_both_gates,0.9750201450443191
phikon_v2,pcam,coverage_novelty_gate,0.9651015228426396
phikon_v2,pcam,coverage_both_gates,0.7874365482233503
phikon_v2,sicap,n_fit,8167.0
phikon_v2,sicap,n_validation,2078.0
phikon_v2,sicap,n_test,1836.0
phikon_v2,sicap,tau_ood,3196.370360672356
phikon_v2,sicap,tau_conf,0.5890098028247724
phikon_v2,sicap,reject_validation,0.05004812319538021
phikon_v2,sicap,retain_validation,0.7998986828774063
phikon_v2,sicap,reject_id,0.034858387799564294
phikon_v2,sicap,reject_far,1.0
phikon_v2,sicap,accuracy_ungated,0.7374727668845316
phikon_v2,sicap,accuracy_novelty_gate,0.7336343115124153
phikon_v2,sicap,accuracy_both_gates,0.7947955390334572
phikon_v2,sicap,coverage_novelty_gate,0.9651416122004357
phikon_v2,sicap,coverage_both_gates,0.7325708061002179
phikon_v2,sicap,qwk_ungated,0.7720460331540083
phikon_v2,sicap,qwk_novelty_gate,0.776175365196426
phikon_v2,sicap,qwk_both_gates,0.8648765791428568
phikon_v2,panda,n_fit,17350.0
phikon_v2,panda,n_validation,4512.0
phikon_v2,panda,n_test,5213.0
phikon_v2,panda,tau_ood,2093.432768483581
phikon_v2,panda,tau_conf,0.26493033882794875
phikon_v2,panda,reject_validation,0.05008865248226946
phikon_v2,panda,retain_validation,0.8000466635557629
phikon_v2,panda,reject_id,0.03740648379052369
phikon_v2,panda,reject_far,1.0
phikon_v2,panda,accuracy_ungated,0.3790523690773067
phikon_v2,panda,accuracy_novelty_gate,0.37664408130729377
phikon_v2,panda,accuracy_both_gates,0.41239629087359686
phikon_v2,panda,coverage_novelty_gate,0.9625935162094763
phikon_v2,panda,coverage_both_gates,0.7861116439670056
phikon_v2,panda,qwk_ungated,0.44267791370177856
phikon_v2,panda,qwk_novelty_gate,0.45228624256573435
phikon_v2,panda,qwk_both_gates,0.5210855887844835
hibou_l,nct,n_fit,5760.0
hibou_l,nct,n_validation,1440.0
hibou_l,nct,n_test,1800.0
hibou_l,nct,tau_ood,3836.1451752605767
hibou_l,nct,tau_conf,0.9962781078820566
hibou_l,nct,reject_validation,0.050000000000000044
hibou_l,nct,retain_validation,0.7997076023391813
hibou_l,nct,reject_id,0.043888888888888866
hibou_l,nct,reject_far,0.9994638069705094
hibou_l,nct,reject_blur_s1.0,0.07111111111111111
hibou_l,nct,reject_blur_s2.0,0.25166666666666665
hibou_l,nct,reject_blur_s3.0,1.0
hibou_l,nct,accuracy_ungated,0.9916666666666667
hibou_l,nct,accuracy_novelty_gate,0.9918651946542708
hibou_l,nct,accuracy_both_gates,0.9985775248933144
hibou_l,nct,coverage_novelty_gate,0.9561111111111111
hibou_l,nct,coverage_both_gates,0.7811111111111111
hibou_l,nct_artefact,n_fit,3888.0
hibou_l,nct_artefact,n_validation,973.0
hibou_l,nct_artefact,n_test,1215.0
hibou_l,nct_artefact,tau_ood,4030.8030386592377
hibou_l,nct_artefact,tau_conf,0.9969837271299877
hibou_l,nct_artefact,reject_validation,0.05035971223021585
hibou_l,nct_artefact,retain_validation,0.7997835497835498
hibou_l,nct_artefact,reject_id,0.06008230452674901
hibou_l,nct_artefact,reject_artefact,0.864957264957265
hibou_l,nct_artefact,accuracy_ungated,0.9950617283950617
hibou_l,nct_artefact,accuracy_novelty_gate,0.9956217162872154
hibou_l,nct_artefact,accuracy_both_gates,1.0
hibou_l,nct_artefact,coverage_novelty_gate,0.939917695473251
hibou_l,nct_artefact,coverage_both_gates,0.782716049382716
hibou_l,lung,n_fit,9084.0
hibou_l,lung,n_validation,2272.0
hibou_l,lung,n_test,2839.0
hibou_l,lung,tau_ood,1737.2331259975856
hibou_l,lung,tau_conf,0.999990649995902
hibou_l,lung,reject_validation,0.05017605633802813
hibou_l,lung,retain_validation,0.7998146431881371
hibou_l,lung,reject_id,0.06234589644240929
hibou_l,lung,reject_far,1.0
hibou_l,lung,reject_blur_s1.0,0.16660796054948926
hibou_l,lung,reject_blur_s2.0,1.0
hibou_l,lung,reject_blur_s3.0,1.0
hibou_l,lung,accuracy_ungated,1.0
hibou_l,lung,accuracy_novelty_gate,1.0
hibou_l,lung,accuracy_both_gates,1.0
hibou_l,lung,coverage_novelty_gate,0.9376541035575907
hibou_l,lung,coverage_both_gates,0.7523775977456851
hibou_l,lc_colon,n_fit,6096.0
hibou_l,lc_colon,n_validation,1524.0
hibou_l,lc_colon,n_test,1905.0
hibou_l,lc_colon,tau_ood,1565.3726668838012
hibou_l,lc_colon,tau_conf,0.9999868445525534
hibou_l,lc_colon,reject_validation,0.05052493438320205
hibou_l,lc_colon,retain_validation,0.7995853489979268
hibou_l,lc_colon,reject_id,0.056692913385826826
hibou_l,lc_colon,reject_far,1.0
hibou_l,lc_colon,reject_blur_s1.0,0.2015748031496063
hibou_l,lc_colon,reject_blur_s2.0,1.0
hibou_l,lc_colon,reject_blur_s3.0,1.0
hibou_l,lc_colon,accuracy_ungated,1.0
hibou_l,lc_colon,accuracy_novelty_gate,1.0
hibou_l,lc_colon,accuracy_both_gates,1.0
hibou_l,lc_colon,coverage_novelty_gate,0.9433070866141732
hibou_l,lc_colon,coverage_both_gates,0.7716535433070866
hibou_l,breakhis,n_fit,4763.0
hibou_l,breakhis,n_validation,1156.0
hibou_l,breakhis,n_test,1865.0
hibou_l,breakhis,tau_ood,3127.096855380235
hibou_l,breakhis,tau_conf,0.7059129117146307
hibou_l,breakhis,reject_validation,0.05017301038062283
hibou_l,breakhis,retain_validation,0.7996357012750456
hibou_l,breakhis,reject_id,0.0691689008042895
hibou_l,breakhis,reject_far,0.49982388164846775
hibou_l,breakhis,reject_blur_s1.0,0.07292225201072386
hibou_l,breakhis,reject_blur_s2.0,0.24557640750670243
hibou_l,breakhis,reject_blur_s3.0,0.9710455764075067
hibou_l,breakhis,accuracy_ungated,0.8975871313672922
hibou_l,breakhis,accuracy_novelty_gate,0.8951612903225806
hibou_l,breakhis,accuracy_both_gates,0.9437669376693767
hibou_l,breakhis,coverage_novelty_gate,0.9308310991957105
hibou_l,breakhis,coverage_both_gates,0.7914209115281501
hibou_l,pcam,n_fit,5928.0
hibou_l,pcam,n_validation,1496.0
hibou_l,pcam,n_test,1576.0
hibou_l,pcam,tau_ood,3265.8597445660525
hibou_l,pcam,tau_conf,0.9004129283331287
hibou_l,pcam,reject_validation,0.050133689839572226
hibou_l,pcam,retain_validation,0.8001407459535539
hibou_l,pcam,reject_id,0.03426395939086291
hibou_l,pcam,reject_far,1.0
hibou_l,pcam,reject_blur_s1.0,0.028553299492385786
hibou_l,pcam,reject_blur_s2.0,0.07868020304568528
hibou_l,pcam,reject_blur_s3.0,1.0
hibou_l,pcam,accuracy_ungated,0.9359137055837563
hibou_l,pcam,accuracy_novelty_gate,0.9336399474375822
hibou_l,pcam,accuracy_both_gates,0.9783480352846833
hibou_l,pcam,coverage_novelty_gate,0.9657360406091371
hibou_l,pcam,coverage_both_gates,0.791243654822335
hibou_l,sicap,n_fit,8167.0
hibou_l,sicap,n_validation,2078.0
hibou_l,sicap,n_test,1836.0
hibou_l,sicap,tau_ood,3019.8187378379253
hibou_l,sicap,tau_conf,0.6397126379688904
hibou_l,sicap,reject_validation,0.05004812319538021
hibou_l,sicap,retain_validation,0.7998986828774063
hibou_l,sicap,reject_id,0.06917211328976036
hibou_l,sicap,reject_far,1.0
hibou_l,sicap,accuracy_ungated,0.8404139433551199
hibou_l,sicap,accuracy_novelty_gate,0.8361614979520188
hibou_l,sicap,accuracy_both_gates,0.8952029520295203
hibou_l,sicap,coverage_novelty_gate,0.9308278867102396
hibou_l,sicap,coverage_both_gates,0.7380174291938998
hibou_l,sicap,qwk_ungated,0.8955538590177046
hibou_l,sicap,qwk_novelty_gate,0.8887655676635993
hibou_l,sicap,qwk_both_gates,0.9355870620027705
hibou_l,panda,n_fit,17350.0
hibou_l,panda,n_validation,4512.0
hibou_l,panda,n_test,5213.0
hibou_l,panda,tau_ood,3291.641075832245
hibou_l,panda,tau_conf,0.2678457835075171
hibou_l,panda,reject_validation,0.05008865248226946
hibou_l,panda,retain_validation,0.8000466635557629
hibou_l,panda,reject_id,0.040667561864569324
hibou_l,panda,reject_far,1.0
hibou_l,panda,accuracy_ungated,0.39976980625359676
hibou_l,panda,accuracy_novelty_gate,0.4039192161567686
hibou_l,panda,accuracy_both_gates,0.4446891825746451
hibou_l,panda,coverage_novelty_gate,0.9593324381354307
hibou_l,panda,coverage_both_gates,0.7838097065029733
hibou_l,panda,qwk_ungated,0.49161532333244673
hibou_l,panda,qwk_novelty_gate,0.5039517752404894
hibou_l,panda,qwk_both_gates,0.5702332313634024
virchow2,nct,n_fit,5760.0
virchow2,nct,n_validation,1440.0
virchow2,nct,n_test,1800.0
virchow2,nct,tau_ood,6352.956790213738
virchow2,nct,tau_conf,0.9995946531015268
virchow2,nct,reject_validation,0.050000000000000044
virchow2,nct,retain_validation,0.7997076023391813
virchow2,nct,reject_id,0.04888888888888887
virchow2,nct,reject_far,1.0
virchow2,nct,reject_blur_s1.0,0.07055555555555555
virchow2,nct,reject_blur_s2.0,0.40444444444444444
virchow2,nct,reject_blur_s3.0,1.0
virchow2,nct,accuracy_ungated,0.9927777777777778
virchow2,nct,accuracy_novelty_gate,0.9941588785046729
virchow2,nct,accuracy_both_gates,1.0
virchow2,nct,coverage_novelty_gate,0.9511111111111111
virchow2,nct,coverage_both_gates,0.7655555555555555
virchow2,nct_artefact,n_fit,3888.0
virchow2,nct_artefact,n_validation,973.0
virchow2,nct_artefact,n_test,1215.0
virchow2,nct_artefact,tau_ood,7079.439827352831
virchow2,nct_artefact,tau_conf,0.9997114879705775
virchow2,nct_artefact,reject_validation,0.05035971223021585
virchow2,nct_artefact,retain_validation,0.7997835497835498
virchow2,nct_artefact,reject_id,0.053497942386831254
virchow2,nct_artefact,reject_artefact,0.9863247863247864
virchow2,nct_artefact,accuracy_ungated,0.9967078189300411
virchow2,nct_artefact,accuracy_novelty_gate,0.9973913043478261
virchow2,nct_artefact,accuracy_both_gates,1.0
virchow2,nct_artefact,coverage_novelty_gate,0.9465020576131687
virchow2,nct_artefact,coverage_both_gates,0.745679012345679
virchow2,lung,n_fit,9084.0
virchow2,lung,n_validation,2272.0
virchow2,lung,n_test,2839.0
virchow2,lung,tau_ood,3872.4586734438367
virchow2,lung,tau_conf,0.9999963961254348
virchow2,lung,reject_validation,0.05017605633802813
virchow2,lung,retain_validation,0.7998146431881371
virchow2,lung,reject_id,0.05459668897499115
virchow2,lung,reject_far,1.0
virchow2,lung,reject_blur_s1.0,0.8344487495597042
virchow2,lung,reject_blur_s2.0,1.0
virchow2,lung,reject_blur_s3.0,1.0
virchow2,lung,accuracy_ungated,1.0
virchow2,lung,accuracy_novelty_gate,1.0
virchow2,lung,accuracy_both_gates,1.0
virchow2,lung,coverage_novelty_gate,0.9454033110250089
virchow2,lung,coverage_both_gates,0.7534343078548785
virchow2,lc_colon,n_fit,6096.0
virchow2,lc_colon,n_validation,1524.0
virchow2,lc_colon,n_test,1905.0
virchow2,lc_colon,tau_ood,3660.7767872031927
virchow2,lc_colon,tau_conf,0.9999973506728238
virchow2,lc_colon,reject_validation,0.05052493438320205
virchow2,lc_colon,retain_validation,0.7995853489979268
virchow2,lc_colon,reject_id,0.04986876640419946
virchow2,lc_colon,reject_far,1.0
virchow2,lc_colon,reject_blur_s1.0,0.8724409448818897
virchow2,lc_colon,reject_blur_s2.0,1.0
virchow2,lc_colon,reject_blur_s3.0,1.0
virchow2,lc_colon,accuracy_ungated,1.0
virchow2,lc_colon,accuracy_novelty_gate,1.0
virchow2,lc_colon,accuracy_both_gates,1.0
virchow2,lc_colon,coverage_novelty_gate,0.9501312335958005
virchow2,lc_colon,coverage_both_gates,0.7627296587926509
virchow2,breakhis,n_fit,4763.0
virchow2,breakhis,n_validation,1156.0
virchow2,breakhis,n_test,1865.0
virchow2,breakhis,tau_ood,8513.495336103277
virchow2,breakhis,tau_conf,0.7672067960466621
virchow2,breakhis,reject_validation,0.05017301038062283
virchow2,breakhis,retain_validation,0.7996357012750456
virchow2,breakhis,reject_id,0.04932975871313672
virchow2,breakhis,reject_far,0.9351884466361395
virchow2,breakhis,reject_blur_s1.0,0.09276139410187667
virchow2,breakhis,reject_blur_s2.0,0.27828418230563
virchow2,breakhis,reject_blur_s3.0,1.0
virchow2,breakhis,accuracy_ungated,0.95656836461126
virchow2,breakhis,accuracy_novelty_gate,0.9554427523970671
virchow2,breakhis,accuracy_both_gates,0.9736519607843137
virchow2,breakhis,coverage_novelty_gate,0.9506702412868633
virchow2,breakhis,coverage_both_gates,0.8750670241286863
virchow2,pcam,n_fit,5928.0
virchow2,pcam,n_validation,1496.0
virchow2,pcam,n_test,1576.0
virchow2,pcam,tau_ood,8391.541895012346
virchow2,pcam,tau_conf,0.9110377519272642
virchow2,pcam,reject_validation,0.050133689839572226
virchow2,pcam,retain_validation,0.8001407459535539
virchow2,pcam,reject_id,0.06154822335025378
virchow2,pcam,reject_far,1.0
virchow2,pcam,reject_blur_s1.0,0.08946700507614214
virchow2,pcam,reject_blur_s2.0,0.6053299492385786
virchow2,pcam,reject_blur_s3.0,1.0
virchow2,pcam,accuracy_ungated,0.9308375634517766
virchow2,pcam,accuracy_novelty_gate,0.9263015551048005
virchow2,pcam,accuracy_both_gates,0.9799498746867168
virchow2,pcam,coverage_novelty_gate,0.9384517766497462
virchow2,pcam,coverage_both_gates,0.7595177664974619
virchow2,sicap,n_fit,8167.0
virchow2,sicap,n_validation,2078.0
virchow2,sicap,n_test,1836.0
virchow2,sicap,tau_ood,10293.389573822637
virchow2,sicap,tau_conf,0.6875103027064746
virchow2,sicap,reject_validation,0.05004812319538021
virchow2,sicap,retain_validation,0.7998986828774063
virchow2,sicap,reject_id,0.07298474945533773
virchow2,sicap,reject_far,1.0
virchow2,sicap,accuracy_ungated,0.8502178649237473
virchow2,sicap,accuracy_novelty_gate,0.8584018801410106
virchow2,sicap,accuracy_both_gates,0.9211102994886778
virchow2,sicap,coverage_novelty_gate,0.9270152505446623
virchow2,sicap,coverage_both_gates,0.7456427015250545
virchow2,sicap,qwk_ungated,0.8916403667900897
virchow2,sicap,qwk_novelty_gate,0.8950561845339007
virchow2,sicap,qwk_both_gates,0.9414601953429985
virchow2,panda,n_fit,17350.0
virchow2,panda,n_validation,4512.0
virchow2,panda,n_test,5213.0
virchow2,panda,tau_ood,7316.004113738485
virchow2,panda,tau_conf,0.292639956065953
virchow2,panda,reject_validation,0.05008865248226946
virchow2,panda,retain_validation,0.8000466635557629
virchow2,panda,reject_id,0.040667561864569324
virchow2,panda,reject_far,1.0
virchow2,panda,accuracy_ungated,0.4074429311337042
virchow2,panda,accuracy_novelty_gate,0.40411917616476706
virchow2,panda,accuracy_both_gates,0.44190616556128715
virchow2,panda,coverage_novelty_gate,0.9593324381354307
virchow2,panda,coverage_both_gates,0.7809322846729331
virchow2,panda,qwk_ungated,0.49013076580476933
virchow2,panda,qwk_novelty_gate,0.48959648767334374
virchow2,panda,qwk_both_gates,0.567132447252563
uni,nct,n_fit,5760.0
uni,nct,n_validation,1440.0
uni,nct,n_test,1800.0
uni,nct,tau_ood,3397.5343625724336
uni,nct,tau_conf,0.9998687652088112
uni,nct,reject_validation,0.050000000000000044
uni,nct,retain_validation,0.7997076023391813
uni,nct,reject_id,0.05555555555555558
uni,nct,reject_far,1.0
uni,nct,reject_blur_s1.0,0.06666666666666667
uni,nct,reject_blur_s2.0,0.235
uni,nct,reject_blur_s3.0,0.9466666666666667
uni,nct,accuracy_ungated,0.9927777777777778
uni,nct,accuracy_novelty_gate,0.9941176470588236
uni,nct,accuracy_both_gates,1.0
uni,nct,coverage_novelty_gate,0.9444444444444444
uni,nct,coverage_both_gates,0.7688888888888888
uni,nct_artefact,n_fit,3888.0
uni,nct_artefact,n_validation,973.0
uni,nct_artefact,n_test,1215.0
uni,nct_artefact,tau_ood,3453.397981327997
uni,nct_artefact,tau_conf,0.9998977253799544
uni,nct_artefact,reject_validation,0.05035971223021585
uni,nct_artefact,retain_validation,0.7997835497835498
uni,nct_artefact,reject_id,0.04855967078189305
uni,nct_artefact,reject_artefact,0.9846153846153847
uni,nct_artefact,accuracy_ungated,0.9967078189300411
uni,nct_artefact,accuracy_novelty_gate,0.9974048442906575
uni,nct_artefact,accuracy_both_gates,1.0
uni,nct_artefact,coverage_novelty_gate,0.951440329218107
uni,nct_artefact,coverage_both_gates,0.7621399176954733
uni,lung,n_fit,9084.0
uni,lung,n_validation,2272.0
uni,lung,n_test,2839.0
uni,lung,tau_ood,2202.1404882144593
uni,lung,tau_conf,0.9999891687622849
uni,lung,reject_validation,0.05017605633802813
uni,lung,retain_validation,0.7998146431881371
uni,lung,reject_id,0.053892215568862256
uni,lung,reject_far,1.0
uni,lung,reject_blur_s1.0,0.18245861218738993
uni,lung,reject_blur_s2.0,0.7907713983797112
uni,lung,reject_blur_s3.0,1.0
uni,lung,accuracy_ungated,1.0
uni,lung,accuracy_novelty_gate,1.0
uni,lung,accuracy_both_gates,1.0
uni,lung,coverage_novelty_gate,0.9461077844311377
uni,lung,coverage_both_gates,0.7703416696019725
uni,lc_colon,n_fit,6096.0
uni,lc_colon,n_validation,1524.0
uni,lc_colon,n_test,1905.0
uni,lc_colon,tau_ood,2371.468241585581
uni,lc_colon,tau_conf,0.9999896560289303
uni,lc_colon,reject_validation,0.05052493438320205
uni,lc_colon,retain_validation,0.7995853489979268
uni,lc_colon,reject_id,0.05301837270341203
uni,lc_colon,reject_far,1.0
uni,lc_colon,reject_blur_s1.0,0.24251968503937008
uni,lc_colon,reject_blur_s2.0,0.9496062992125984
uni,lc_colon,reject_blur_s3.0,1.0
uni,lc_colon,accuracy_ungated,1.0
uni,lc_colon,accuracy_novelty_gate,1.0
uni,lc_colon,accuracy_both_gates,1.0
uni,lc_colon,coverage_novelty_gate,0.946981627296588
uni,lc_colon,coverage_both_gates,0.7590551181102362
uni,breakhis,n_fit,4763.0
uni,breakhis,n_validation,1156.0
uni,breakhis,n_test,1865.0
uni,breakhis,tau_ood,4242.2665694074585
uni,breakhis,tau_conf,0.8501206411079726
uni,breakhis,reject_validation,0.05017301038062283
uni,breakhis,retain_validation,0.7996357012750456
uni,breakhis,reject_id,0.03914209115281497
uni,breakhis,reject_far,0.9996477632969355
uni,breakhis,reject_blur_s1.0,0.05254691689008043
uni,breakhis,reject_blur_s2.0,0.10723860589812333
uni,breakhis,reject_blur_s3.0,0.3914209115281501
uni,breakhis,accuracy_ungated,0.9533512064343164
uni,breakhis,accuracy_novelty_gate,0.9520089285714286
uni,breakhis,accuracy_both_gates,0.9785932721712538
uni,breakhis,coverage_novelty_gate,0.960857908847185
uni,breakhis,coverage_both_gates,0.8766756032171582
uni,pcam,n_fit,5928.0
uni,pcam,n_validation,1496.0
uni,pcam,n_test,1576.0
uni,pcam,tau_ood,3768.396606452475
uni,pcam,tau_conf,0.9352640118259005
uni,pcam,reject_validation,0.050133689839572226
uni,pcam,retain_validation,0.8001407459535539
uni,pcam,reject_id,0.045685279187817285
uni,pcam,reject_far,1.0
uni,pcam,reject_blur_s1.0,0.06852791878172589
uni,pcam,reject_blur_s2.0,0.4289340101522843
uni,pcam,reject_blur_s3.0,0.883248730964467
uni,pcam,accuracy_ungated,0.9498730964467005
uni,pcam,accuracy_novelty_gate,0.9474734042553191
uni,pcam,accuracy_both_gates,0.9885339885339886
uni,pcam,coverage_novelty_gate,0.9543147208121827
uni,pcam,coverage_both_gates,0.774746192893401
uni,sicap,n_fit,8167.0
uni,sicap,n_validation,2078.0
uni,sicap,n_test,1836.0
uni,sicap,tau_ood,4666.650073012751
uni,sicap,tau_conf,0.6398544009612185
uni,sicap,reject_validation,0.05004812319538021
uni,sicap,retain_validation,0.7998986828774063
uni,sicap,reject_id,0.06971677559912859
uni,sicap,reject_far,1.0
uni,sicap,accuracy_ungated,0.8464052287581699
uni,sicap,accuracy_novelty_gate,0.8430913348946136
uni,sicap,accuracy_both_gates,0.9009265858873842
uni,sicap,coverage_novelty_gate,0.9302832244008714
uni,sicap,coverage_both_gates,0.764161220043573
uni,sicap,qwk_ungated,0.8856141797197032
uni,sicap,qwk_novelty_gate,0.8754722669139549
uni,sicap,qwk_both_gates,0.9299759000557185
uni,panda,n_fit,17350.0
uni,panda,n_validation,4512.0
uni,panda,n_test,5213.0
uni,panda,tau_ood,3039.756420845436
uni,panda,tau_conf,0.2714385198345137
uni,panda,reject_validation,0.05008865248226946
uni,panda,retain_validation,0.8000466635557629
uni,panda,reject_id,0.052560905428735816
uni,panda,reject_far,1.0
uni,panda,accuracy_ungated,0.3913293688854786
uni,panda,accuracy_novelty_gate,0.38590807855841264
uni,panda,accuracy_both_gates,0.41758510898848883
uni,panda,coverage_novelty_gate,0.9474390945712642
uni,panda,coverage_both_gates,0.7832342221369653
uni,panda,qwk_ungated,0.48212326414148643
uni,panda,qwk_novelty_gate,0.47542273996485573
uni,panda,qwk_both_gates,0.5472422256870647
hoptimus,nct,n_fit,5760.0
hoptimus,nct,n_validation,1440.0
hoptimus,nct,n_test,1800.0
hoptimus,nct,tau_ood,2734.758146041564
hoptimus,nct,tau_conf,0.9991565718496858
hoptimus,nct,reject_validation,0.050000000000000044
hoptimus,nct,retain_validation,0.7997076023391813
hoptimus,nct,reject_id,0.04222222222222227
hoptimus,nct,reject_far,1.0
hoptimus,nct,reject_blur_s1.0,0.06444444444444444
hoptimus,nct,reject_blur_s2.0,0.2611111111111111
hoptimus,nct,reject_blur_s3.0,0.9
hoptimus,nct,accuracy_ungated,0.995
hoptimus,nct,accuracy_novelty_gate,0.9953596287703016
hoptimus,nct,accuracy_both_gates,0.9992721979621543
hoptimus,nct,coverage_novelty_gate,0.9577777777777777
hoptimus,nct,coverage_both_gates,0.7633333333333333
hoptimus,nct_artefact,n_fit,3888.0
hoptimus,nct_artefact,n_validation,973.0
hoptimus,nct_artefact,n_test,1215.0
hoptimus,nct_artefact,tau_ood,2806.8820665574913
hoptimus,nct_artefact,tau_conf,0.9991469405857318
hoptimus,nct_artefact,reject_validation,0.05035971223021585
hoptimus,nct_artefact,retain_validation,0.7997835497835498
hoptimus,nct_artefact,reject_id,0.0444444444444444
hoptimus,nct_artefact,reject_artefact,0.9948717948717949
hoptimus,nct_artefact,accuracy_ungated,0.9975308641975309
hoptimus,nct_artefact,accuracy_novelty_gate,0.9974160206718347
hoptimus,nct_artefact,accuracy_both_gates,1.0
hoptimus,nct_artefact,coverage_novelty_gate,0.9555555555555556
hoptimus,nct_artefact,coverage_both_gates,0.7654320987654321
hoptimus,lung,n_fit,9084.0
hoptimus,lung,n_validation,2272.0
hoptimus,lung,n_test,2839.0
hoptimus,lung,tau_ood,1749.4512208286083
hoptimus,lung,tau_conf,0.999987770732827
hoptimus,lung,reject_validation,0.05017605633802813
hoptimus,lung,retain_validation,0.7998146431881371
hoptimus,lung,reject_id,0.057766819302571326
hoptimus,lung,reject_far,1.0
hoptimus,lung,reject_blur_s1.0,0.8457203240577669
hoptimus,lung,reject_blur_s2.0,1.0
hoptimus,lung,reject_blur_s3.0,1.0
hoptimus,lung,accuracy_ungated,1.0
hoptimus,lung,accuracy_novelty_gate,1.0
hoptimus,lung,accuracy_both_gates,1.0
hoptimus,lung,coverage_novelty_gate,0.9422331806974287
hoptimus,lung,coverage_both_gates,0.7643536456498767
hoptimus,lc_colon,n_fit,6096.0
hoptimus,lc_colon,n_validation,1524.0
hoptimus,lc_colon,n_test,1905.0
hoptimus,lc_colon,tau_ood,2112.4767635976987
hoptimus,lc_colon,tau_conf,0.9999907168064383
hoptimus,lc_colon,reject_validation,0.05052493438320205
hoptimus,lc_colon,retain_validation,0.7995853489979268
hoptimus,lc_colon,reject_id,0.053543307086614145
hoptimus,lc_colon,reject_far,1.0
hoptimus,lc_colon,reject_blur_s1.0,0.5800524934383202
hoptimus,lc_colon,reject_blur_s2.0,1.0
hoptimus,lc_colon,reject_blur_s3.0,1.0
hoptimus,lc_colon,accuracy_ungated,1.0
hoptimus,lc_colon,accuracy_novelty_gate,1.0
hoptimus,lc_colon,accuracy_both_gates,1.0
hoptimus,lc_colon,coverage_novelty_gate,0.9464566929133859
hoptimus,lc_colon,coverage_both_gates,0.7622047244094489
hoptimus,breakhis,n_fit,4763.0
hoptimus,breakhis,n_validation,1156.0
hoptimus,breakhis,n_test,1865.0
hoptimus,breakhis,tau_ood,3712.984970266862
hoptimus,breakhis,tau_conf,0.7272282351776779
hoptimus,breakhis,reject_validation,0.05017301038062283
hoptimus,breakhis,retain_validation,0.7996357012750456
hoptimus,breakhis,reject_id,0.06327077747989274
hoptimus,breakhis,reject_far,1.0
hoptimus,breakhis,reject_blur_s1.0,0.07989276139410188
hoptimus,breakhis,reject_blur_s2.0,0.26273458445040215
hoptimus,breakhis,reject_blur_s3.0,1.0
hoptimus,breakhis,accuracy_ungated,0.9040214477211796
hoptimus,breakhis,accuracy_novelty_gate,0.9032627361190613
hoptimus,breakhis,accuracy_both_gates,0.9383517196625568
hoptimus,breakhis,coverage_novelty_gate,0.9367292225201073
hoptimus,breakhis,coverage_both_gates,0.8262734584450402
hoptimus,pcam,n_fit,5928.0
hoptimus,pcam,n_validation,1496.0
hoptimus,pcam,n_test,1576.0
hoptimus,pcam,tau_ood,3956.685341363227
hoptimus,pcam,tau_conf,0.9058057739246166
hoptimus,pcam,reject_validation,0.050133689839572226
hoptimus,pcam,retain_validation,0.8001407459535539
hoptimus,pcam,reject_id,0.05203045685279184
hoptimus,pcam,reject_far,0.9972222222222222
hoptimus,pcam,reject_blur_s1.0,0.3902284263959391
hoptimus,pcam,reject_blur_s2.0,0.9879441624365483
hoptimus,pcam,reject_blur_s3.0,1.0
hoptimus,pcam,accuracy_ungated,0.9378172588832487
hoptimus,pcam,accuracy_novelty_gate,0.9410977242302544
hoptimus,pcam,accuracy_both_gates,0.9828431372549019
hoptimus,pcam,coverage_novelty_gate,0.9479695431472082
hoptimus,pcam,coverage_both_gates,0.7766497461928934
hoptimus,sicap,n_fit,8167.0
hoptimus,sicap,n_validation,2078.0
hoptimus,sicap,n_test,1836.0
hoptimus,sicap,tau_ood,4663.065558237756
hoptimus,sicap,tau_conf,0.6251353944001663
hoptimus,sicap,reject_validation,0.05004812319538021
hoptimus,sicap,retain_validation,0.7998986828774063
hoptimus,sicap,reject_id,0.09640522875816993
hoptimus,sicap,reject_far,1.0
hoptimus,sicap,accuracy_ungated,0.8017429193899782
hoptimus,sicap,accuracy_novelty_gate,0.8016877637130801
hoptimus,sicap,accuracy_both_gates,0.8556469708302169
hoptimus,sicap,coverage_novelty_gate,0.9035947712418301
hoptimus,sicap,coverage_both_gates,0.7282135076252724
hoptimus,sicap,qwk_ungated,0.8519947319961305
hoptimus,sicap,qwk_novelty_gate,0.8484776061752759
hoptimus,sicap,qwk_both_gates,0.9082132236839728
hoptimus,panda,n_fit,17350.0
hoptimus,panda,n_validation,4512.0
hoptimus,panda,n_test,5213.0
hoptimus,panda,tau_ood,3425.737339754069
hoptimus,panda,tau_conf,0.27215726359311304
hoptimus,panda,reject_validation,0.05008865248226946
hoptimus,panda,retain_validation,0.8000466635557629
hoptimus,panda,reject_id,0.04143487435258009
hoptimus,panda,reject_far,1.0
hoptimus,panda,accuracy_ungated,0.38154613466334164
hoptimus,panda,accuracy_novelty_gate,0.3788272963778267
hoptimus,panda,accuracy_both_gates,0.4145577247529525
hoptimus,panda,coverage_novelty_gate,0.9585651256474199
hoptimus,panda,coverage_both_gates,0.7958948781891425
hoptimus,panda,qwk_ungated,0.4603134409611823
hoptimus,panda,qwk_novelty_gate,0.4680356050797366
hoptimus,panda,qwk_both_gates,0.525140757489946
midnight,nct,n_fit,5760.0
midnight,nct,n_validation,1440.0
midnight,nct,n_test,1800.0
midnight,nct,tau_ood,6649.660244709939
midnight,nct,tau_conf,0.9996956014262933
midnight,nct,reject_validation,0.050000000000000044
midnight,nct,retain_validation,0.7997076023391813
midnight,nct,reject_id,0.043888888888888866
midnight,nct,reject_far,1.0
midnight,nct,reject_blur_s1.0,0.1438888888888889
midnight,nct,reject_blur_s2.0,0.8055555555555556
midnight,nct,reject_blur_s3.0,1.0
midnight,nct,accuracy_ungated,0.9894444444444445
midnight,nct,accuracy_novelty_gate,0.9953515398024404
midnight,nct,accuracy_both_gates,1.0
midnight,nct,coverage_novelty_gate,0.9561111111111111
midnight,nct,coverage_both_gates,0.7627777777777778
midnight,nct_artefact,n_fit,3888.0
midnight,nct_artefact,n_validation,973.0
midnight,nct_artefact,n_test,1215.0
midnight,nct_artefact,tau_ood,8072.248283257547
midnight,nct_artefact,tau_conf,0.9998015168570326
midnight,nct_artefact,reject_validation,0.05035971223021585
midnight,nct_artefact,retain_validation,0.7997835497835498
midnight,nct_artefact,reject_id,0.05267489711934159
midnight,nct_artefact,reject_artefact,0.9965811965811966
midnight,nct_artefact,accuracy_ungated,0.9917695473251029
midnight,nct_artefact,accuracy_novelty_gate,0.9947871416159861
midnight,nct_artefact,accuracy_both_gates,1.0
midnight,nct_artefact,coverage_novelty_gate,0.9473251028806584
midnight,nct_artefact,coverage_both_gates,0.7604938271604939
midnight,lung,n_fit,9084.0
midnight,lung,n_validation,2272.0
midnight,lung,n_test,2839.0
midnight,lung,tau_ood,4949.757327478727
midnight,lung,tau_conf,0.9999977586759371
midnight,lung,reject_validation,0.05017605633802813
midnight,lung,retain_validation,0.7998146431881371
midnight,lung,reject_id,0.06305036984853818
midnight,lung,reject_far,1.0
midnight,lung,reject_blur_s1.0,0.7326523423740754
midnight,lung,reject_blur_s2.0,1.0
midnight,lung,reject_blur_s3.0,1.0
midnight,lung,accuracy_ungated,1.0
midnight,lung,accuracy_novelty_gate,1.0
midnight,lung,accuracy_both_gates,1.0
midnight,lung,coverage_novelty_gate,0.9369496301514618
midnight,lung,coverage_both_gates,0.7509686509334272
midnight,lc_colon,n_fit,6096.0
midnight,lc_colon,n_validation,1524.0
midnight,lc_colon,n_test,1905.0
midnight,lc_colon,tau_ood,6971.383260223134
midnight,lc_colon,tau_conf,0.9999973391126473
midnight,lc_colon,reject_validation,0.05052493438320205
midnight,lc_colon,retain_validation,0.7995853489979268
midnight,lc_colon,reject_id,0.06456692913385831
midnight,lc_colon,reject_far,1.0
midnight,lc_colon,reject_blur_s1.0,0.7674540682414698
midnight,lc_colon,reject_blur_s2.0,1.0
midnight,lc_colon,reject_blur_s3.0,1.0
midnight,lc_colon,accuracy_ungated,1.0
midnight,lc_colon,accuracy_novelty_gate,1.0
midnight,lc_colon,accuracy_both_gates,1.0
midnight,lc_colon,coverage_novelty_gate,0.9354330708661417
midnight,lc_colon,coverage_both_gates,0.7501312335958005
midnight,breakhis,n_fit,4763.0
midnight,breakhis,n_validation,1156.0
midnight,breakhis,n_test,1865.0
midnight,breakhis,tau_ood,8596.04195680304
midnight,breakhis,tau_conf,0.773697125398443
midnight,breakhis,reject_validation,0.05017301038062283
midnight,breakhis,retain_validation,0.7996357012750456
midnight,breakhis,reject_id,0.031099195710455718
midnight,breakhis,reject_far,0.9679464600211342
midnight,breakhis,reject_blur_s1.0,0.07989276139410188
midnight,breakhis,reject_blur_s2.0,0.45308310991957107
midnight,breakhis,reject_blur_s3.0,0.9994638069705094
midnight,breakhis,accuracy_ungated,0.9335120643431636
midnight,breakhis,accuracy_novelty_gate,0.9363586054233536
midnight,breakhis,accuracy_both_gates,0.9644895370957515
midnight,breakhis,coverage_novelty_gate,0.9689008042895443
midnight,breakhis,coverage_both_gates,0.8455764075067024
midnight,pcam,n_fit,5928.0
midnight,pcam,n_validation,1496.0
midnight,pcam,n_test,1576.0
midnight,pcam,tau_ood,11626.054788258829
midnight,pcam,tau_conf,0.8915316870181745
midnight,pcam,reject_validation,0.050133689839572226
midnight,pcam,retain_validation,0.8001407459535539
midnight,pcam,reject_id,0.0374365482233503
midnight,pcam,reject_far,1.0
midnight,pcam,reject_blur_s1.0,0.5958121827411168
midnight,pcam,reject_blur_s2.0,1.0
midnight,pcam,reject_blur_s3.0,1.0
midnight,pcam,accuracy_ungated,0.932741116751269
midnight,pcam,accuracy_novelty_gate,0.930784442979565
midnight,pcam,accuracy_both_gates,0.9785884218873909
midnight,pcam,coverage_novelty_gate,0.9625634517766497
midnight,pcam,coverage_both_gates,0.8001269035532995
midnight,sicap,n_fit,8167.0
midnight,sicap,n_validation,2078.0
midnight,sicap,n_test,1836.0
midnight,sicap,tau_ood,12829.508228296992
midnight,sicap,tau_conf,0.6777805653119927
midnight,sicap,reject_validation,0.05004812319538021
midnight,sicap,retain_validation,0.7998986828774063
midnight,sicap,reject_id,0.0887799564270153
midnight,sicap,reject_far,1.0
midnight,sicap,accuracy_ungated,0.8393246187363834
midnight,sicap,accuracy_novelty_gate,0.8433950986252241
midnight,sicap,accuracy_both_gates,0.9123867069486404
midnight,sicap,coverage_novelty_gate,0.9112200435729847
midnight,sicap,coverage_both_gates,0.7211328976034859
midnight,sicap,qwk_ungated,0.8862432561969252
midnight,sicap,qwk_novelty_gate,0.8803225042855768
midnight,sicap,qwk_both_gates,0.9346776942535747
midnight,panda,n_fit,17350.0
midnight,panda,n_validation,4512.0
midnight,panda,n_test,5213.0
midnight,panda,tau_ood,7758.623581162649
midnight,panda,tau_conf,0.2786913218965415
midnight,panda,reject_validation,0.05008865248226946
midnight,panda,retain_validation,0.8000466635557629
midnight,panda,reject_id,0.0471897180126607
midnight,panda,reject_far,1.0
midnight,panda,accuracy_ungated,0.3926721657394974
midnight,panda,accuracy_novelty_gate,0.38634990940205355
midnight,panda,accuracy_both_gates,0.42365853658536584
midnight,panda,coverage_novelty_gate,0.9528102819873393
midnight,panda,coverage_both_gates,0.7864953002110109
midnight,panda,qwk_ungated,0.49223953248775343
midnight,panda,qwk_novelty_gate,0.481253429271015
midnight,panda,qwk_both_gates,0.5440747333548723
dinov2_nat,nct,n_fit,5760.0
dinov2_nat,nct,n_validation,1440.0
dinov2_nat,nct,n_test,1800.0
dinov2_nat,nct,tau_ood,2833.787817072208
dinov2_nat,nct,tau_conf,0.974472070925422
dinov2_nat,nct,reject_validation,0.050000000000000044
dinov2_nat,nct,retain_validation,0.7997076023391813
dinov2_nat,nct,reject_id,0.0411111111111111
dinov2_nat,nct,reject_far,0.03753351206434316
dinov2_nat,nct,reject_blur_s1.0,0.043333333333333335
dinov2_nat,nct,reject_blur_s2.0,0.07388888888888889
dinov2_nat,nct,reject_blur_s3.0,0.31055555555555553
dinov2_nat,nct,accuracy_ungated,0.9672222222222222
dinov2_nat,nct,accuracy_novelty_gate,0.9681344148319815
dinov2_nat,nct,accuracy_both_gates,0.9978708303761533
dinov2_nat,nct,coverage_novelty_gate,0.9588888888888889
dinov2_nat,nct,coverage_both_gates,0.7827777777777778
dinov2_nat,nct_artefact,n_fit,3888.0
dinov2_nat,nct_artefact,n_validation,973.0
dinov2_nat,nct_artefact,n_test,1215.0
dinov2_nat,nct_artefact,tau_ood,2285.5350416575357
dinov2_nat,nct_artefact,tau_conf,0.9836628840088094
dinov2_nat,nct_artefact,reject_validation,0.05035971223021585
dinov2_nat,nct_artefact,retain_validation,0.7997835497835498
dinov2_nat,nct_artefact,reject_id,0.03950617283950619
dinov2_nat,nct_artefact,reject_artefact,0.6905982905982906
dinov2_nat,nct_artefact,accuracy_ungated,0.9679012345679012
dinov2_nat,nct_artefact,accuracy_novelty_gate,0.9691516709511568
dinov2_nat,nct_artefact,accuracy_both_gates,1.0
dinov2_nat,nct_artefact,coverage_novelty_gate,0.9604938271604938
dinov2_nat,nct_artefact,coverage_both_gates,0.7753086419753087
dinov2_nat,lung,n_fit,9084.0
dinov2_nat,lung,n_validation,2272.0
dinov2_nat,lung,n_test,2839.0
dinov2_nat,lung,tau_ood,1359.7296096059417
dinov2_nat,lung,tau_conf,0.9998905676435252
dinov2_nat,lung,reject_validation,0.05017605633802813
dinov2_nat,lung,retain_validation,0.7998146431881371
dinov2_nat,lung,reject_id,0.05565339908418454
dinov2_nat,lung,reject_far,1.0
dinov2_nat,lung,reject_blur_s1.0,0.10285311729482212
dinov2_nat,lung,reject_blur_s2.0,0.6290947516731243
dinov2_nat,lung,reject_blur_s3.0,1.0
dinov2_nat,lung,accuracy_ungated,0.9978865797816132
dinov2_nat,lung,accuracy_novelty_gate,0.9977620290936218
dinov2_nat,lung,accuracy_both_gates,1.0
dinov2_nat,lung,coverage_novelty_gate,0.9443466009158155
dinov2_nat,lung,coverage_both_gates,0.7615357520253611
dinov2_nat,lc_colon,n_fit,6096.0
dinov2_nat,lc_colon,n_validation,1524.0
dinov2_nat,lc_colon,n_test,1905.0
dinov2_nat,lc_colon,tau_ood,1329.9106310502991
dinov2_nat,lc_colon,tau_conf,0.999985908979974
dinov2_nat,lc_colon,reject_validation,0.05052493438320205
dinov2_nat,lc_colon,retain_validation,0.7995853489979268
dinov2_nat,lc_colon,reject_id,0.05249343832021003
dinov2_nat,lc_colon,reject_far,1.0
dinov2_nat,lc_colon,reject_blur_s1.0,0.07979002624671916
dinov2_nat,lc_colon,reject_blur_s2.0,0.5711286089238845
dinov2_nat,lc_colon,reject_blur_s3.0,1.0
dinov2_nat,lc_colon,accuracy_ungated,1.0
dinov2_nat,lc_colon,accuracy_novelty_gate,1.0
dinov2_nat,lc_colon,accuracy_both_gates,1.0
dinov2_nat,lc_colon,coverage_novelty_gate,0.94750656167979
dinov2_nat,lc_colon,coverage_both_gates,0.7669291338582677
dinov2_nat,breakhis,n_fit,4763.0
dinov2_nat,breakhis,n_validation,1156.0
dinov2_nat,breakhis,n_test,1865.0
dinov2_nat,breakhis,tau_ood,1976.9244106927251
dinov2_nat,breakhis,tau_conf,0.6585163145657262
dinov2_nat,breakhis,reject_validation,0.05017301038062283
dinov2_nat,breakhis,retain_validation,0.7996357012750456
dinov2_nat,breakhis,reject_id,0.06541554959785523
dinov2_nat,breakhis,reject_far,0.11659034871433603
dinov2_nat,breakhis,reject_blur_s1.0,0.09544235924932976
dinov2_nat,breakhis,reject_blur_s2.0,0.2134048257372654
dinov2_nat,breakhis,reject_blur_s3.0,0.7335120643431635
dinov2_nat,breakhis,accuracy_ungated,0.8134048257372655
dinov2_nat,breakhis,accuracy_novelty_gate,0.825588066551922
dinov2_nat,breakhis,accuracy_both_gates,0.879942487419123
dinov2_nat,breakhis,coverage_novelty_gate,0.9345844504021448
dinov2_nat,breakhis,coverage_both_gates,0.7458445040214478
dinov2_nat,pcam,n_fit,5928.0
dinov2_nat,pcam,n_validation,1496.0
dinov2_nat,pcam,n_test,1576.0
dinov2_nat,pcam,tau_ood,3253.478220687064
dinov2_nat,pcam,tau_conf,0.7438658119009334
dinov2_nat,pcam,reject_validation,0.050133689839572226
dinov2_nat,pcam,retain_validation,0.8001407459535539
dinov2_nat,pcam,reject_id,0.06979695431472077
dinov2_nat,pcam,reject_far,0.1922222222222222
dinov2_nat,pcam,reject_blur_s1.0,0.06598984771573604
dinov2_nat,pcam,reject_blur_s2.0,0.07043147208121828
dinov2_nat,pcam,reject_blur_s3.0,0.12373096446700507
dinov2_nat,pcam,accuracy_ungated,0.8623096446700508
dinov2_nat,pcam,accuracy_novelty_gate,0.8553888130968622
dinov2_nat,pcam,accuracy_both_gates,0.9283246977547496
dinov2_nat,pcam,coverage_novelty_gate,0.9302030456852792
dinov2_nat,pcam,coverage_both_gates,0.7347715736040609
dinov2_nat,sicap,n_fit,8167.0
dinov2_nat,sicap,n_validation,2078.0
dinov2_nat,sicap,n_test,1836.0
dinov2_nat,sicap,tau_ood,2570.845891029092
dinov2_nat,sicap,tau_conf,0.5525980081609174
dinov2_nat,sicap,reject_validation,0.05004812319538021
dinov2_nat,sicap,retain_validation,0.7998986828774063
dinov2_nat,sicap,reject_id,0.03812636165577343
dinov2_nat,sicap,reject_far,0.7338888888888889
dinov2_nat,sicap,accuracy_ungated,0.7075163398692811
dinov2_nat,sicap,accuracy_novelty_gate,0.7117780294450736
dinov2_nat,sicap,accuracy_both_gates,0.7749809305873379
dinov2_nat,sicap,coverage_novelty_gate,0.9618736383442266
dinov2_nat,sicap,coverage_both_gates,0.7140522875816994
dinov2_nat,sicap,qwk_ungated,0.6765151087263485
dinov2_nat,sicap,qwk_novelty_gate,0.6846680409633997
dinov2_nat,sicap,qwk_both_gates,0.779753059786015
dinov2_nat,panda,n_fit,17350.0
dinov2_nat,panda,n_validation,4512.0
dinov2_nat,panda,n_test,5213.0
dinov2_nat,panda,tau_ood,2210.1653152734466
dinov2_nat,panda,tau_conf,0.23055093656486841
dinov2_nat,panda,reject_validation,0.05008865248226946
dinov2_nat,panda,retain_validation,0.8000466635557629
dinov2_nat,panda,reject_id,0.035680030692499476
dinov2_nat,panda,reject_far,0.48444444444444446
dinov2_nat,panda,accuracy_ungated,0.323997698062536
dinov2_nat,panda,accuracy_novelty_gate,0.32663616471056295
dinov2_nat,panda,accuracy_both_gates,0.3471490177287973
dinov2_nat,panda,coverage_novelty_gate,0.9643199693075005
dinov2_nat,panda,coverage_both_gates,0.8006905812392097
dinov2_nat,panda,qwk_ungated,0.3601006734117955
dinov2_nat,panda,qwk_novelty_gate,0.3624932138255643
dinov2_nat,panda,qwk_both_gates,0.406279590183541
imagenet_vit,nct,n_fit,5760.0
imagenet_vit,nct,n_validation,1440.0
imagenet_vit,nct,n_test,1800.0
imagenet_vit,nct,tau_ood,2047.4198591031377
imagenet_vit,nct,tau_conf,0.9825266889546772
imagenet_vit,nct,reject_validation,0.050000000000000044
imagenet_vit,nct,retain_validation,0.7997076023391813
imagenet_vit,nct,reject_id,0.05166666666666664
imagenet_vit,nct,reject_far,0.27989276139410185
imagenet_vit,nct,reject_blur_s1.0,0.058888888888888886
imagenet_vit,nct,reject_blur_s2.0,0.24333333333333335
imagenet_vit,nct,reject_blur_s3.0,0.6227777777777778
imagenet_vit,nct,accuracy_ungated,0.9705555555555555
imagenet_vit,nct,accuracy_novelty_gate,0.9724663151728178
imagenet_vit,nct,accuracy_both_gates,0.9971160778658976
imagenet_vit,nct,coverage_novelty_gate,0.9483333333333334
imagenet_vit,nct,coverage_both_gates,0.7705555555555555
imagenet_vit,nct_artefact,n_fit,3888.0
imagenet_vit,nct_artefact,n_validation,973.0
imagenet_vit,nct_artefact,n_test,1215.0
imagenet_vit,nct_artefact,tau_ood,2092.1828728015876
imagenet_vit,nct_artefact,tau_conf,0.9825534251081693
imagenet_vit,nct_artefact,reject_validation,0.05035971223021585
imagenet_vit,nct_artefact,retain_validation,0.7997835497835498
imagenet_vit,nct_artefact,reject_id,0.04526748971193417
imagenet_vit,nct_artefact,reject_artefact,0.652991452991453
imagenet_vit,nct_artefact,accuracy_ungated,0.9753086419753086
imagenet_vit,nct_artefact,accuracy_novelty_gate,0.9767241379310345
imagenet_vit,nct_artefact,accuracy_both_gates,0.9989281886387996
imagenet_vit,nct_artefact,coverage_novelty_gate,0.9547325102880658
imagenet_vit,nct_artefact,coverage_both_gates,0.7679012345679013
imagenet_vit,lung,n_fit,9084.0
imagenet_vit,lung,n_validation,2272.0
imagenet_vit,lung,n_test,2839.0
imagenet_vit,lung,tau_ood,1454.0285792345892
imagenet_vit,lung,tau_conf,0.999918800617911
imagenet_vit,lung,reject_validation,0.05017605633802813
imagenet_vit,lung,retain_validation,0.7998146431881371
imagenet_vit,lung,reject_id,0.0486086650228954
imagenet_vit,lung,reject_far,1.0
imagenet_vit,lung,reject_blur_s1.0,0.4519196900317013
imagenet_vit,lung,reject_blur_s2.0,1.0
imagenet_vit,lung,reject_blur_s3.0,1.0
imagenet_vit,lung,accuracy_ungated,0.9961253962662909
imagenet_vit,lung,accuracy_novelty_gate,0.9970381340244354
imagenet_vit,lung,accuracy_both_gates,1.0
imagenet_vit,lung,coverage_novelty_gate,0.9513913349771046
imagenet_vit,lung,coverage_both_gates,0.7692849594927792
imagenet_vit,lc_colon,n_fit,6096.0
imagenet_vit,lc_colon,n_validation,1524.0
imagenet_vit,lc_colon,n_test,1905.0
imagenet_vit,lc_colon,tau_ood,1541.7110067801314
imagenet_vit,lc_colon,tau_conf,0.9999656690529622
imagenet_vit,lc_colon,reject_validation,0.05052493438320205
imagenet_vit,lc_colon,retain_validation,0.7995853489979268
imagenet_vit,lc_colon,reject_id,0.04514435695538055
imagenet_vit,lc_colon,reject_far,1.0
imagenet_vit,lc_colon,reject_blur_s1.0,0.4068241469816273
imagenet_vit,lc_colon,reject_blur_s2.0,0.9989501312335958
imagenet_vit,lc_colon,reject_blur_s3.0,1.0
imagenet_vit,lc_colon,accuracy_ungated,1.0
imagenet_vit,lc_colon,accuracy_novelty_gate,1.0
imagenet_vit,lc_colon,accuracy_both_gates,1.0
imagenet_vit,lc_colon,coverage_novelty_gate,0.9548556430446195
imagenet_vit,lc_colon,coverage_both_gates,0.7732283464566929
imagenet_vit,breakhis,n_fit,4763.0
imagenet_vit,breakhis,n_validation,1156.0
imagenet_vit,breakhis,n_test,1865.0
imagenet_vit,breakhis,tau_ood,2451.90141516152
imagenet_vit,breakhis,tau_conf,0.5997725695740371
imagenet_vit,breakhis,reject_validation,0.05017301038062283
imagenet_vit,breakhis,retain_validation,0.7996357012750456
imagenet_vit,breakhis,reject_id,0.0536193029490617
imagenet_vit,breakhis,reject_far,0.09510390982740402
imagenet_vit,breakhis,reject_blur_s1.0,0.064343163538874
imagenet_vit,breakhis,reject_blur_s2.0,0.14423592493297588
imagenet_vit,breakhis,reject_blur_s3.0,0.3844504021447721
imagenet_vit,breakhis,accuracy_ungated,0.806970509383378
imagenet_vit,breakhis,accuracy_novelty_gate,0.8271954674220963
imagenet_vit,breakhis,accuracy_both_gates,0.8855291576673866
imagenet_vit,breakhis,coverage_novelty_gate,0.9463806970509383
imagenet_vit,breakhis,coverage_both_gates,0.7447721179624665
imagenet_vit,pcam,n_fit,5928.0
imagenet_vit,pcam,n_validation,1496.0
imagenet_vit,pcam,n_test,1576.0
imagenet_vit,pcam,tau_ood,2938.384413362147
imagenet_vit,pcam,tau_conf,0.6806075260963017
imagenet_vit,pcam,reject_validation,0.050133689839572226
imagenet_vit,pcam,retain_validation,0.8001407459535539
imagenet_vit,pcam,reject_id,0.05203045685279184
imagenet_vit,pcam,reject_far,0.6538888888888889
imagenet_vit,pcam,reject_blur_s1.0,0.04314720812182741
imagenet_vit,pcam,reject_blur_s2.0,0.08121827411167512
imagenet_vit,pcam,reject_blur_s3.0,0.24936548223350255
imagenet_vit,pcam,accuracy_ungated,0.8673857868020305
imagenet_vit,pcam,accuracy_novelty_gate,0.8634538152610441
imagenet_vit,pcam,accuracy_both_gates,0.9213759213759214
imagenet_vit,pcam,coverage_novelty_gate,0.9479695431472082
imagenet_vit,pcam,coverage_both_gates,0.774746192893401
imagenet_vit,sicap,n_fit,8167.0
imagenet_vit,sicap,n_validation,2078.0
imagenet_vit,sicap,n_test,1836.0
imagenet_vit,sicap,tau_ood,1792.067793999824
imagenet_vit,sicap,tau_conf,0.5486967225685649
imagenet_vit,sicap,reject_validation,0.05004812319538021
imagenet_vit,sicap,retain_validation,0.7998986828774063
imagenet_vit,sicap,reject_id,0.06917211328976036
imagenet_vit,sicap,reject_far,0.5805555555555556
imagenet_vit,sicap,accuracy_ungated,0.7113289760348583
imagenet_vit,sicap,accuracy_novelty_gate,0.7132826214160327
imagenet_vit,sicap,accuracy_both_gates,0.780285929270128
imagenet_vit,sicap,coverage_novelty_gate,0.9308278867102396
imagenet_vit,sicap,coverage_both_gates,0.7238562091503268
imagenet_vit,sicap,qwk_ungated,0.6641340291993791
imagenet_vit,sicap,qwk_novelty_gate,0.673760059077432
imagenet_vit,sicap,qwk_both_gates,0.7780417229969451
imagenet_vit,panda,n_fit,17350.0
imagenet_vit,panda,n_validation,4512.0
imagenet_vit,panda,n_test,5213.0
imagenet_vit,panda,tau_ood,1736.602508112547
imagenet_vit,panda,tau_conf,0.2326888381154895
imagenet_vit,panda,reject_validation,0.05008865248226946
imagenet_vit,panda,retain_validation,0.8000466635557629
imagenet_vit,panda,reject_id,0.04814885862267404
imagenet_vit,panda,reject_far,0.3333333333333333
imagenet_vit,panda,accuracy_ungated,0.32956071360061384
imagenet_vit,panda,accuracy_novelty_gate,0.32990729544538494
imagenet_vit,panda,accuracy_both_gates,0.3522504892367906
imagenet_vit,panda,coverage_novelty_gate,0.951851141377326
imagenet_vit,panda,coverage_both_gates,0.7841933627469787
imagenet_vit,panda,qwk_ungated,0.36634007714776506
imagenet_vit,panda,qwk_novelty_gate,0.3651067336946108
imagenet_vit,panda,qwk_both_gates,0.39719251851359294
