model,seed,arm,evaluation,unit,n_test,accuracy,qwk,aurc,e_aurc,ece,selected_c
lunit,0,patch,patch_labels,patch,2007,0.7757847533632287,0.7744509423511123,0.08038576917413591,0.05307104531621318,0.02345969342329267,0.001
lunit,0,slide,slide_labels,patch,2007,0.6113602391629297,0.7100054530158921,0.19663148291408974,0.10872628508859183,0.11087128886226248,0.001
lunit,0,slide,patch_labels,patch,2007,0.6362730443447933,0.7012141528487577,0.18451811602924206,0.10837710139034945,0.08678681098027473,0.001
lunit,0,slide_abmil,slide_labels,slide,28,0.8571428571428571,0.9078947368421053,0.09536523124698328,0.0821191122865786,0.18512598531586788,
lunit,1,patch,patch_labels,patch,2073,0.8461167390255668,0.9025401093563098,0.04928416844957628,0.0367481615783716,0.05809963795005915,0.001
lunit,1,slide,slide_labels,patch,2073,0.6941630487216595,0.8501737578940265,0.14446379602989176,0.09195620660113096,0.06922527672125257,0.001
lunit,1,slide,patch_labels,patch,2073,0.7057404727448143,0.8296315223883219,0.140733235577686,0.09235874480475863,0.05269020723894706,0.001
lunit,1,slide_abmil,slide_labels,slide,30,0.7333333333333333,0.8867924528301887,0.10967713713228958,0.06607131631457469,0.2193487922350566,
lunit,2,patch,patch_labels,patch,1675,0.7928358208955224,0.6823504294157267,0.08391837274230528,0.06074057268543567,0.015122213072117694,0.001
lunit,2,slide,slide_labels,patch,1675,0.5217910447761194,0.556991545490124,0.3666155348210062,0.22768272101160922,0.19676490487497333,0.001
lunit,2,slide,patch_labels,patch,1675,0.5540298507462686,0.5741316223283033,0.3437815247501627,0.22485325335162704,0.16567225515093068,0.001
lunit,2,slide_abmil,slide_labels,slide,22,0.5909090909090909,0.4907407407407407,0.2660292921498241,0.15870353924463132,0.3439197865399447,
lunit,3,patch,patch_labels,patch,2486,0.8165728077232502,0.8618471032035644,0.06152794724226681,0.04353352896112313,0.02718012552745612,0.001
lunit,3,slide,slide_labels,patch,2486,0.6818181818181818,0.7883624909547524,0.20058387896917634,0.14346915771976093,0.04466557387372058,0.0001
lunit,3,slide,patch_labels,patch,2486,0.6882542236524537,0.7620984516609318,0.14128454306703575,0.08660578869399926,0.07477612235911545,0.0001
lunit,3,slide_abmil,slide_labels,slide,30,0.8333333333333334,0.8431372549019608,0.1372341891232431,0.11975831676231326,0.16651590466499328,
lunit,4,patch,patch_labels,patch,1994,0.730692076228686,0.6393499610224703,0.1257501822255681,0.0856389856257552,0.025259467481715755,0.001
lunit,4,slide,slide_labels,patch,1994,0.5722166499498496,0.5151999038575612,0.2777697998488647,0.1693120565183447,0.12753338919122997,0.001
lunit,4,slide,patch_labels,patch,1994,0.5305917753259779,0.49440478160599177,0.30651513880657966,0.17325832145033687,0.16915826381510157,0.001
lunit,4,slide_abmil,slide_labels,slide,29,0.7241379310344828,0.8181818181818181,0.16092072651371028,0.11409993166236174,0.22235579326235008,
ctranspath,0,patch,patch_labels,patch,2007,0.7857498754359741,0.8114789295278324,0.08035331348792822,0.05550728885733124,0.025947138682271196,0.001
ctranspath,0,slide,slide_labels,patch,2007,0.6601893373193821,0.7240473875041663,0.17521333149849047,0.10944753124837185,0.03314344080834603,0.0001
ctranspath,0,slide,patch_labels,patch,2007,0.611858495266567,0.7050679125084238,0.1916794285242236,0.10401932814209289,0.06632931155095545,0.0001
ctranspath,0,slide_abmil,slide_labels,slide,28,0.7142857142857143,0.771513353115727,0.1313869564399702,0.08098080059903175,0.2408407351800374,
ctranspath,1,patch,patch_labels,patch,2073,0.8268210323203087,0.8740341998204153,0.057207916179301356,0.04122127201927178,0.03897275890726788,0.001
ctranspath,1,slide,slide_labels,patch,2073,0.6753497346840328,0.8160429171299393,0.1587483218649688,0.09911115004051337,0.08158082763424064,0.001
ctranspath,1,slide,patch_labels,patch,2073,0.6965750120598166,0.7973224325840822,0.1474645974807346,0.09583388753460155,0.056291666023432996,0.001
ctranspath,1,slide_abmil,slide_labels,slide,30,0.6,0.7142857142857143,0.19789381475077208,0.09782124638521864,0.324143640200297,
ctranspath,2,patch,patch_labels,patch,1675,0.7940298507462686,0.7247002322370248,0.07483858911743545,0.05193742775965546,0.016804061269808133,0.001
ctranspath,2,slide,slide_labels,patch,1675,0.47701492537313434,0.4877949848935218,0.3991149574187655,0.22906384059694107,0.15829079780558178,0.0001
ctranspath,2,slide,patch_labels,patch,1675,0.49671641791044774,0.554390707842219,0.39119801665401543,0.23533460681360927,0.13858930526826835,0.0001
ctranspath,2,slide_abmil,slide_labels,slide,22,0.6818181818181818,0.7027027027027026,0.2155394012592155,0.15139230375122578,0.28953768448396167,
ctranspath,3,patch,patch_labels,patch,2486,0.826226870474658,0.8742978634547302,0.05587975523176812,0.039786725095094226,0.013838633544295353,0.001
ctranspath,3,slide,slide_labels,patch,2486,0.7144006436041834,0.823824424068643,0.1526063292900498,0.10721058442488135,0.048870156247462326,0.0001
ctranspath,3,slide,patch_labels,patch,2486,0.7204344328238134,0.8010653699285213,0.11280365052321854,0.06941294166700099,0.0619431523203482,0.0001
ctranspath,3,slide_abmil,slide_labels,slide,30,0.8,0.8192771084337349,0.13445212140101964,0.109675283934527,0.15770082275072733,
ctranspath,4,patch,patch_labels,patch,1994,0.7447342026078235,0.6593947725393255,0.11713592513180349,0.08130007885911641,0.025185516518756477,0.001
ctranspath,4,slide,slide_labels,patch,1994,0.5656970912738215,0.5484496322558194,0.29063250375694427,0.17849638119335673,0.14426005838282518,0.001
ctranspath,4,slide,patch_labels,patch,1994,0.5305917753259779,0.5274558143606312,0.3028991294490188,0.16964231209277603,0.18036838335775,0.001
ctranspath,4,slide_abmil,slide_labels,slide,29,0.7586206896551724,0.8292682926829268,0.16513363611396173,0.12921956860138312,0.20241889460333462,
conch,0,patch,patch_labels,patch,2007,0.8141504733432985,0.8547206352787136,0.06620674332481262,0.047708463468640994,0.02815299362997979,0.001
conch,0,slide,slide_labels,patch,2007,0.6636771300448431,0.771983422391991,0.17340976596053817,0.10908386885136727,0.09442709823345449,0.001
conch,0,slide,patch_labels,patch,2007,0.6427503736920778,0.7485085136534543,0.18726931576354663,0.11402563437683422,0.0970751221587658,0.001
conch,0,slide_abmil,slide_labels,slide,28,0.6785714285714286,0.804953560371517,0.1146106623845408,0.05065338576422071,0.23835263507706783,
conch,1,patch,patch_labels,patch,2073,0.8369512783405693,0.8940738790970171,0.05225323067181259,0.038133661844071104,0.041067907112433105,0.001
conch,1,slide,slide_labels,patch,2073,0.6845151953690304,0.851655839307049,0.14878778638949336,0.09268857870192136,0.09316727237416048,0.001
conch,1,slide,patch_labels,patch,2073,0.6811384466956102,0.8296099581292655,0.1572200519031621,0.09983174960126039,0.09340075177701193,0.001
conch,1,slide_abmil,slide_labels,slide,30,0.7,0.8301886792452831,0.1000629144653375,0.04480281277570057,0.23780777057011918,
conch,2,patch,patch_labels,patch,1675,0.8280597014925373,0.7880983750548968,0.060894172965277174,0.04513260397796291,0.033464781572501025,0.001
conch,2,slide,slide_labels,patch,1675,0.573134328358209,0.6265519044014753,0.29205314783755976,0.18408680685903683,0.13451841363326644,0.001
conch,2,slide,patch_labels,patch,1675,0.6005970149253731,0.6696078632123289,0.2635080245181781,0.17018887921931347,0.10586169721535602,0.001
conch,2,slide_abmil,slide_labels,slide,22,0.6818181818181818,0.6587112171837709,0.14515316340006743,0.0810060658920777,0.2653726014223966,
conch,3,patch,patch_labels,patch,2486,0.8374899436846339,0.8889525837359757,0.04187966841343698,0.02786244258594312,0.02972937631645406,0.01
conch,3,slide,slide_labels,patch,2486,0.7401448109412712,0.8396737758094226,0.11644003682317311,0.07924913915033435,0.02865297228516945,0.001
conch,3,slide,patch_labels,patch,2486,0.7224456958970233,0.8112188676507068,0.12437877678984455,0.08164516243453523,0.03731165893235394,0.001
conch,3,slide_abmil,slide_labels,slide,30,0.8,0.8832684824902723,0.06954038944930921,0.04476355198281657,0.1613518416881561,
conch,4,patch,patch_labels,patch,1994,0.7497492477432297,0.7152149032762987,0.1195483555098995,0.08517499229710493,0.04001942564799679,0.001
conch,4,slide,slide_labels,patch,1994,0.5987963891675026,0.6260160412120069,0.2568556668761415,0.16263441758162528,0.11033598316075484,0.001
conch,4,slide,patch_labels,patch,1994,0.541123370110331,0.5695760642413662,0.30426507031125477,0.17758158605943944,0.16751998114284844,0.001
conch,4,slide_abmil,slide_labels,slide,29,0.8620689655172413,0.9047619047619048,0.07513640813827528,0.06280504592581913,0.18768842466946306,
hibou_b,0,patch,patch_labels,patch,2007,0.817140009965122,0.8293621586639772,0.05969585200932545,0.04180751358048343,0.019082425856486243,0.001
hibou_b,0,slide,slide_labels,patch,2007,0.6342800199302442,0.7433450184818587,0.18307194284551204,0.10602620601946668,0.13662311708984226,0.001
hibou_b,0,slide,patch_labels,patch,2007,0.6367713004484304,0.711823854029781,0.18258936683226132,0.10667355653245744,0.13142838284269445,0.001
hibou_b,0,slide_abmil,slide_labels,slide,28,0.7857142857142857,0.8653846153846154,0.11509012792840169,0.08651410480268912,0.24150163999625607,
hibou_b,1,patch,patch_labels,patch,2073,0.8364688856729378,0.8984688747772737,0.05343027381982368,0.03922458882752927,0.04007574152335756,0.001
hibou_b,1,slide,slide_labels,patch,2073,0.7124939700916546,0.8551455044733108,0.1533521863381233,0.10730075919518683,0.0678496685095378,0.001
hibou_b,1,slide,patch_labels,patch,2073,0.7062228654124457,0.8357958596010567,0.15195209033121737,0.10374566861945356,0.07333758115793565,0.001
hibou_b,1,slide_abmil,slide_labels,slide,30,0.6333333333333333,0.8090909090909091,0.15074024466903455,0.06733031139428368,0.2980309724807739,
hibou_b,2,patch,patch_labels,patch,1675,0.808955223880597,0.7334300791390755,0.06331054388293259,0.043716733254272964,0.014958303734831039,0.001
hibou_b,2,slide,slide_labels,patch,1675,0.5128358208955224,0.5250727883538634,0.3391465192956988,0.19430847693294892,0.12819239545536684,0.0001
hibou_b,2,slide,patch_labels,patch,1675,0.5695522388059702,0.5865429983361892,0.3072656047114378,0.19729306047056877,0.07864015664939669,0.0001
hibou_b,2,slide_abmil,slide_labels,slide,22,0.7272727272727273,0.7044776119402985,0.20213673339201063,0.1549252839289428,0.2505699965086851,
hibou_b,3,patch,patch_labels,patch,2486,0.827031375703942,0.8820318494870167,0.05149030130799432,0.035550610091430485,0.013666802340266402,0.001
hibou_b,3,slide,slide_labels,patch,2486,0.7228479485116653,0.8298057479645752,0.1414029837615299,0.09880011589271706,0.05875229076512705,0.0001
hibou_b,3,slide,patch_labels,patch,2486,0.7240547063555913,0.8068918562395213,0.11074323205547386,0.06853126106348625,0.06415508025100711,0.0001
hibou_b,3,slide_abmil,slide_labels,slide,30,0.8,0.8832684824902723,0.11552602513996663,0.09074918767347398,0.18858292500178025,
hibou_b,4,patch,patch_labels,patch,1994,0.7457372116349047,0.6575494141719214,0.1064887037760187,0.07094804857081423,0.03504573474716816,0.001
hibou_b,4,slide,slide_labels,patch,1994,0.5962888665997994,0.5662749925736172,0.2721248543402215,0.17661177691049967,0.13452776137476033,0.001
hibou_b,4,slide,patch_labels,patch,1994,0.5476429287863591,0.5220538096637722,0.30830570796722945,0.18558845329056853,0.18224584239296482,0.001
hibou_b,4,slide_abmil,slide_labels,slide,29,0.8275862068965517,0.8717948717948718,0.16360809888352673,0.1448734394354309,0.16760350712414446,
phikon,0,patch,patch_labels,patch,2007,0.7354260089686099,0.7535510953870854,0.11492876887655998,0.07628922036341797,0.049301214268865814,0.001
phikon,0,slide,slide_labels,patch,2007,0.5844544095665172,0.671396011006171,0.24551473036033084,0.143762367952725,0.06114005568864616,0.0001
phikon,0,slide,patch_labels,patch,2007,0.5700049825610364,0.6527775629972705,0.2654501226681849,0.15575360746722386,0.06101143603153477,0.0001
phikon,0,slide_abmil,slide_labels,slide,28,0.7142857142857143,0.8409090909090909,0.1842911661730047,0.13388501033206623,0.2840833493641445,
phikon,1,patch,patch_labels,patch,2073,0.7756874095513748,0.8348721811877504,0.09748418640093777,0.07014649704415551,0.017640205752498396,0.001
phikon,1,slide,slide_labels,patch,2073,0.6319343945972021,0.7855629213449938,0.20888006888530164,0.1307644429722835,0.09360887880753843,0.001
phikon,1,slide,patch_labels,patch,2073,0.6608779546550893,0.766510555053654,0.1906779052411535,0.12520053982307822,0.06466531874965131,0.001
phikon,1,slide_abmil,slide_labels,slide,30,0.6666666666666666,0.8251121076233184,0.16116611896847866,0.09266443481961809,0.32632685005664824,
phikon,2,patch,patch_labels,patch,1675,0.7737313432835821,0.6839878448646539,0.09001975506703261,0.06216931134141902,0.03246150196200699,0.001
phikon,2,slide,slide_labels,patch,1675,0.44417910447761194,0.45340784519143174,0.4069873432085269,0.2114641026556461,0.15356613407715622,0.0001
phikon,2,slide,patch_labels,patch,1675,0.4746268656716418,0.48583391823353805,0.4018572115885741,0.2300317349779412,0.12311837288312635,0.0001
phikon,2,slide_abmil,slide_labels,slide,22,0.5909090909090909,0.7317073170731707,0.2621053983933945,0.15477964548820167,0.3464130867611278,
phikon,3,patch,patch_labels,patch,2486,0.7763475462590507,0.8186446235352995,0.0819790681874303,0.054817894397593395,0.022172904550693234,0.001
phikon,3,slide,slide_labels,patch,2486,0.6794046661303298,0.7585401275754888,0.20845398928351463,0.150410148147766,0.05932823070821632,0.0001
phikon,3,slide,patch_labels,patch,2486,0.6866452131938857,0.7364175147913049,0.15835662388542318,0.10307454223724008,0.06490834290513876,0.0001
phikon,3,slide_abmil,slide_labels,slide,30,0.7,0.5454545454545454,0.16519388196125176,0.10993378027161484,0.29519410928090406,
phikon,4,patch,patch_labels,patch,1994,0.6815446339017052,0.5830793753404844,0.16545750077319618,0.10822210512680859,0.05729436828015619,0.001
phikon,4,slide,slide_labels,patch,1994,0.5526579739217653,0.5549578654101592,0.31595371667197003,0.19623454431578563,0.13487370405758453,0.001
phikon,4,slide,patch_labels,patch,1994,0.5160481444332999,0.5180382807369943,0.3491990914687586,0.20652025466031154,0.1704805245189687,0.001
phikon,4,slide_abmil,slide_labels,slide,29,0.4482758620689655,0.6274509803921569,0.31970133539965206,0.11831376822354633,0.405458617826988,
phikon_v2,0,patch,patch_labels,patch,2007,0.7473841554559043,0.7579601457825805,0.10753180524471147,0.07247333945494752,0.03144928243353785,0.001
phikon_v2,0,slide,slide_labels,patch,2007,0.5974090682610862,0.665977934623036,0.23044349995058838,0.13550948328894566,0.05448041882426663,0.0001
phikon_v2,0,slide,patch_labels,patch,2007,0.5505729945191828,0.6313598521497013,0.27261890924210624,0.1516595799220572,0.07332069367606926,0.0001
phikon_v2,0,slide_abmil,slide_labels,slide,28,0.7857142857142857,0.7324840764331211,0.09881748581684162,0.07024146269112905,0.15305866194622858,
phikon_v2,1,patch,patch_labels,patch,2073,0.7747226242161119,0.8442943696470768,0.09520359558360184,0.06762001239574451,0.017707746215852666,0.001
phikon_v2,1,slide,slide_labels,patch,2073,0.6478533526290401,0.7861750575288956,0.19129097510634924,0.1202866638442572,0.09309010973921325,0.001
phikon_v2,1,slide,patch_labels,patch,2073,0.6536420646406175,0.7639750903743123,0.19457507981540523,0.12605920666885512,0.08633661239237292,0.001
phikon_v2,1,slide_abmil,slide_labels,slide,30,0.7,0.82,0.1485606088128546,0.09330050712321768,0.2701816678047181,
phikon_v2,2,patch,patch_labels,patch,1675,0.7665671641791045,0.6690701373738699,0.09294749958557348,0.06322381659910024,0.021160427183709595,0.001
phikon_v2,2,slide,slide_labels,patch,1675,0.5080597014925373,0.49313304243672007,0.3242989469738133,0.1762476795987399,0.09430408010090319,0.0001
phikon_v2,2,slide,patch_labels,patch,1675,0.4746268656716418,0.5088632738692513,0.3882811412124674,0.21645566460183444,0.1301014882722197,0.0001
phikon_v2,2,slide_abmil,slide_labels,slide,22,0.7727272727272727,0.6469135802469135,0.0995510661743423,0.0664343556652873,0.13837207718329003,
phikon_v2,3,patch,patch_labels,patch,2486,0.7767497988736927,0.8160871956855829,0.07768494358515249,0.050625578748658126,0.02981702589318014,0.001
phikon_v2,3,slide,slide_labels,patch,2486,0.670152855993564,0.7515687199960643,0.19174346484326552,0.1300583025708037,0.03829579783858049,0.0001
phikon_v2,3,slide,patch_labels,patch,2486,0.6637168141592921,0.7236580193852928,0.1686267955828764,0.10433331215733056,0.051147966518318655,0.0001
phikon_v2,3,slide_abmil,slide_labels,slide,30,0.8,0.8327137546468402,0.0931946498452046,0.06841781237871197,0.1643952469031016,
phikon_v2,4,patch,patch_labels,patch,1994,0.6715145436308927,0.5818984941283866,0.16600426314943179,0.10484671165070339,0.07114274657492145,0.001
phikon_v2,4,slide,slide_labels,patch,1994,0.5145436308926781,0.46874876891565653,0.3527515614326385,0.20907483343304914,0.07608882117113909,0.0001
phikon_v2,4,slide,patch_labels,patch,1994,0.49398194583751254,0.4429272728233262,0.3765447917012345,0.21878376845159264,0.0927146746361667,0.0001
phikon_v2,4,slide_abmil,slide_labels,slide,29,0.6206896551724138,0.6956521739130435,0.19440013898952813,0.10466989585274869,0.28924146089060543,
hibou_l,0,patch,patch_labels,patch,2007,0.8480318883906328,0.8763368560089876,0.04615699321436172,0.033938094958873816,0.01767645303948329,0.001
hibou_l,0,slide,slide_labels,patch,2007,0.6322869955156951,0.7508726427017355,0.1797446298871927,0.10178790841526963,0.08599025395864864,0.0001
hibou_l,0,slide,patch_labels,patch,2007,0.6058794220229198,0.7011878411242557,0.1871043927587843,0.09647624885712865,0.08637720408970359,0.0001
hibou_l,0,slide_abmil,slide_labels,slide,28,0.8214285714285714,0.8955223880597015,0.06514865989486444,0.04501398636733377,0.18752801844051897,
hibou_l,1,patch,patch_labels,patch,2073,0.8832609744331886,0.9344408532214178,0.03166930122266652,0.024545342739317903,0.04824376347746896,0.001
hibou_l,1,slide,slide_labels,patch,2073,0.7274481427882297,0.8841117277028033,0.12408316345068698,0.08294871887857554,0.08867563630606912,0.001
hibou_l,1,slide,patch_labels,patch,2073,0.7197298601061264,0.8658411276247115,0.11528481512652229,0.0716513634649327,0.092670705618939,0.001
hibou_l,1,slide_abmil,slide_labels,slide,30,0.6666666666666666,0.8251121076233184,0.1665380816424079,0.09803639749354734,0.2660965621471406,
hibou_l,2,patch,patch_labels,patch,1675,0.8483582089552238,0.8133224461786055,0.042445263900590544,0.030272688860616508,0.019130549265973983,0.001
hibou_l,2,slide,slide_labels,patch,1675,0.5391044776119402,0.5726635905734507,0.3082774022551031,0.18032782442414377,0.13488335926025374,0.0001
hibou_l,2,slide,patch_labels,patch,1675,0.582089552238806,0.6330642594785716,0.2912901953365815,0.18824171785377813,0.09896500599477347,0.0001
hibou_l,2,slide_abmil,slide_labels,slide,22,0.6818181818181818,0.7570977917981072,0.2319006961703275,0.16775359866233777,0.31239480592987756,
hibou_l,3,patch,patch_labels,patch,2486,0.8563958165728077,0.911630713183627,0.03775846267523654,0.02688611312705267,0.01693742189950294,0.001
hibou_l,3,slide,slide_labels,patch,2486,0.7397425583266292,0.8654720225922707,0.14238335214596345,0.10507122265573311,0.043439796209514984,0.0001
hibou_l,3,slide,patch_labels,patch,2486,0.7421560740144811,0.8479031846522946,0.10934458635184821,0.0727565709057284,0.05286800061094746,0.0001
hibou_l,3,slide_abmil,slide_labels,slide,30,0.7,0.7718631178707224,0.11982023225901056,0.06456013056937364,0.2543865303198497,
hibou_l,4,patch,patch_labels,patch,1994,0.779839518555667,0.6950141155390233,0.08590600291485304,0.059610778013346695,0.027577306397182432,0.001
hibou_l,4,slide,slide_labels,patch,1994,0.5982948846539619,0.5771694077419176,0.26274641475632454,0.1682676412858858,0.13993649802026298,0.001
hibou_l,4,slide,patch_labels,patch,1994,0.5601805416248746,0.5535167830518494,0.27548794779714997,0.16018069736427565,0.17504181396810653,0.001
hibou_l,4,slide_abmil,slide_labels,slide,29,0.896551724137931,0.926829268292683,0.07657110367095733,0.06926372834931328,0.14186359685042815,
virchow2,0,patch,patch_labels,patch,2007,0.8440458395615347,0.8866889059226514,0.0413053852563354,0.028419063043562252,0.013099482001339095,0.001
virchow2,0,slide,slide_labels,patch,2007,0.6601893373193821,0.7896378914124841,0.15263206084290953,0.08686626059279091,0.09924936984875003,0.0001
virchow2,0,slide,patch_labels,patch,2007,0.6203288490284006,0.7482096997941177,0.16368266709034443,0.08012741187083948,0.12771947540159445,0.0001
virchow2,0,slide_abmil,slide_labels,slide,28,0.6071428571428571,0.7806267806267806,0.1981252230991309,0.1013221794396799,0.35416507508073536,
virchow2,1,patch,patch_labels,patch,2073,0.8842257597684515,0.9383515108443602,0.03023629569750354,0.023231806359329185,0.014656057527583257,0.001
virchow2,1,slide,slide_labels,patch,2073,0.6999517607332368,0.8817780217142158,0.12158929136441379,0.07117218831749986,0.09637213857522452,0.0001
virchow2,1,slide,patch_labels,patch,2073,0.6999517607332368,0.8535720719741395,0.12520146210065386,0.07478435905373992,0.09702608790762238,0.0001
virchow2,1,slide_abmil,slide_labels,slide,30,0.6666666666666666,0.8529411764705882,0.18280669918089135,0.11430501503203078,0.2850310961405436,
virchow2,2,patch,patch_labels,patch,1675,0.8585074626865672,0.844978754331476,0.03743682352540074,0.02687587652062521,0.01923451780513267,0.001
virchow2,2,slide,slide_labels,patch,1675,0.5826865671641791,0.6560264510094851,0.26713448174776877,0.16440893961909708,0.1248130117634841,0.0001
virchow2,2,slide,patch_labels,patch,1675,0.5976119402985075,0.676885259196484,0.28256424098489863,0.1877148905951542,0.11818015361218169,0.0001
virchow2,2,slide_abmil,slide_labels,slide,22,0.6818181818181818,0.7755102040816326,0.3789213708313765,0.3147742733233868,0.2781332026828419,
virchow2,3,patch,patch_labels,patch,2486,0.8724859211584876,0.9232368068086421,0.03404917562423646,0.025524177744855853,0.013567313597292359,0.001
virchow2,3,slide,slide_labels,patch,2486,0.7316975060337892,0.8639122703466726,0.11732855728020165,0.07754569815330044,0.05402588326535494,0.0001
virchow2,3,slide,patch_labels,patch,2486,0.7377312952534192,0.8299083894148608,0.10249327398084714,0.06457170200514617,0.045738003242875164,0.0001
virchow2,3,slide_abmil,slide_labels,slide,30,0.7333333333333333,0.8367346938775511,0.22205093476370685,0.17844511394599197,0.2760172347227733,
virchow2,4,patch,patch_labels,patch,1994,0.8029087261785356,0.7719705434595581,0.07283805545411143,0.05194726665588134,0.02796606157570703,0.001
virchow2,4,slide,slide_labels,patch,1994,0.6133400200601805,0.6511475792994053,0.2533525846279516,0.16641823861916566,0.08531585082136525,0.0001
virchow2,4,slide,patch_labels,patch,1994,0.5346038114343029,0.5482354491684294,0.3214478730073647,0.19071960839147378,0.14623185480770978,0.0001
virchow2,4,slide_abmil,slide_labels,slide,29,0.7241379310344828,0.8,0.21912507673415774,0.1723042818828092,0.2618237281667775,
uni,0,patch,patch_labels,patch,2007,0.841056302939711,0.8742308285148899,0.046663269528514253,0.033264030715772136,0.02197755155440115,0.001
uni,0,slide,slide_labels,patch,2007,0.6970602889885401,0.77367768067398,0.1351395453928266,0.08368184792249234,0.048373315786332395,0.0001
uni,0,slide,patch_labels,patch,2007,0.6522172396611858,0.7449795036432751,0.15149943787218056,0.08237308072174136,0.08052935042148757,0.0001
uni,0,slide_abmil,slide_labels,slide,28,0.8571428571428571,0.9135802469135803,0.07504699742478092,0.06180087846437625,0.16031833205904278,
uni,1,patch,patch_labels,patch,2073,0.8678244090689822,0.9220328696837893,0.042746428904538405,0.03356685294482402,0.03274635182089906,0.001
uni,1,slide,slide_labels,patch,2073,0.7115291847563917,0.868118104436322,0.12487437791743106,0.0784950179983551,0.053486683275827986,0.0001
uni,1,slide,patch_labels,patch,2073,0.723589001447178,0.8523677895165711,0.1136627830614606,0.07128912603621163,0.04528600792609329,0.0001
uni,1,slide_abmil,slide_labels,slide,30,0.8333333333333334,0.9253731343283582,0.08577396123198724,0.06829808887105741,0.17158297300338743,
uni,2,patch,patch_labels,patch,1675,0.8394029850746269,0.7986575880012718,0.041808306674518736,0.02811291913798139,0.024911384564312612,0.001
uni,2,slide,slide_labels,patch,1675,0.5856716417910448,0.6150394027547328,0.267351441838836,0.16623141354925347,0.09774893897766375,0.0001
uni,2,slide,patch_labels,patch,1675,0.5928358208955223,0.646005637587222,0.2594915797774874,0.16216285624876853,0.09039564252088071,0.0001
uni,2,slide_abmil,slide_labels,slide,22,0.6818181818181818,0.7867036011080333,0.16907051067267787,0.10492341316468815,0.29775226387110626,
uni,3,patch,patch_labels,patch,2486,0.8616251005631537,0.9104940318616537,0.03296885388647251,0.022892280149150745,0.018166547398233732,0.001
uni,3,slide,slide_labels,patch,2486,0.7349155269509252,0.8534865167450382,0.10165911491393688,0.06287510820071043,0.05256587570959343,0.0001
uni,3,slide,patch_labels,patch,2486,0.7401448109412712,0.8299557634462478,0.09619454811632473,0.05900365044348598,0.062361266801401694,0.0001
uni,3,slide_abmil,slide_labels,slide,30,0.8333333333333334,0.900398406374502,0.06487311228203206,0.04739723992110223,0.1624190827210745,
uni,4,patch,patch_labels,patch,1994,0.7713139418254764,0.7071333011224405,0.08703188100534051,0.058567714516210345,0.03276600435738349,0.001
uni,4,slide,slide_labels,patch,1994,0.6379137412236711,0.5994892605103787,0.22162934229125375,0.14622783905521558,0.026646013765528994,0.0001
uni,4,slide,patch_labels,patch,1994,0.5777331995987964,0.5536846981388218,0.2723600085448209,0.1669566869136664,0.08682655539040358,0.0001
uni,4,slide_abmil,slide_labels,slide,29,0.8275862068965517,0.8837209302325582,0.1215267670608156,0.10279210761271976,0.13333717707929943,
hoptimus,0,patch,patch_labels,patch,2007,0.8226208271051321,0.8349483593814706,0.05551136282944475,0.038712872387149655,0.016748825679964132,0.001
hoptimus,0,slide,slide_labels,patch,2007,0.6273044344793224,0.7146004592209207,0.20180208873232514,0.12154037753828867,0.053905095994784984,0.0001
hoptimus,0,slide,patch_labels,patch,2007,0.6213253612356752,0.7070844647787691,0.21049124704602615,0.127411280127955,0.05627294484596953,0.0001
hoptimus,0,slide_abmil,slide_labels,slide,28,0.6785714285714286,0.7679558011049724,0.15394049015033623,0.08998321353001613,0.3055804605994906,
hoptimus,1,patch,patch_labels,patch,2073,0.844187168355041,0.8983064729725835,0.05281958840335037,0.03995848706437341,0.0474712864207202,0.001
hoptimus,1,slide,slide_labels,patch,2073,0.653159671972986,0.8213151596549899,0.22083898352113793,0.152117704872831,0.04486265458597855,0.0001
hoptimus,1,slide,patch_labels,patch,2073,0.6912686927158708,0.8096738623887559,0.15563256282605661,0.10206165291459372,0.04078552049826503,0.0001
hoptimus,1,slide_abmil,slide_labels,slide,30,0.7333333333333333,0.883495145631068,0.20903877535448864,0.16543295453677376,0.2750707258780798,
hoptimus,2,patch,patch_labels,patch,1675,0.8250746268656717,0.7715883849425359,0.0546246013880316,0.03829356052201967,0.020266174380209945,0.001
hoptimus,2,slide,slide_labels,patch,1675,0.511044776119403,0.5202136463177456,0.3257252925141369,0.1796875257221814,0.14561397904427809,0.0001
hoptimus,2,slide,patch_labels,patch,1675,0.5307462686567164,0.5710897070248774,0.34701631552811685,0.2138350289859385,0.12164490835501111,0.0001
hoptimus,2,slide_abmil,slide_labels,slide,22,0.5454545454545454,0.6910112359550562,0.28196663294643876,0.14793167222276427,0.42454670234159986,
hoptimus,3,patch,patch_labels,patch,2486,0.8531777956556718,0.8921018881701507,0.04332557963103921,0.031947663306914065,0.02524235391333338,0.001
hoptimus,3,slide,slide_labels,patch,2486,0.7252614641995173,0.7892366077409152,0.15544400046795756,0.1136209150888943,0.05896951674737531,0.0001
hoptimus,3,slide,patch_labels,patch,2486,0.7216411906677394,0.7656873066003127,0.12752085494701496,0.08452507557977054,0.047407624830910135,0.0001
hoptimus,3,slide_abmil,slide_labels,slide,30,0.9,0.9377593360995851,0.09451360560693164,0.08769094550840947,0.10294504364331562,
hoptimus,4,patch,patch_labels,patch,1994,0.7542627883650953,0.715464741644176,0.10442048674391644,0.07133467033561419,0.045127737052811284,0.001
hoptimus,4,slide,slide_labels,patch,1994,0.5541624874623872,0.5796034127353065,0.31481324969612695,0.19598460897832237,0.17995845724183016,0.001
hoptimus,4,slide,patch_labels,patch,1994,0.5366098294884654,0.5564849173047781,0.3215407903587548,0.1920654970040793,0.19641516724544122,0.001
hoptimus,4,slide_abmil,slide_labels,slide,29,0.7241379310344828,0.8260869565217391,0.191311315069655,0.14449052021830647,0.24859726223452341,
midnight,0,patch,patch_labels,patch,2007,0.8440458395615347,0.8799406196691921,0.042541902699805435,0.02965558048703229,0.008777449911377385,0.001
midnight,0,slide,slide_labels,patch,2007,0.6606875934230194,0.7929292181443437,0.16143764468926958,0.09587867075041925,0.09182837326429112,0.0001
midnight,0,slide,patch_labels,patch,2007,0.6093672147483806,0.7185127124280118,0.18520173249558003,0.09631208081475934,0.1365190145053604,0.0001
midnight,0,slide_abmil,slide_labels,slide,28,0.8214285714285714,0.9002849002849003,0.087099326330825,0.06696465280329433,0.1668402361018317,
midnight,1,patch,patch_labels,patch,2073,0.8842257597684515,0.939297309645774,0.02916815204617366,0.022163662707999306,0.020087344124626604,0.001
midnight,1,slide,slide_labels,patch,2073,0.7009165460684997,0.8848717670327273,0.12050931807669027,0.07043596431440653,0.09777985118338244,0.0001
midnight,1,slide,patch_labels,patch,2073,0.7245537867824409,0.8727129006735396,0.10588562858512802,0.06382369996772463,0.08339047005667352,0.0001
midnight,1,slide_abmil,slide_labels,slide,30,0.8,0.9108910891089109,0.10753283876310367,0.08275600129661104,0.21870532631874084,
midnight,2,patch,patch_labels,patch,1675,0.8585074626865672,0.8453086651066313,0.0389615766572894,0.028400629652513873,0.02360003311451681,0.001
midnight,2,slide,slide_labels,patch,1675,0.6023880597014926,0.674590283415146,0.24395065550442382,0.15154250706921157,0.11437815988599782,0.0001
midnight,2,slide,patch_labels,patch,1675,0.577910447761194,0.6617193271804483,0.28529356661138505,0.1799673613095403,0.14004980167704256,0.0001
midnight,2,slide_abmil,slide_labels,slide,22,0.6818181818181818,0.7913279132791328,0.2771399266368307,0.21299282912884096,0.29014731537212024,
midnight,3,patch,patch_labels,patch,2486,0.8720836685438456,0.9248617247679853,0.031085154134779955,0.022505111841578794,0.016007200464252507,0.001
midnight,3,slide,slide_labels,patch,2486,0.7365245374094932,0.8633685683228755,0.11251275877948956,0.07422289029776802,0.053147062063379644,0.0001
midnight,3,slide,patch_labels,patch,2486,0.7401448109412712,0.8351589242886153,0.11183579679981609,0.07464489912697733,0.039105161967022205,0.0001
midnight,3,slide_abmil,slide_labels,slide,30,0.7,0.8275862068965517,0.16347712652685514,0.10821702483721822,0.2698336104551951,
midnight,4,patch,patch_labels,patch,1994,0.804914744232698,0.7658391387307919,0.07451318255910526,0.05406074231899487,0.027634648382515233,0.001
midnight,4,slide,slide_labels,patch,1994,0.60481444332999,0.6394789999818513,0.2497165161821652,0.1585528955027123,0.09863797444286414,0.0001
midnight,4,slide,patch_labels,patch,1994,0.5546639919759278,0.560402171774283,0.28306761414684634,0.1645349090596479,0.14230950193196198,0.0001
midnight,4,slide_abmil,slide_labels,slide,29,0.8620689655172413,0.9,0.06909857366870079,0.05676721145624464,0.17353838065574906,
dinov2_nat,0,patch,patch_labels,patch,2007,0.7543597409068261,0.7250074358431333,0.11339721707851275,0.08033915957769366,0.03997632311705559,0.001
dinov2_nat,0,slide,slide_labels,patch,2007,0.6123567513702043,0.658402215618467,0.23469738949450972,0.14728198080973348,0.06814690617168086,0.001
dinov2_nat,0,slide,patch_labels,patch,2007,0.5924265072247135,0.646467952744358,0.24133086330107723,0.14380798751417073,0.08608412590262257,0.001
dinov2_nat,0,slide_abmil,slide_labels,slide,28,0.6428571428571429,0.6358381502890174,0.1320985878188948,0.05271049117107275,0.2700848409107753,
dinov2_nat,1,patch,patch_labels,patch,2073,0.7525325615050651,0.7617481907402217,0.11163437116066625,0.07806054987172868,0.036009028411728886,0.001
dinov2_nat,1,slide,slide_labels,patch,2073,0.5851423058369513,0.7114153619210526,0.25952225925458766,0.1581424054997451,0.09206132923822659,0.001
dinov2_nat,1,slide,patch_labels,patch,2073,0.6155330438977328,0.6996329454094182,0.23877456941448089,0.1529125581321658,0.06578396084249932,0.001
dinov2_nat,1,slide_abmil,slide_labels,slide,30,0.6,0.7589285714285714,0.39196477384533546,0.291892205479782,0.32767578959465027,
dinov2_nat,2,patch,patch_labels,patch,1675,0.6961194029850746,0.5424553513832315,0.17072296302875223,0.11890984704469948,0.038956774143074635,0.001
dinov2_nat,2,slide,slide_labels,patch,1675,0.47940298507462686,0.42866871558156605,0.40052585761333354,0.23223714529093933,0.16688077137264956,0.001
dinov2_nat,2,slide,patch_labels,patch,1675,0.5050746268656716,0.45948613909917757,0.40868062215651413,0.25859831547262,0.1412091295816048,0.001
dinov2_nat,2,slide_abmil,slide_labels,slide,22,0.45454545454545453,0.4590163934426231,0.3869664403051681,0.187805074963814,0.4682161523537202,
dinov2_nat,3,patch,patch_labels,patch,2486,0.7369267900241352,0.7183980787968859,0.12466605136594289,0.0864991679165036,0.01999944554061094,0.001
dinov2_nat,3,slide,slide_labels,patch,2486,0.6327433628318584,0.6890200994138853,0.25368789624177346,0.17595795010540527,0.049571224068431494,0.001
dinov2_nat,3,slide,patch_labels,patch,2486,0.6403861625100563,0.6599823598685366,0.2152243543285274,0.14094800749855513,0.02193888822733417,0.001
dinov2_nat,3,slide_abmil,slide_labels,slide,30,0.6666666666666666,0.7269624573378839,0.22663116848898648,0.15812948434012591,0.2881123542785645,
dinov2_nat,4,patch,patch_labels,patch,1994,0.6529588766298897,0.44811408181887713,0.2119174635972998,0.14310726524658723,0.06249833557027986,0.001
dinov2_nat,4,slide,slide_labels,patch,1994,0.5195586760280843,0.41290190015360595,0.3546783055343395,0.2143108455352468,0.11916679916792995,0.001
dinov2_nat,4,slide,patch_labels,patch,1994,0.4834503510531595,0.374731355669903,0.3758222194907823,0.21051801072194581,0.1542721151157735,0.001
dinov2_nat,4,slide_abmil,slide_labels,slide,29,0.6551724137931034,0.44897959183673475,0.3549938576953486,0.2813513979858362,0.2681755176905928,
imagenet_vit,0,patch,patch_labels,patch,2007,0.7433981066268062,0.7472369185637835,0.11688987181353522,0.08065912320593788,0.027106160121809247,0.001
imagenet_vit,0,slide,slide_labels,patch,2007,0.6123567513702043,0.6517090614937924,0.21977301169609068,0.13235760301131444,0.07932602133902612,0.001
imagenet_vit,0,slide,patch_labels,patch,2007,0.5695067264573991,0.6378823421109189,0.24204812192820982,0.13207118998044665,0.11490790564169533,0.001
imagenet_vit,0,slide_abmil,slide_labels,slide,28,0.6071428571428571,0.6030927835051547,0.2505527711765693,0.15374972751711835,0.30746626853942866,
imagenet_vit,1,patch,patch_labels,patch,2073,0.7530149541726966,0.7676248320692651,0.11314273830269352,0.07970602830683671,0.03035158687745042,0.001
imagenet_vit,1,slide,slide_labels,patch,2073,0.6174626145682586,0.7325730269561339,0.21631433552078383,0.13138612455027587,0.05591040597063944,0.001
imagenet_vit,1,slide,patch_labels,patch,2073,0.6401350699469368,0.7216590149703221,0.20013789275352997,0.1257351239371594,0.034202735927224136,0.001
imagenet_vit,1,slide_abmil,slide_labels,slide,30,0.6666666666666666,0.8529411764705882,0.3160653246624046,0.24756364051354404,0.29268089731534325,
imagenet_vit,2,patch,patch_labels,patch,1675,0.6865671641791045,0.5031468501335385,0.18165718296390365,0.12631522966565575,0.039620987507422906,0.001
imagenet_vit,2,slide,slide_labels,patch,1675,0.4644776119402985,0.4128899605385994,0.41491653953112184,0.23541524796856134,0.18364281273691344,0.001
imagenet_vit,2,slide,patch_labels,patch,1675,0.5014925373134328,0.47245127232468154,0.42847545373049684,0.27593260272120346,0.15256512009039036,0.001
imagenet_vit,2,slide_abmil,slide_labels,slide,22,0.45454545454545453,0.5170731707317072,0.30670539490374843,0.10754402956239434,0.4147878722711043,
imagenet_vit,3,patch,patch_labels,patch,2486,0.7373290426387772,0.7143645831484844,0.12317811425008267,0.08513399626272111,0.018808746525848814,0.001
imagenet_vit,3,slide,slide_labels,patch,2486,0.6532582461786002,0.713223604677359,0.2147284109162494,0.1460630234382298,0.023417561051974924,0.001
imagenet_vit,3,slide,patch_labels,patch,2486,0.6456154465004023,0.6815878724495901,0.20925102972418017,0.13728504927189417,0.022963721827157627,0.001
imagenet_vit,3,slide_abmil,slide_labels,slide,30,0.5333333333333333,0.360655737704918,0.3451020458901465,0.20603971932555867,0.3279233684142431,
imagenet_vit,4,patch,patch_labels,patch,1994,0.6424272818455367,0.43765708194032393,0.21737398985398423,0.14398676003181926,0.06180300657951619,0.001
imagenet_vit,4,slide,slide_labels,patch,1994,0.5466399197592778,0.40375807805625197,0.33103006812185404,0.20770769933687008,0.06999699261617533,0.001
imagenet_vit,4,slide,patch_labels,patch,1994,0.48294884653961884,0.3586320267892278,0.3841363694742624,0.21846727798271678,0.13368806583583434,0.001
imagenet_vit,4,slide_abmil,slide_labels,slide,29,0.7931034482758621,0.8571428571428572,0.06444029122039176,0.03786555292746084,0.15538384380011724,
