model,task,seed,n_train,n_test,n_groups_test,C,accuracy,error_rate,mean_confidence,ece,aurc,e_aurc,e_aurc_random,qwk,qwk_provider_baseline,accuracy_karolinska,accuracy_radboud,n_test_karolinska,n_test_radboud,qwk_karolinska,qwk_radboud
lunit,nct,0,7200,1800,,0.1,0.9888888888888889,0.011111111111111072,0.989574424127845,0.005572506213051716,0.00021170144720406754,0.0001466573048116694,0.011046066968718673,,,,,,,,
lunit,nct,1,7200,1800,,0.1,0.9877777777777778,0.012222222222222245,0.9897568902140255,0.003301109758368501,0.0003403996188012489,0.00026200766017884624,0.012143830263599843,,,,,,,,
lunit,nct,2,7200,1800,,0.1,0.9911111111111112,0.008888888888888835,0.9848839689014713,0.007924981345830466,0.00014362689471368465,0.00010153446700546661,0.008846796461180617,,,,,,,,
lunit,nct,3,7200,1800,,0.1,0.9844444444444445,0.015555555555555545,0.9863794049727445,0.005729283235656675,0.0008757684728629702,0.0007498283686441574,0.015429615451336733,,,,,,,,
lunit,nct,4,7200,1800,,0.1,0.9894444444444445,0.01055555555555554,0.9877772135255511,0.0034241727479651773,0.0003002764467335446,0.00024143795994155013,0.010496717068763546,,,,,,,,
lunit,lung,0,11356,2839,,1.0,0.9996477632969355,0.0003522367030645013,0.9993064690800177,0.00045885296768002735,1.2407069498573486e-07,0.0,0.00035211263236951555,,,,,,,,
lunit,lung,1,11356,2839,,1.0,0.9992955265938711,0.0007044734061288915,0.999173386325366,0.0007820853889364222,3.7225580260867527e-07,0.0,0.0007041011503262828,,,,,,,,
lunit,lung,2,11356,2839,,1.0,0.9996477632969355,0.0003522367030645013,0.9993650269697989,0.0007225023336156928,1.2407069498573486e-07,0.0,0.00035211263236951555,,,,,,,,
lunit,lung,3,11356,2839,,1.0,0.9996477632969355,0.0003522367030645013,0.99930512317156,0.000814684080056919,1.2407069498573486e-07,0.0,0.00035211263236951555,,,,,,,,
lunit,lung,4,11356,2839,,1.0,0.9996477632969355,0.0003522367030645013,0.999401924706518,0.0004392069349824656,8.694140154110425e-07,7.453433204253076e-07,0.00035211263236951555,,,,,,,,
lunit,lc_colon,0,7620,1905,,1.0,1.0,0.0,0.9999507010958018,4.929890419824723e-05,0.0,0.0,0.0,,,,,,,,
lunit,lc_colon,1,7620,1905,,1.0,1.0,0.0,0.9999434641305959,5.653586940412847e-05,0.0,0.0,0.0,,,,,,,,
lunit,lc_colon,2,7620,1905,,1.0,1.0,0.0,0.9999522882178012,4.771178219875605e-05,0.0,0.0,0.0,,,,,,,,
lunit,lc_colon,3,7620,1905,,1.0,1.0,0.0,0.9999217841146839,7.82158853160908e-05,0.0,0.0,0.0,,,,,,,,
lunit,lc_colon,4,7620,1905,,1.0,1.0,0.0,0.9999387391520301,6.126084796986841e-05,0.0,0.0,0.0,,,,,,,,
lunit,breakhis,0,6089,1695,14,0.001,0.8094395280235989,0.19056047197640114,0.8037544741995135,0.01663246103904094,0.07174302456119971,0.05225256256977871,0.17107000998498012,,,,,,,,
lunit,breakhis,1,6545,1239,14,0.001,0.9531880548829701,0.04681194511702991,0.8705284273841759,0.08498913236733546,0.0037408093451408455,0.00260873570027013,0.04567987147215919,,,,,,,,
lunit,breakhis,2,6320,1464,14,0.001,0.9275956284153005,0.07240437158469948,0.836447829951695,0.09114779846360553,0.010533648557423581,0.007822072815219358,0.06969279584249526,,,,,,,,
lunit,breakhis,3,5994,1790,14,0.001,0.7089385474860335,0.29106145251396653,0.7894903802967642,0.08333613266459754,0.14057046017243569,0.09329296465816841,0.24378395699969926,,,,,,,,
lunit,breakhis,4,5808,1976,14,0.001,0.7039473684210527,0.29605263157894735,0.8193682093413016,0.12653531212893235,0.16362567546153198,0.11462005788380757,0.24704701400122292,,,,,,,,
lunit,pcam,0,7086,1914,26,0.01,0.9216300940438872,0.07836990595611282,0.9225953521473607,0.010550340383232926,0.016760044955229963,0.013585132671253757,0.07519499367213661,,,,,,,,
lunit,pcam,1,7292,1708,26,0.01,0.9115925058548009,0.0884074941451991,0.9252454100224833,0.021114116249762463,0.023964219935199278,0.019909860809411095,0.08435313501941093,,,,,,,,
lunit,pcam,2,7280,1720,26,0.01,0.8936046511627908,0.10639534883720925,0.9123359723725589,0.02111843190122919,0.034875544282186546,0.028972492086988412,0.10049229664201112,,,,,,,,
lunit,pcam,3,7263,1737,26,0.01,0.9182498560736903,0.08175014392630975,0.9175104035424133,0.012469208819152597,0.014250395570988688,0.010790352969692012,0.07829010132501307,,,,,,,,
lunit,pcam,4,7007,1993,26,0.001,0.9177119919719017,0.08228800802809833,0.8776473084021138,0.04489591836633306,0.021285543085285623,0.01778235740953501,0.07878482235234771,,,,,,,,
lunit,sicap,0,10074,2007,19,0.001,0.7757847533632287,0.22421524663677128,0.768990214375852,0.02345969342329267,0.08038576917413591,0.05307104531621318,0.19690052277884856,0.7744509423511123,,,,,,,
lunit,sicap,1,10008,2073,19,0.001,0.8461167390255668,0.15388326097443317,0.7893079102509906,0.05809963795005915,0.04928416844957628,0.0367481615783716,0.1413472541032285,0.9025401093563098,,,,,,,
lunit,sicap,2,10406,1675,19,0.001,0.7928358208955224,0.2071641791044776,0.7865089933199203,0.015122213072117694,0.08391837274230528,0.06074057268543567,0.183986379047608,0.6823504294157267,,,,,,,
lunit,sicap,3,9595,2486,19,0.001,0.8165728077232502,0.18342719227674975,0.7979282895683348,0.02718012552745612,0.06152794724226681,0.04353352896112313,0.16543277399560607,0.8618471032035644,,,,,,,
lunit,sicap,4,10087,1994,19,0.001,0.730692076228686,0.26930792377131396,0.7521588350077058,0.025259467481715755,0.1257501822255681,0.0856389856257552,0.22919672717150105,0.6393499610224703,,,,,,,
lunit,panda,0,21995,5080,144,0.0001,0.34606299212598424,0.6539370078740158,0.3306718578493569,0.027577188211855213,0.5238786222801652,0.237096625822115,0.3671550114159655,0.43891983943559165,0.0,0.347679892400807,0.34377967711301044,2974,2106,0.4158041379915731,0.4726500450652916
lunit,panda,1,21742,5333,144,0.001,0.3440840052503282,0.6559159947496718,0.41081129840401515,0.0710578174097223,0.516888908312825,0.2280041385762096,0.3670312250130564,0.41137608427496464,0.00157250133752862,0.3282208588957055,0.3634847853272197,2934,2399,0.4063846297702809,0.41716737050884445
lunit,panda,2,21532,5543,144,0.001,0.3745264297311925,0.6254735702688075,0.41682619017319855,0.04523892030846512,0.49225809908397866,0.23454786433452474,0.36776333551935353,0.42981671916634157,0.0,0.37103492470362065,0.3790255986787779,3121,2422,0.42376443554501664,0.4310834831336554
lunit,panda,3,21511,5564,144,0.0001,0.38964773544212794,0.6103522645578721,0.32962806209631784,0.06241811816512921,0.45695003581425936,0.21379066943011674,0.36719289817372947,0.44195350169321157,0.0,0.36717482971132015,0.41757355904877064,3083,2481,0.36838940502482875,0.5448362974730698
lunit,panda,4,21805,5270,144,0.0001,0.3316888045540797,0.6683111954459203,0.33267852695259736,0.024301670142756412,0.5308531530092063,0.22851642055571847,0.36597446299243247,0.39227168496260567,0.0,0.3332206826630618,0.3297273907399394,2959,2311,0.3777365284569436,0.40872583951999075
ctranspath,nct,0,7200,1800,,0.1,0.9883333333333333,0.011666666666666714,0.9874082998020113,0.004273726557113906,0.00042242588181386497,0.0003508639739583914,0.01159510475881124,,,,,,,,
ctranspath,nct,1,7200,1800,,0.1,0.9872222222222222,0.012777777777777777,0.9887707398090795,0.0033299134062985264,0.0005853078064267539,0.00049977333609504,0.012692243307446062,,,,,,,,
ctranspath,nct,2,7200,1800,,0.1,0.9888888888888889,0.011111111111111072,0.9884166612632819,0.005299676888364082,0.00030977968516245356,0.0002447355427700554,0.011046066968718673,,,,,,,,
ctranspath,nct,3,7200,1800,,0.1,0.9811111111111112,0.018888888888888844,0.9861365568797918,0.007643542684684101,0.0013629174657699646,0.00117814251327114,0.01870411393639002,,,,,,,,
ctranspath,nct,4,7200,1800,,0.1,0.9911111111111112,0.008888888888888835,0.9889461710513021,0.004605235540802102,0.0003403879459588904,0.0002982955182506724,0.008846796461180617,,,,,,,,
ctranspath,lung,0,11356,2839,,1.0,0.9989432898908066,0.0010567101091933928,0.9990215439491761,0.0009685316370855128,2.1132350897699263e-06,1.368636018429937e-06,0.0010559655101220527,,,,,,,,
ctranspath,lung,1,11356,2839,,1.0,1.0,0.0,0.9994015823686234,0.0005984176313765956,0.0,0.0,0.0,,,,,,,,
ctranspath,lung,2,11356,2839,,1.0,0.9985910531877422,0.001408946812257783,0.9988464670049692,0.0011426131254477238,2.3601463845756743e-06,1.119002104072596e-06,0.00140770566797728,,,,,,,,
ctranspath,lung,3,11356,2839,,1.0,0.9996477632969355,0.0003522367030645013,0.9989576858934973,0.0011227322236376132,1.2407069498573486e-07,0.0,0.00035211263236951555,,,,,,,,
ctranspath,lung,4,11356,2839,,1.0,0.9985910531877422,0.001408946812257783,0.9984367792503206,0.0011909301011645244,2.483821611212018e-06,1.2426773307089396e-06,0.00140770566797728,,,,,,,,
ctranspath,lc_colon,0,7620,1905,,1.0,1.0,0.0,0.9999728009614995,2.719903850045835e-05,0.0,0.0,0.0,,,,,,,,
ctranspath,lc_colon,1,7620,1905,,1.0,1.0,0.0,0.9999459423784511,5.4057621548864176e-05,0.0,0.0,0.0,,,,,,,,
ctranspath,lc_colon,2,7620,1905,,1.0,1.0,0.0,0.9999362761066289,6.372389337105933e-05,0.0,0.0,0.0,,,,,,,,
ctranspath,lc_colon,3,7620,1905,,1.0,1.0,0.0,0.9999610876378455,3.891236215447513e-05,0.0,0.0,0.0,,,,,,,,
ctranspath,lc_colon,4,7620,1905,,1.0,1.0,0.0,0.9999685979454731,3.1402054526896706e-05,0.0,0.0,0.0,,,,,,,,
ctranspath,breakhis,0,6089,1695,14,0.001,0.8342182890855457,0.16578171091445426,0.8517730354309567,0.03012748292679678,0.05454205111561416,0.03992199931241788,0.15116165911125798,,,,,,,,
ctranspath,breakhis,1,6545,1239,14,0.0001,0.9499596448748991,0.050040355125100855,0.836313550234103,0.11401540451154744,0.0053845204283552274,0.004090891020093419,0.048746725716839044,,,,,,,,
ctranspath,breakhis,2,6320,1464,14,0.001,0.9412568306010929,0.058743169398907114,0.883833723230227,0.05742310737086584,0.010013419587312578,0.008233168284967377,0.05696291809656191,,,,,,,,
ctranspath,breakhis,3,5994,1790,14,0.001,0.8055865921787709,0.19441340782122907,0.8387058448642856,0.0359087361590327,0.07822922492335344,0.05791692289520131,0.17410110579307694,,,,,,,,
ctranspath,breakhis,4,5808,1976,14,0.001,0.743421052631579,0.256578947368421,0.8535024095921396,0.11076822267662019,0.10740512285947634,0.07118018122835088,0.22035400573729555,,,,,,,,
ctranspath,pcam,0,7086,1914,26,0.01,0.906478578892372,0.09352142110762796,0.902201365581136,0.01190853449072956,0.023944230514483134,0.019403592591065416,0.08898078318421024,,,,,,,,
ctranspath,pcam,1,7292,1708,26,0.01,0.8916861826697893,0.10831381733021073,0.9059809563745741,0.019077354256041797,0.03202124324745431,0.025899539486320566,0.10219211356907698,,,,,,,,
ctranspath,pcam,2,7280,1720,26,0.001,0.836046511627907,0.163953488372093,0.8465265338140227,0.025150881650141385,0.07045581371630473,0.05616638583005905,0.14966406048584732,,,,,,,,
ctranspath,pcam,3,7263,1737,26,0.01,0.899251583189407,0.10074841681059299,0.8987005782960179,0.018027668329057975,0.022921162743059675,0.017637467167005542,0.09546472123453886,,,,,,,,
ctranspath,pcam,4,7007,1993,26,0.01,0.8866031108881084,0.11339688911189161,0.8994263532979534,0.02637209745474556,0.0345476316997994,0.027831941219074136,0.10668119863116635,,,,,,,,
ctranspath,sicap,0,10074,2007,19,0.001,0.7857498754359741,0.21425012456402592,0.7983088185850533,0.025947138682271196,0.08035331348792822,0.05550728885733124,0.18940409993342894,0.8114789295278324,,,,,,,
ctranspath,sicap,1,10008,2073,19,0.001,0.8268210323203087,0.17317896767969132,0.7906124151266464,0.03897275890726788,0.057207916179301356,0.04122127201927178,0.15719232351966175,0.8740341998204153,,,,,,,
ctranspath,sicap,2,10406,1675,19,0.001,0.7940298507462686,0.20597014925373136,0.7985196819765837,0.016804061269808133,0.07483858911743545,0.05193742775965546,0.18306898789595138,0.7247002322370248,,,,,,,
ctranspath,sicap,3,9595,2486,19,0.001,0.826226870474658,0.17377312952534196,0.8231376009983772,0.013838633544295353,0.05587975523176812,0.039786725095094226,0.15768009938866806,0.8742978634547302,,,,,,,
ctranspath,sicap,4,10087,1994,19,0.001,0.7447342026078235,0.2552657973921765,0.7593027223365851,0.025185516518756477,0.11713592513180349,0.08130007885911641,0.2194299511194894,0.6593947725393255,,,,,,,
ctranspath,panda,0,21995,5080,144,0.0001,0.3498031496062992,0.6501968503937008,0.35635854279326895,0.010619886227517849,0.5315343652142616,0.24870140787147493,0.36736389305091416,0.45612105079810283,0.0,0.34633490248823134,0.3547008547008547,2974,2106,0.4318418771536223,0.4930068481394013
ctranspath,panda,1,21742,5333,144,0.0001,0.34052128258016123,0.6594787174198388,0.3540964797625579,0.018533707395923922,0.5416576591764348,0.2489530869324061,0.36677414517581003,0.42726881004757544,0.00157250133752862,0.3336741649625085,0.3488953730721134,2934,2399,0.4397120745104649,0.4109550000187162
ctranspath,panda,2,21532,5543,144,0.0001,0.3783149918816525,0.6216850081183475,0.3583715436950695,0.023529964093015124,0.4800240991372915,0.2260158285400834,0.3676767375211394,0.45564199868252675,0.0,0.37840435757769947,0.3781998348472337,3121,2422,0.4246997740478825,0.4937615914569601
ctranspath,panda,3,21511,5564,144,0.0001,0.3876707404744788,0.6123292595255212,0.3543420811322102,0.03458860711556328,0.4647269308453523,0.2196990210414282,0.36730134972159706,0.48482270005592953,0.0,0.3668504703211158,0.4135429262394196,3083,2481,0.416860033623884,0.5825541589769054
ctranspath,panda,4,21805,5270,144,0.0001,0.3586337760910816,0.6413662239089184,0.3596534223271285,0.017841539765872813,0.4999960375480065,0.22633124316265735,0.36770142952356927,0.4496043605233384,0.0,0.3599188915174045,0.3569883167459974,2959,2311,0.42120527610194947,0.48589817076617414
conch,nct,0,7200,1800,,0.1,0.9816666666666667,0.018333333333333313,0.9847118627293161,0.004736608398249319,0.0011800833916872705,0.0010058996701830041,0.018159149611829045,,,,,,,,
conch,nct,1,7200,1800,,0.1,0.9811111111111112,0.018888888888888844,0.9850414975906809,0.006849815410689601,0.001283659146767975,0.0010988841942691505,0.01870411393639002,,,,,,,,
conch,nct,2,7200,1800,,0.1,0.9833333333333333,0.01666666666666672,0.9801202535426188,0.005825677158553184,0.0005790576997379231,0.0004347619458208563,0.01652237091274965,,,,,,,,
conch,nct,3,7200,1800,,0.1,0.9772222222222222,0.022777777777777786,0.9836242176914005,0.010302271861167587,0.0036891217373938774,0.003421389817274827,0.022510045857658735,,,,,,,,
conch,nct,4,7200,1800,,0.1,0.9833333333333333,0.01666666666666672,0.9847483918316832,0.005454768123854332,0.0008998753378790954,0.0007555795839620286,0.01652237091274965,,,,,,,,
conch,lung,0,11356,2839,,1.0,0.9982388164846777,0.0017611835153222843,0.9984238606380472,0.00119686882254591,3.3540259764114545e-06,1.4920907361052624e-06,0.0017593215800819782,,,,,,,,
conch,lung,1,11356,2839,,1.0,0.9992955265938711,0.0007044734061288915,0.9989759180029584,0.0010806495197241567,1.3658715113720431e-06,9.936157087633678e-07,0.0007041011503262828,,,,,,,,
conch,lung,2,11356,2839,,1.0,1.0,0.0,0.9994256337118481,0.0005743662881516683,0.0,0.0,0.0,,,,,,,,
conch,lung,3,11356,2839,,1.0,0.9992955265938711,0.0007044734061288915,0.998031886979282,0.002006239610125094,1.8650499821469858e-06,1.4927941795383105e-06,0.0007041011503262828,,,,,,,,
conch,lung,4,11356,2839,,1.0,0.9975343430785488,0.002465656921451176,0.9986455102764631,0.0017229114762472484,1.2621124504818481e-05,9.144694697532356e-06,0.0024621804916438897,,,,,,,,
conch,lc_colon,0,7620,1905,,1.0,1.0,0.0,0.9999430986656432,5.690133435676259e-05,0.0,0.0,0.0,,,,,,,,
conch,lc_colon,1,7620,1905,,1.0,1.0,0.0,0.999933703237346,6.629676265401674e-05,0.0,0.0,0.0,,,,,,,,
conch,lc_colon,2,7620,1905,,1.0,1.0,0.0,0.999959578028367,4.042197163300898e-05,0.0,0.0,0.0,,,,,,,,
conch,lc_colon,3,7620,1905,,1.0,1.0,0.0,0.9999453050960087,5.469490399134802e-05,0.0,0.0,0.0,,,,,,,,
conch,lc_colon,4,7620,1905,,1.0,1.0,0.0,0.9999540827893123,4.591721068769594e-05,0.0,0.0,0.0,,,,,,,,
conch,breakhis,0,6089,1695,14,0.001,0.7174041297935103,0.2825958702064897,0.8430959347516812,0.12569180495817084,0.13309378416560153,0.0886759312970056,0.23817801733789376,,,,,,,,
conch,breakhis,1,6545,1239,14,0.0001,0.9257465698143664,0.07425343018563357,0.827535280248947,0.10212635126151143,0.010176952486271961,0.007319324201427722,0.07139580190078934,,,,,,,,
conch,breakhis,2,6320,1464,14,0.0001,0.8790983606557377,0.12090163934426235,0.7865642492166255,0.0970057128054863,0.03135794903098503,0.023694312803718472,0.11323800311699579,,,,,,,,
conch,breakhis,3,5994,1790,14,0.001,0.6821229050279329,0.31787709497206706,0.8215777333488794,0.14321328266914352,0.18163677747590676,0.1246139068247964,0.26085422432095673,,,,,,,,
conch,breakhis,4,5808,1976,14,0.0001,0.792004048582996,0.207995951417004,0.7612870808590396,0.03236125030294765,0.10804178405579987,0.08467966627668383,0.18463383363788796,,,,,,,,
conch,pcam,0,7086,1914,26,0.01,0.9137931034482759,0.08620689655172409,0.920426672922927,0.012734371187990388,0.020856844052391833,0.017006882221428096,0.08235693472076035,,,,,,,,
conch,pcam,1,7292,1708,26,0.1,0.927400468384075,0.07259953161592503,0.9322153168648217,0.017500267099669342,0.022239989054226743,0.019517198610893675,0.06987674117259196,,,,,,,,
conch,pcam,2,7280,1720,26,0.01,0.8813953488372093,0.11860465116279073,0.901404585777661,0.026080327593968597,0.04218148712570537,0.034817649570953874,0.11124081360803922,,,,,,,,
conch,pcam,3,7263,1737,26,0.01,0.9084628670120898,0.09153713298791022,0.9089387803138677,0.011708767568641872,0.020889097027870666,0.016539204436705725,0.08718724039674527,,,,,,,,
conch,pcam,4,7007,1993,26,0.01,0.9182137481184145,0.0817862518815855,0.9143888756416139,0.009440563519032262,0.019256304538133855,0.015796194216321103,0.07832614155977274,,,,,,,,
conch,sicap,0,10074,2007,19,0.001,0.8141504733432985,0.1858495266567015,0.7981134393715473,0.02815299362997979,0.06620674332481262,0.047708463468640994,0.16735124680052987,0.8547206352787136,,,,,,,
conch,sicap,1,10008,2073,19,0.001,0.8369512783405693,0.16304872165943074,0.8026835886522352,0.041067907112433105,0.05225323067181259,0.038133661844071104,0.14892915283168925,0.8940738790970171,,,,,,,
conch,sicap,2,10406,1675,19,0.001,0.8280597014925373,0.17194029850746273,0.7994131387680554,0.033464781572501025,0.060894172965277174,0.04513260397796291,0.15617872952014847,0.7880983750548968,,,,,,,
conch,sicap,3,9595,2486,19,0.01,0.8374899436846339,0.16251005631536608,0.8636987495023817,0.02972937631645406,0.04187966841343698,0.02786244258594312,0.1484928304878722,0.8889525837359757,,,,,,,
conch,sicap,4,10087,1994,19,0.001,0.7497492477432297,0.2502507522567703,0.7879060586871054,0.04001942564799679,0.1195483555098995,0.08517499229710493,0.21587738904397571,0.7152149032762987,,,,,,,
conch,panda,0,21995,5080,144,0.001,0.3494094488188976,0.6505905511811023,0.3773383736526304,0.027928924833732778,0.5377958695360588,0.2545491145297258,0.36734379617476925,0.43765076769708366,0.0,0.34902488231338263,0.3499525166191833,2974,2106,0.3983721553686612,0.494751725101816
conch,panda,1,21742,5333,144,0.0001,0.31033189574348397,0.689668104256516,0.32869678640043554,0.025161938192310683,0.5789756244682392,0.2523662298812563,0.3630587096695331,0.39668048013134205,0.00157250133752862,0.3374233128834356,0.27719883284701957,2934,2399,0.42433094037978114,0.35987158165070254
conch,panda,2,21532,5543,144,0.001,0.3588309579650009,0.6411690420349991,0.38409528468083465,0.027364428531529403,0.5084052428295338,0.23494560915406326,0.3677094083595286,0.44151958124132384,0.0,0.38929830182633773,0.319570602807597,3121,2422,0.4543777910853727,0.41507530590099784
conch,panda,3,21511,5564,144,0.0001,0.37994248741912295,0.620057512580877,0.3289081515117363,0.052123413543420725,0.48501279199042835,0.2325833549439083,0.367628075534357,0.47741552906309226,0.0,0.39377229970807653,0.36275695284159615,3083,2481,0.43381801234748285,0.5390277839715965
conch,panda,4,21805,5270,144,0.0001,0.32751423149905123,0.6724857685009488,0.33218026222301716,0.025135599484916022,0.5338825916203511,0.22691219827152376,0.3655153751521214,0.43187184221175057,0.0,0.3305170665765461,0.32366940718303766,2959,2311,0.4331511505167751,0.42805081664366695
hibou_b,nct,0,7200,1800,,0.1,0.99,0.010000000000000009,0.992112941479755,0.00459682148414663,0.0002097321085959296,0.00015678734278583512,0.009947055234189914,,,,,,,,
hibou_b,nct,1,7200,1800,,0.1,0.9877777777777778,0.012222222222222245,0.9916267818713825,0.004860030663930471,0.0003604655616029103,0.00028207360298050763,0.012143830263599843,,,,,,,,
hibou_b,nct,2,7200,1800,,0.1,0.9922222222222222,0.007777777777777772,0.9906422729017165,0.006741195519433502,7.060631296749528e-05,3.81205829063688e-05,0.007745292047716646,,,,,,,,
hibou_b,nct,3,7200,1800,,0.1,0.9894444444444445,0.01055555555555554,0.98995158372625,0.00804708174358868,0.0008553993721577887,0.0007965608853657942,0.010496717068763546,,,,,,,,
hibou_b,nct,4,7200,1800,,0.1,0.9916666666666667,0.008333333333333304,0.9919591123925966,0.0038572427870070063,0.00017633666377146653,0.0001392032026894709,0.008296199872251308,,,,,,,,
hibou_b,lung,0,11356,2839,,1.0,1.0,0.0,0.9996368806139266,0.0003631193860732622,0.0,0.0,0.0,,,,,,,,
hibou_b,lung,1,11356,2839,,1.0,1.0,0.0,0.9996137028007723,0.00038629719922770483,0.0,0.0,0.0,,,,,,,,
hibou_b,lung,2,11356,2839,,1.0,1.0,0.0,0.9997782648824738,0.0002217351175263506,0.0,0.0,0.0,,,,,,,,
hibou_b,lung,3,11356,2839,,1.0,1.0,0.0,0.9997508006109235,0.00024919938907653756,0.0,0.0,0.0,,,,,,,,
hibou_b,lung,4,11356,2839,,1.0,1.0,0.0,0.9997591015347264,0.00024089846527353866,0.0,0.0,0.0,,,,,,,,
hibou_b,lc_colon,0,7620,1905,,1.0,1.0,0.0,0.9999664011079893,3.359889201071109e-05,0.0,0.0,0.0,,,,,,,,
hibou_b,lc_colon,1,7620,1905,,1.0,1.0,0.0,0.9999722178335384,2.778216646159848e-05,0.0,0.0,0.0,,,,,,,,
hibou_b,lc_colon,2,7620,1905,,1.0,1.0,0.0,0.9999698974565362,3.010254346380581e-05,0.0,0.0,0.0,,,,,,,,
hibou_b,lc_colon,3,7620,1905,,1.0,1.0,0.0,0.9999681995666101,3.180043338990579e-05,0.0,0.0,0.0,,,,,,,,
hibou_b,lc_colon,4,7620,1905,,1.0,1.0,0.0,0.9999672474582785,3.275254172152575e-05,0.0,0.0,0.0,,,,,,,,
hibou_b,breakhis,0,6089,1695,14,0.001,0.8412979351032448,0.1587020648967552,0.8298619709746418,0.017185200670584204,0.05161731187895416,0.03825264952532997,0.14533740254313102,,,,,,,,
hibou_b,breakhis,1,6545,1239,14,0.0001,0.9394673123486683,0.060532687651331685,0.8138122075626878,0.12767295942679197,0.005402262742132641,0.0035076097528947445,0.05863803466209379,,,,,,,,
hibou_b,breakhis,2,6320,1464,14,0.001,0.9433060109289617,0.05669398907103829,0.8711701715130445,0.07492005849857761,0.005875663383940655,0.004217938608855295,0.05503626429595293,,,,,,,,
hibou_b,breakhis,3,5994,1790,14,0.001,0.770391061452514,0.22960893854748599,0.811521489253055,0.041130427800541006,0.09413707852180687,0.0654259344501359,0.20089779447581502,,,,,,,,
hibou_b,breakhis,4,5808,1976,14,0.001,0.743421052631579,0.256578947368421,0.8488932514473202,0.10608282913231458,0.12153081925247147,0.085305877621346,0.22035400573729555,,,,,,,,
hibou_b,pcam,0,7086,1914,26,0.001,0.9467084639498433,0.053291536050156685,0.9166827371183364,0.03082444945405035,0.011498103241667787,0.01003827135345586,0.051831704161944755,,,,,,,,
hibou_b,pcam,1,7292,1708,26,0.01,0.9344262295081968,0.06557377049180324,0.9524767422930918,0.022902898534659502,0.019125781056850227,0.01690803134644115,0.06335602078139416,,,,,,,,
hibou_b,pcam,2,7280,1720,26,0.001,0.9255813953488372,0.07441860465116279,0.912452771435041,0.024301803458896095,0.03137583546135417,0.028513776168633195,0.07155654535844182,,,,,,,,
hibou_b,pcam,3,7263,1737,26,0.001,0.9424294761082326,0.05757052389176742,0.9146142238953897,0.03195425130136016,0.008071916180321083,0.006365415092732248,0.055864022804178584,,,,,,,,
hibou_b,pcam,4,7007,1993,26,0.001,0.946312092323131,0.05368790767686904,0.9169797591618708,0.030697919680037038,0.013652481296906206,0.012171311704231774,0.05220673808419461,,,,,,,,
hibou_b,sicap,0,10074,2007,19,0.001,0.817140009965122,0.18285999003487796,0.8102909953918742,0.019082425856486243,0.05969585200932545,0.04180751358048343,0.16497165160603594,0.8293621586639772,,,,,,,
hibou_b,sicap,1,10008,2073,19,0.001,0.8364688856729378,0.16353111432706224,0.8026142948966437,0.04007574152335756,0.05343027381982368,0.03922458882752927,0.14932542933476783,0.8984688747772737,,,,,,,
hibou_b,sicap,2,10406,1675,19,0.001,0.808955223880597,0.19104477611940296,0.8166974441509112,0.014958303734831039,0.06331054388293259,0.043716733254272964,0.17145096549074335,0.7334300791390755,,,,,,,
hibou_b,sicap,3,9595,2486,19,0.001,0.827031375703942,0.17296862429605797,0.8277913815351683,0.013666802340266402,0.05149030130799432,0.035550610091430485,0.15702893307949414,0.8820318494870167,,,,,,,
hibou_b,sicap,4,10087,1994,19,0.001,0.7457372116349047,0.2542627883650953,0.7752499061290018,0.03504573474716816,0.1064887037760187,0.07094804857081423,0.21872213315989084,0.6575494141719214,,,,,,,
hibou_b,panda,0,21995,5080,144,0.0001,0.36161417322834644,0.6383858267716536,0.3630475735450088,0.018810976699698348,0.5313676879118299,0.2607448201972604,0.3677629590570841,0.46799295415752074,0.0,0.34162743779421656,0.3898385565052232,2974,2106,0.4380999455544916,0.5117270481339711
hibou_b,panda,1,21742,5333,144,0.0001,0.32908306769173074,0.6709169323082693,0.35615994396048334,0.03612818468635598,0.539443982572449,0.2342219105631853,0.36569486029900566,0.44657412164966515,0.00157250133752862,0.30913428766189505,0.35348061692371824,2934,2399,0.44537770982163516,0.44810281093242565
hibou_b,panda,2,21532,5543,144,0.0001,0.3768717301100487,0.6231282698899513,0.3623088221320975,0.016701778941857107,0.4841220155487268,0.22870796726025028,0.36771422160147477,0.4258656671107428,0.0,0.37712271707785966,0.37654830718414534,3121,2422,0.40972978996830367,0.43969019622067496
hibou_b,panda,3,21511,5564,144,0.0001,0.3914450035945363,0.6085549964054637,0.3604092586812152,0.03107082678131975,0.45610904009376285,0.21463964369212127,0.3670856000038222,0.44810455834283835,0.0,0.37204022056438535,0.41555824264409513,3083,2481,0.3630451887919981,0.5666715623441687
hibou_b,panda,4,21805,5270,144,0.0001,0.35332068311195447,0.6466793168880456,0.36435502879591547,0.02688180896312577,0.5091550146445958,0.2300018342946395,0.3675261365380893,0.4369171585251328,0.0,0.3565393714092599,0.34919948074426654,2959,2311,0.4130253530605653,0.4663658711057428
phikon,nct,0,7200,1800,,1.0,0.9961111111111111,0.0038888888888889417,0.9963583072922199,0.003316493953416641,0.00012045022382458858,0.00011179862760714235,0.0038802372926714955,,,,,,,,
phikon,nct,1,7200,1800,,1.0,0.9933333333333333,0.00666666666666671,0.9966349836442105,0.004701024525104987,0.0003591338810100992,0.0003350106030358427,0.006642543388692453,,,,,,,,
phikon,nct,2,7200,1800,,0.1,0.9972222222222222,0.002777777777777768,0.9929064175020585,0.004864524624789384,2.1094639932933208e-05,1.6461576177288434e-05,0.002773144714022123,,,,,,,,
phikon,nct,3,7200,1800,,0.1,0.9922222222222222,0.007777777777777772,0.9932916030436694,0.004991928604433467,0.000309040243237361,0.0002765545131762345,0.007745292047716646,,,,,,,,
phikon,nct,4,7200,1800,,0.1,0.9933333333333333,0.00666666666666671,0.9933842768254094,0.002975559790673375,0.000107463008036723,8.333973006246646e-05,0.006642543388692453,,,,,,,,
phikon,lung,0,11356,2839,,1.0,1.0,0.0,0.999822891770435,0.00017710822956495953,0.0,0.0,0.0,,,,,,,,
phikon,lung,1,11356,2839,,1.0,1.0,0.0,0.999388083560277,0.0006119164397229741,0.0,0.0,0.0,,,,,,,,
phikon,lung,2,11356,2839,,1.0,1.0,0.0,0.9995387894103077,0.0004612105896922705,0.0,0.0,0.0,,,,,,,,
phikon,lung,3,11356,2839,,1.0,1.0,0.0,0.9995685916495693,0.00043140835043088764,0.0,0.0,0.0,,,,,,,,
phikon,lung,4,11356,2839,,1.0,1.0,0.0,0.9994981230270708,0.0005018769729293552,0.0,0.0,0.0,,,,,,,,
phikon,lc_colon,0,7620,1905,,1.0,1.0,0.0,0.9999820880297048,1.791197029521463e-05,0.0,0.0,0.0,,,,,,,,
phikon,lc_colon,1,7620,1905,,1.0,1.0,0.0,0.9999817246776906,1.827532230935791e-05,0.0,0.0,0.0,,,,,,,,
phikon,lc_colon,2,7620,1905,,1.0,1.0,0.0,0.9999793038535063,2.069614649369278e-05,0.0,0.0,0.0,,,,,,,,
phikon,lc_colon,3,7620,1905,,1.0,1.0,0.0,0.9999830614962025,1.6938503797470084e-05,0.0,0.0,0.0,,,,,,,,
phikon,lc_colon,4,7620,1905,,1.0,1.0,0.0,0.9999791268206856,2.0873179314429002e-05,0.0,0.0,0.0,,,,,,,,
phikon,breakhis,0,6089,1695,14,0.001,0.8407079646017699,0.15929203539823011,0.8603304332935607,0.024139788627246986,0.0464911520547244,0.033024156339918856,0.14582503968342458,,,,,,,,
phikon,breakhis,1,6545,1239,14,0.0001,0.9564164648910412,0.04358353510895885,0.8523407724937756,0.10684802530856148,0.004050784964234544,0.0030693325669386064,0.04260208271166291,,,,,,,,
phikon,breakhis,2,6320,1464,14,0.0001,0.9542349726775956,0.045765027322404395,0.8278789251972153,0.12635604748038018,0.00543436035372219,0.0043551637591451335,0.044685830727827336,,,,,,,,
phikon,breakhis,3,5994,1790,14,0.001,0.8016759776536313,0.1983240223463687,0.8439433378784169,0.05308656546403106,0.09438546361017512,0.07321714774917525,0.17715570648536882,,,,,,,,
phikon,breakhis,4,5808,1976,14,0.001,0.7894736842105263,0.21052631578947367,0.871286798490341,0.08662760615032372,0.09834858082276524,0.07439172391327065,0.18656945887997908,,,,,,,,
phikon,pcam,0,7086,1914,26,0.001,0.93521421107628,0.06478578892372,0.9113720033206307,0.031236059959008973,0.010855093693340872,0.008692725841267141,0.06262342107164627,,,,,,,,
phikon,pcam,1,7292,1708,26,0.001,0.9180327868852459,0.08196721311475408,0.9113948129176727,0.02205156968228962,0.018490556457502427,0.015011512370799677,0.07848816902805134,,,,,,,,
phikon,pcam,2,7280,1720,26,0.001,0.9174418604651163,0.08255813953488367,0.9096420714883359,0.0184922727081907,0.029013262444525845,0.02548348641420177,0.07902836350455959,,,,,,,,
phikon,pcam,3,7263,1737,26,0.001,0.9447322970639033,0.05526770293609673,0.9169964132646191,0.0308376933753316,0.007196886839309796,0.005624781214349907,0.05369559731113684,,,,,,,,
phikon,pcam,4,7007,1993,26,0.001,0.9387857501254391,0.06121424987456092,0.9113809521585158,0.03534158782460539,0.013238153470959704,0.011309761509284649,0.05928585791288587,,,,,,,,
phikon,sicap,0,10074,2007,19,0.001,0.7354260089686099,0.2645739910313901,0.7758414563890682,0.049301214268865814,0.11492876887655998,0.07628922036341797,0.22593444251824812,0.7535510953870854,,,,,,,
phikon,sicap,1,10008,2073,19,0.001,0.7756874095513748,0.22431259044862517,0.7719791763919276,0.017640205752498396,0.09748418640093777,0.07014649704415551,0.1969749010918429,0.8348721811877504,,,,,,,
phikon,sicap,2,10406,1675,19,0.001,0.7737313432835821,0.22626865671641794,0.7654808132958372,0.03246150196200699,0.09001975506703261,0.06216931134141902,0.19841821299080437,0.6839878448646539,,,,,,,
phikon,sicap,3,9595,2486,19,0.001,0.7763475462590507,0.22365245374094933,0.7875231186070373,0.022172904550693234,0.0819790681874303,0.054817894397593395,0.19649127995111243,0.8186446235352995,,,,,,,
phikon,sicap,4,10087,1994,19,0.001,0.6815446339017052,0.31845536609829483,0.7345555530193559,0.05729436828015619,0.16545750077319618,0.10822210512680859,0.26121997045190726,0.5830793753404844,,,,,,,
phikon,panda,0,21995,5080,144,0.0001,0.34153543307086615,0.6584645669291338,0.3552878805772422,0.020083807166087448,0.5548499790893505,0.26323344104939556,0.36684802888917883,0.4595407676045401,0.0,0.3496973772696705,0.33000949667616336,2974,2106,0.4684791783472715,0.4463047713628524
phikon,panda,1,21742,5333,144,0.0001,0.33358334895930997,0.66641665104069,0.34948978634278066,0.031444801405767386,0.5342760871622478,0.23402562055914616,0.36616618443758836,0.4305744463363713,0.00157250133752862,0.33060668029993184,0.33722384326802834,2934,2399,0.4537225315335851,0.40293857076849626
phikon,panda,2,21532,5543,144,0.0001,0.3665884899873715,0.6334115100126285,0.36206304988690746,0.017043043987179974,0.497855700633264,0.23226423429556942,0.3678200436749339,0.43356762531656157,0.0,0.38769625120153794,0.3393889347646573,3121,2422,0.44569019645638097,0.4094362297148194
phikon,panda,3,21511,5564,144,0.0001,0.3930625449317038,0.6069374550682962,0.35503396684416866,0.038028578087535084,0.4663270493722312,0.22637156946121423,0.36698197515727926,0.46183114063773156,0.0,0.3892312682452157,0.3978234582829504,3083,2481,0.3901942062205448,0.5605840913383255
phikon,panda,4,21805,5270,144,0.0001,0.34743833017077796,0.652561669829222,0.3551452481058545,0.022279120980070267,0.5305073924833713,0.24518453565906256,0.3672388130049133,0.436859882161692,0.0,0.3359242987495776,0.36218087408048466,2959,2311,0.411616293523805,0.4662507824186909
phikon_v2,nct,0,7200,1800,,1.0,0.9938888888888889,0.006111111111111067,0.9967519951657626,0.003398464812372994,7.412983414063872e-05,5.3721625175718075e-05,0.006090702902146147,,,,,,,,
phikon_v2,nct,1,7200,1800,,0.1,0.9922222222222222,0.007777777777777772,0.9935938614193633,0.00234843356489063,0.00016918579868500724,0.00013670006862388074,0.007745292047716646,,,,,,,,
phikon_v2,nct,2,7200,1800,,0.1,0.9966666666666667,0.0033333333333332993,0.9939013897975886,0.0035056880191198787,2.6083644943787528e-05,1.9596152068600916e-05,0.0033268458404581125,,,,,,,,
phikon_v2,nct,3,7200,1800,,1.0,0.9905555555555555,0.009444444444444478,0.9959259155292403,0.008172739473054236,0.00033236204535336034,0.0002849992409541467,0.009397081640045263,,,,,,,,
phikon_v2,nct,4,7200,1800,,0.1,0.9944444444444445,0.005555555555555536,0.9934146096623628,0.0023699148698994306,0.00021384659685445536,0.00019684291718084063,0.005538551875881921,,,,,,,,
phikon_v2,lung,0,11356,2839,,1.0,1.0,0.0,0.999626838156334,0.0003731618436659525,0.0,0.0,0.0,,,,,,,,
phikon_v2,lung,1,11356,2839,,1.0,0.9996477632969355,0.0003522367030645013,0.9996301355811505,0.0003782454941531897,1.2407069498573486e-07,0.0,0.00035211263236951555,,,,,,,,
phikon_v2,lung,2,11356,2839,,1.0,1.0,0.0,0.9997074891166743,0.00029251088332579874,0.0,0.0,0.0,,,,,,,,
phikon_v2,lung,3,11356,2839,,1.0,1.0,0.0,0.9996424084071878,0.0003575915928121393,0.0,0.0,0.0,,,,,,,,
phikon_v2,lung,4,11356,2839,,1.0,0.9996477632969355,0.0003522367030645013,0.9996215334126218,0.00036823487752463634,4.965452091631282e-07,3.7247451417739333e-07,0.00035211263236951555,,,,,,,,
phikon_v2,lc_colon,0,7620,1905,,1.0,1.0,0.0,0.9999773694716299,2.2630528370148895e-05,0.0,0.0,0.0,,,,,,,,
phikon_v2,lc_colon,1,7620,1905,,1.0,1.0,0.0,0.9999763557137731,2.3644286226920386e-05,0.0,0.0,0.0,,,,,,,,
phikon_v2,lc_colon,2,7620,1905,,1.0,1.0,0.0,0.9999787415867053,2.125841329470024e-05,0.0,0.0,0.0,,,,,,,,
phikon_v2,lc_colon,3,7620,1905,,1.0,1.0,0.0,0.9999753034796149,2.4696520385059095e-05,0.0,0.0,0.0,,,,,,,,
phikon_v2,lc_colon,4,7620,1905,,1.0,1.0,0.0,0.9999752436225454,2.4756377454582257e-05,0.0,0.0,0.0,,,,,,,,
phikon_v2,breakhis,0,6089,1695,14,0.001,0.8430678466076696,0.15693215339233035,0.8742621716274714,0.03119432501980165,0.046056486102783095,0.03299634264767394,0.1438720099372212,,,,,,,,
phikon_v2,breakhis,1,6545,1239,14,0.0001,0.9612590799031477,0.03874092009685226,0.8586883726993161,0.10257070720383155,0.0044375296181190255,0.0036615875474383065,0.03796497802617154,,,,,,,,
phikon_v2,breakhis,2,6320,1464,14,0.001,0.9631147540983607,0.03688524590163933,0.9131752436100434,0.052849694618027916,0.0039006071953834034,0.0031992304035448403,0.036183869109800766,,,,,,,,
phikon_v2,breakhis,3,5994,1790,14,0.001,0.8195530726256983,0.18044692737430168,0.8638039403646824,0.04662589902517713,0.06758081552545873,0.05017137655464392,0.16303748840348686,,,,,,,,
phikon_v2,breakhis,4,5808,1976,14,0.001,0.8087044534412956,0.1912955465587044,0.8653551856981844,0.05665073225688888,0.0649671526341509,0.045328756853048685,0.17165715077760219,,,,,,,,
phikon_v2,pcam,0,7086,1914,26,0.001,0.9383490073145245,0.06165099268547547,0.9039064315978161,0.03929436489408093,0.010787939802027585,0.00883111034915102,0.05969416323259891,,,,,,,,
phikon_v2,pcam,1,7292,1708,26,0.01,0.9110070257611241,0.08899297423887587,0.9374522235403214,0.03079026433266929,0.020426418908325025,0.01631750704322208,0.08488406237377293,,,,,,,,
phikon_v2,pcam,2,7280,1720,26,0.001,0.9052325581395348,0.09476744186046515,0.898121142703443,0.015041205309737349,0.03258736055771232,0.027920405085254413,0.09010048638800724,,,,,,,,
phikon_v2,pcam,3,7263,1737,26,0.01,0.9424294761082326,0.05757052389176742,0.9434884616328936,0.008279558475649748,0.008542698757628793,0.006836197670039958,0.055864022804178584,,,,,,,,
phikon_v2,pcam,4,7007,1993,26,0.001,0.9387857501254391,0.06121424987456092,0.9076936983897306,0.040024706810116474,0.012001032065312696,0.010072640103637641,0.05928585791288587,,,,,,,,
phikon_v2,sicap,0,10074,2007,19,0.001,0.7473841554559043,0.2526158445440957,0.7747113821177608,0.03144928243353785,0.10753180524471147,0.07247333945494752,0.21755737875433173,0.7579601457825805,,,,,,,
phikon_v2,sicap,1,10008,2073,19,0.001,0.7747226242161119,0.22527737578388807,0.7746546097120087,0.017707746215852666,0.09520359558360184,0.06762001239574451,0.19769379259603076,0.8442943696470768,,,,,,,
phikon_v2,sicap,2,10406,1675,19,0.001,0.7665671641791045,0.23343283582089547,0.7624768113732795,0.021160427183709595,0.09294749958557348,0.06322381659910024,0.20370915283442223,0.6690701373738699,,,,,,,
phikon_v2,sicap,3,9595,2486,19,0.001,0.7767497988736927,0.22325020112630733,0.7880072854572658,0.02981702589318014,0.07768494358515249,0.050625578748658126,0.196190836289813,0.8160871956855829,,,,,,,
phikon_v2,sicap,4,10087,1994,19,0.001,0.6715145436308927,0.3284854563691073,0.7426572902058142,0.07114274657492145,0.16600426314943179,0.10484671165070339,0.26732790487037894,0.5818984941283866,,,,,,,
phikon_v2,panda,0,21995,5080,144,0.0001,0.3346456692913386,0.6653543307086613,0.35330480771289974,0.021544136492604532,0.5619366896042652,0.2628478085536022,0.3662654496579983,0.4454658012784293,0.0,0.339946200403497,0.3271604938271605,2974,2106,0.43861963271718707,0.4549002827963389
phikon_v2,panda,1,21742,5333,144,0.0001,0.342021376336021,0.6579786236639791,0.3506928162280982,0.025647952176144125,0.5293061511558488,0.2382144376605292,0.3668869101686595,0.4212290025810911,0.00157250133752862,0.3278800272665303,0.35931638182576076,2934,2399,0.4255216282820482,0.416101214614055
phikon_v2,panda,2,21532,5543,144,0.0001,0.3687533826447772,0.6312466173552228,0.359478614598067,0.02479247044210641,0.500547963961109,0.23712281599536428,0.3678214693894781,0.4323900717367215,0.0,0.3800064082024992,0.3542526837324525,3121,2422,0.42543184445931315,0.43340003358060064
phikon_v2,panda,3,21511,5564,144,0.0001,0.3788641265276779,0.621135873472322,0.3526915041384004,0.029751715047444918,0.47666757656692477,0.22319294288078056,0.3676612397861778,0.44674182435730714,0.0,0.37722997080765486,0.3808948004836759,3083,2481,0.3822533755637658,0.5355045024988551
phikon_v2,panda,4,21805,5270,144,0.0001,0.3535104364326376,0.6464895635673624,0.35535388634847836,0.012566271154460197,0.5260566875796718,0.24710088968757704,0.36753376567526763,0.4212300339382199,0.0,0.35180804325785736,0.3556901774123756,2959,2311,0.4034724000369818,0.4413397254070639
hibou_l,nct,0,7200,1800,,1.0,0.9933333333333333,0.00666666666666671,0.9950602016063049,0.004265778597449396,0.0003469130725534151,0.0003227897945791586,0.006642543388692453,,,,,,,,
hibou_l,nct,1,7200,1800,,0.1,0.9916666666666667,0.008333333333333304,0.9909249977354535,0.004118456999986605,0.0007696740211308469,0.0007325405600488513,0.008296199872251308,,,,,,,,
hibou_l,nct,2,7200,1800,,0.1,0.9966666666666667,0.0033333333333332993,0.9896720067262774,0.007546047859860012,6.397773434504983e-05,5.749024146986322e-05,0.0033268458404581125,,,,,,,,
hibou_l,nct,3,7200,1800,,0.1,0.9888888888888889,0.011111111111111072,0.990668282740218,0.004950987992743498,0.0007778804687213299,0.0007128363263289318,0.011046066968718673,,,,,,,,
hibou_l,nct,4,7200,1800,,0.1,0.9922222222222222,0.007777777777777772,0.9903723073625191,0.004433032325845938,0.00012817424543190865,9.568851537078217e-05,0.007745292047716646,,,,,,,,
hibou_l,lung,0,11356,2839,,1.0,1.0,0.0,0.9998571347320044,0.0001428652679955512,0.0,0.0,0.0,,,,,,,,
hibou_l,lung,1,11356,2839,,1.0,1.0,0.0,0.9998360975927276,0.00016390240727241897,0.0,0.0,0.0,,,,,,,,
hibou_l,lung,2,11356,2839,,1.0,1.0,0.0,0.9998417777150755,0.00015822228492438198,0.0,0.0,0.0,,,,,,,,
hibou_l,lung,3,11356,2839,,1.0,1.0,0.0,0.9998785229078184,0.00012147709218157665,0.0,0.0,0.0,,,,,,,,
hibou_l,lung,4,11356,2839,,1.0,0.9996477632969355,0.0003522367030645013,0.9995274717934313,0.0005318936460184349,1.2407069498573486e-07,0.0,0.00035211263236951555,,,,,,,,
hibou_l,lc_colon,0,7620,1905,,1.0,1.0,0.0,0.9999846548177114,1.5345182288628578e-05,0.0,0.0,0.0,,,,,,,,
hibou_l,lc_colon,1,7620,1905,,1.0,1.0,0.0,0.9999836454592783,1.635454072168585e-05,0.0,0.0,0.0,,,,,,,,
hibou_l,lc_colon,2,7620,1905,,1.0,1.0,0.0,0.9999873816941339,1.2618305866074486e-05,0.0,0.0,0.0,,,,,,,,
hibou_l,lc_colon,3,7620,1905,,1.0,1.0,0.0,0.9999813119480686,1.8688051931392557e-05,0.0,0.0,0.0,,,,,,,,
hibou_l,lc_colon,4,7620,1905,,1.0,1.0,0.0,0.9999869480960039,1.3051903996141867e-05,0.0,0.0,0.0,,,,,,,,
hibou_l,breakhis,0,6089,1695,14,0.001,0.8206489675516224,0.17935103244837758,0.8523884279645451,0.039393186493758725,0.053841941511282194,0.03664734838012377,0.16215643931721915,,,,,,,,
hibou_l,breakhis,1,6545,1239,14,0.001,0.9685230024213075,0.03147699757869249,0.9360653075670111,0.03385766904628565,0.002588954076328801,0.002075572985021751,0.03096361648738544,,,,,,,,
hibou_l,breakhis,2,6320,1464,14,0.001,0.9515027322404371,0.04849726775956287,0.8911596392748868,0.060343092965550287,0.0051611916754113855,0.003949154121282466,0.047285230205433945,,,,,,,,
hibou_l,breakhis,3,5994,1790,14,0.001,0.7988826815642458,0.2011173184357542,0.849128520637341,0.0502458390730953,0.06521025506223611,0.04341882685247062,0.17932589022598872,,,,,,,,
hibou_l,breakhis,4,5808,1976,14,0.001,0.8071862348178138,0.19281376518218618,0.851523389132531,0.044935311672260864,0.06258755563811805,0.04262499893240023,0.17285120847646837,,,,,,,,
hibou_l,pcam,0,7086,1914,26,0.001,0.9629049111807733,0.03709508881922674,0.9364491476036828,0.02718813602130033,0.009555530679059189,0.008849150314510227,0.03638870845467778,,,,,,,,
hibou_l,pcam,1,7292,1708,26,0.001,0.9373536299765808,0.06264637002341922,0.9323866135484283,0.009131911646581902,0.017594205359887292,0.015571275592048336,0.060623440255580266,,,,,,,,
hibou_l,pcam,2,7280,1720,26,0.001,0.9337209302325581,0.06627906976744191,0.9264566929282142,0.02148210736123025,0.02727549291397085,0.02500957061659916,0.06401314747007023,,,,,,,,
hibou_l,pcam,3,7263,1737,26,0.01,0.9643062751871042,0.03569372481289579,0.9566596186119952,0.0089620550433717,0.005927331169763943,0.005272320200028139,0.035038713843159985,,,,,,,,
hibou_l,pcam,4,7007,1993,26,0.001,0.951329653788259,0.048670346211741045,0.9317201387389065,0.021705986350794328,0.011024239368338535,0.0098079330499224,0.04745403989332491,,,,,,,,
hibou_l,sicap,0,10074,2007,19,0.001,0.8480318883906328,0.15196811160936718,0.8341854018598206,0.01767645303948329,0.04615699321436172,0.033938094958873816,0.13974921335387927,0.8763368560089876,,,,,,,
hibou_l,sicap,1,10008,2073,19,0.001,0.8832609744331886,0.11673902556681137,0.836779027252475,0.04824376347746896,0.03166930122266652,0.024545342739317903,0.10961506708346275,0.9344408532214178,,,,,,,
hibou_l,sicap,2,10406,1675,19,0.001,0.8483582089552238,0.15164179104477615,0.8348557349768941,0.019130549265973983,0.042445263900590544,0.030272688860616508,0.1394692160048021,0.8133224461786055,,,,,,,
hibou_l,sicap,3,9595,2486,19,0.001,0.8563958165728077,0.14360418342719228,0.8508001292716331,0.01693742189950294,0.03775846267523654,0.02688611312705267,0.13273183387900842,0.911630713183627,,,,,,,
hibou_l,sicap,4,10087,1994,19,0.001,0.779839518555667,0.22016048144433298,0.7945587855322505,0.027577306397182432,0.08590600291485304,0.059610778013346695,0.19386525654282663,0.6950141155390233,,,,,,,
hibou_l,panda,0,21995,5080,144,0.0001,0.3598425196850394,0.6401574803149606,0.37109261291556034,0.027817803632110557,0.5231981071829855,0.2507686320705622,0.36772800520253723,0.4798104995153126,0.0,0.3547410894418292,0.3670465337132004,2974,2106,0.45702078653616574,0.5127910711189807
hibou_l,panda,1,21742,5333,144,0.0001,0.3378961185074067,0.6621038814925932,0.3652957648278371,0.03928384924541943,0.5178907141792006,0.2223477201696839,0.3665608874830765,0.4476515644273166,0.00157250133752862,0.3098159509202454,0.37223843268028345,2934,2399,0.45584163395565114,0.43717245361254464
hibou_l,panda,2,21532,5543,144,0.0001,0.3927476095976908,0.6072523904023093,0.3783091920097049,0.016135907788005176,0.4627319909534755,0.22248206747494798,0.36700246692378174,0.46099823291443,0.0,0.41268824094841394,0.3670520231213873,3121,2422,0.4442303183726942,0.47580919124846655
hibou_l,panda,3,21511,5564,144,0.0001,0.40222861250898634,0.5977713874910137,0.373359142536704,0.03223951895713455,0.4397487713198234,0.2082472119979942,0.3662698281691845,0.4714411232542549,0.0,0.3814466428803114,0.4280532043530834,3083,2481,0.3790034880544706,0.5990280384191957
hibou_l,panda,4,21805,5270,144,0.0001,0.374573055028463,0.6254269449715371,0.3745672150786268,0.02057435390089846,0.4867964453825088,0.22912908047621117,0.3677595800652394,0.48503544916919117,0.0,0.38154782020953026,0.3656425789701428,2959,2311,0.45685484440665713,0.5197050751277625
virchow2,nct,0,7200,1800,,0.1,0.9938888888888889,0.006111111111111067,0.9968613317961951,0.0042128149456584765,0.00044228336766488613,0.0004218751586999655,0.006090702902146147,,,,,,,,
virchow2,nct,1,7200,1800,,0.1,0.9922222222222222,0.007777777777777772,0.9965185491266818,0.004861383600976047,0.0003783986429328603,0.0003459129128717338,0.007745292047716646,,,,,,,,
virchow2,nct,2,7200,1800,,0.1,0.9972222222222222,0.002777777777777768,0.9962352657917142,0.003082858827398942,9.588726431541282e-06,4.955662675896508e-06,0.002773144714022123,,,,,,,,
virchow2,nct,3,7200,1800,,0.1,0.9916666666666667,0.008333333333333304,0.9959833734073263,0.006099340864556326,0.000308294583596847,0.00027116112251485136,0.008296199872251308,,,,,,,,
virchow2,nct,4,7200,1800,,0.1,0.9961111111111111,0.0038888888888889417,0.9965057435049739,0.0035356735232781374,0.00048022713959794644,0.0004715755433805002,0.0038802372926714955,,,,,,,,
virchow2,lung,0,11356,2839,,1.0,1.0,0.0,0.9999111100083872,8.888999161282829e-05,0.0,0.0,0.0,,,,,,,,
virchow2,lung,1,11356,2839,,1.0,1.0,0.0,0.9999314914391919,6.850856080808931e-05,0.0,0.0,0.0,,,,,,,,
virchow2,lung,2,11356,2839,,1.0,1.0,0.0,0.9999402390020411,5.9760997958901996e-05,0.0,0.0,0.0,,,,,,,,
virchow2,lung,3,11356,2839,,1.0,1.0,0.0,0.9999343329116661,6.566708833388724e-05,0.0,0.0,0.0,,,,,,,,
virchow2,lung,4,11356,2839,,1.0,1.0,0.0,0.9998522064841562,0.00014779351584366928,0.0,0.0,0.0,,,,,,,,
virchow2,lc_colon,0,7620,1905,,1.0,1.0,0.0,0.9999959221229501,4.077877049923906e-06,0.0,0.0,0.0,,,,,,,,
virchow2,lc_colon,1,7620,1905,,1.0,1.0,0.0,0.9999958842891163,4.115710883656476e-06,0.0,0.0,0.0,,,,,,,,
virchow2,lc_colon,2,7620,1905,,1.0,1.0,0.0,0.9999956600629585,4.3399370415198035e-06,0.0,0.0,0.0,,,,,,,,
virchow2,lc_colon,3,7620,1905,,1.0,1.0,0.0,0.9999954023449004,4.5976550996362775e-06,0.0,0.0,0.0,,,,,,,,
virchow2,lc_colon,4,7620,1905,,1.0,1.0,0.0,0.999995472997275,4.527002725018825e-06,0.0,0.0,0.0,,,,,,,,
virchow2,breakhis,0,6089,1695,14,0.001,0.8902654867256637,0.10973451327433625,0.9155941121484574,0.02533847621855096,0.01920040419748948,0.012914035948431764,0.10344814502527853,,,,,,,,
virchow2,breakhis,1,6545,1239,14,0.001,0.9919289749798225,0.008071025020177536,0.9702267402849162,0.021714118102410862,0.00019582695996010164,0.0001599120633957404,0.008035110123613175,,,,,,,,
virchow2,breakhis,2,6320,1464,14,0.001,0.9726775956284153,0.02732240437158473,0.9481446389524916,0.026634259614515002,0.0013173538664488266,0.0009313210674246415,0.026936371572560545,,,,,,,,
virchow2,breakhis,3,5994,1790,14,0.001,0.8614525139664805,0.13854748603351952,0.890115890226908,0.028663376260427503,0.02987050867917063,0.01975734763987382,0.1284343249942227,,,,,,,,
virchow2,breakhis,4,5808,1976,14,0.001,0.8588056680161943,0.1411943319838057,0.884006056569222,0.03604365104617794,0.035351320770157985,0.024842322849086294,0.13068533406273403,,,,,,,,
virchow2,pcam,0,7086,1914,26,0.001,0.9555903866248694,0.04440961337513061,0.9364851369571044,0.02494980028552753,0.009697889500102082,0.008685252851698971,0.043396976726727494,,,,,,,,
virchow2,pcam,1,7292,1708,26,0.01,0.9432084309133489,0.05679156908665106,0.967840159341103,0.025821258175760822,0.016887211024102775,0.01522652232466901,0.05513088038721729,,,,,,,,
virchow2,pcam,2,7280,1720,26,0.001,0.9366279069767441,0.06337209302325586,0.933084403175177,0.019886409326436143,0.023977146713532505,0.02190690250638654,0.061301848816109894,,,,,,,,
virchow2,pcam,3,7263,1737,26,0.001,0.9579735175590098,0.042026482440990165,0.932425485691052,0.0276952476445207,0.005392882457752963,0.004485036704539497,0.0411186366877767,,,,,,,,
virchow2,pcam,4,7007,1993,26,0.001,0.9543401906673357,0.045659809332664336,0.9421817334927133,0.013627234041910666,0.010489485210565513,0.009419385192207384,0.04458970931430621,,,,,,,,
virchow2,sicap,0,10074,2007,19,0.001,0.8440458395615347,0.15595416043846533,0.8501548721848375,0.013099482001339095,0.0413053852563354,0.028419063043562252,0.1430678382256922,0.8866889059226514,,,,,,,
virchow2,sicap,1,10008,2073,19,0.001,0.8842257597684515,0.11577424023154848,0.87092321368565,0.014656057527583257,0.03023629569750354,0.023231806359329185,0.10876975089337412,0.9383515108443602,,,,,,,
virchow2,sicap,2,10406,1675,19,0.001,0.8585074626865672,0.1414925373134328,0.8602725709254807,0.01923451780513267,0.03743682352540074,0.02687587652062521,0.13093159030865728,0.844978754331476,,,,,,,
virchow2,sicap,3,9595,2486,19,0.001,0.8724859211584876,0.12751407884151245,0.8809401458289747,0.013567313597292359,0.03404917562423646,0.025524177744855853,0.11898908096213184,0.9232368068086421,,,,,,,
virchow2,sicap,4,10087,1994,19,0.001,0.8029087261785356,0.1970912738214644,0.8218013764813755,0.02796606157570703,0.07283805545411143,0.05194726665588134,0.17620048502323432,0.7719705434595581,,,,,,,
virchow2,panda,0,21995,5080,144,0.0001,0.38661417322834646,0.6133858267716535,0.4049764389034651,0.027744286650338706,0.48299020359922873,0.23695430529833733,0.36734992847076214,0.5183397812564094,0.0,0.37592468056489575,0.4017094017094017,2974,2106,0.5130426355790256,0.5252531379323304
virchow2,panda,1,21742,5333,144,0.0001,0.37014813425839116,0.6298518657416088,0.40341698753524186,0.035325382873623835,0.4933477559650935,0.23130930480387724,0.3678134145803925,0.48180541848699476,0.00157250133752862,0.35446489434219497,0.3893288870362651,2934,2399,0.48093947478292876,0.4827416039681127
virchow2,panda,2,21532,5543,144,0.0001,0.40267003427746706,0.5973299657225329,0.40906285349321253,0.016664189213736875,0.4442914528616069,0.21319150585627605,0.3662300187172021,0.5081782955452753,0.0,0.406280038449215,0.39801816680429397,3121,2422,0.49381277924342104,0.521929480667686
virchow2,panda,3,21511,5564,144,0.0001,0.40204888569374553,0.5979511143062545,0.4058329210189818,0.022964281634983017,0.4394300823892673,0.20776478331990264,0.36628581523688986,0.5271399806683006,0.0,0.3782030489782679,0.4316807738814994,3083,2481,0.4667637728371523,0.6085261505678692
virchow2,panda,4,21805,5270,144,0.0001,0.3899430740037951,0.610056925996205,0.4085399632431739,0.02860660953163655,0.4638566400934495,0.22097249084028892,0.3671727767430444,0.5211714727124739,0.0,0.39776951672862454,0.3799221116399827,2959,2311,0.48848345882427424,0.5600764544830061
uni,nct,0,7200,1800,,1.0,0.9961111111111111,0.0038888888888889417,0.9965826554476455,0.003715653899710716,0.0004922223741893005,0.00048357077797185426,0.0038802372926714955,,,,,,,,
uni,nct,1,7200,1800,,0.1,0.9944444444444445,0.005555555555555536,0.9957621352188062,0.00339519269356293,0.00023753185094499554,0.0002205281712713808,0.005538551875881921,,,,,,,,
uni,nct,2,7200,1800,,0.1,0.9972222222222222,0.002777777777777768,0.9950302144592312,0.0036450015021623414,1.0833139883959631e-05,6.200076128314857e-06,0.002773144714022123,,,,,,,,
uni,nct,3,7200,1800,,0.1,0.9911111111111112,0.008888888888888835,0.9948817729568825,0.006379110260519478,0.0003346870245062864,0.00029259459679806835,0.008846796461180617,,,,,,,,
uni,nct,4,7200,1800,,0.1,0.995,0.0050000000000000044,0.9960661663080767,0.003050253524921694,0.0003819064597479798,0.00036799694313351697,0.004986090483385542,,,,,,,,
uni,lung,0,11356,2839,,1.0,1.0,0.0,0.9999103633358829,8.963666411701891e-05,0.0,0.0,0.0,,,,,,,,
uni,lung,1,11356,2839,,1.0,1.0,0.0,0.9998318627659473,0.00016813723405290182,0.0,0.0,0.0,,,,,,,,
uni,lung,2,11356,2839,,1.0,1.0,0.0,0.999914168536574,8.583146342600045e-05,0.0,0.0,0.0,,,,,,,,
uni,lung,3,11356,2839,,1.0,1.0,0.0,0.9999585712576216,4.1428742378446515e-05,0.0,0.0,0.0,,,,,,,,
uni,lung,4,11356,2839,,1.0,1.0,0.0,0.9999270955924191,7.290440758089822e-05,0.0,0.0,0.0,,,,,,,,
uni,lc_colon,0,7620,1905,,1.0,1.0,0.0,0.9999909091658855,9.090834114489077e-06,0.0,0.0,0.0,,,,,,,,
uni,lc_colon,1,7620,1905,,1.0,1.0,0.0,0.9999891788399239,1.0821160076113223e-05,0.0,0.0,0.0,,,,,,,,
uni,lc_colon,2,7620,1905,,1.0,1.0,0.0,0.9999895546658539,1.044533414606974e-05,0.0,0.0,0.0,,,,,,,,
uni,lc_colon,3,7620,1905,,1.0,1.0,0.0,0.9999904073594171,9.59264058286724e-06,0.0,0.0,0.0,,,,,,,,
uni,lc_colon,4,7620,1905,,1.0,1.0,0.0,0.9999906722469988,9.327753001220351e-06,0.0,0.0,0.0,,,,,,,,
uni,breakhis,0,6089,1695,14,0.01,0.8814159292035398,0.11858407079646016,0.9280629738289665,0.04664704462542667,0.02101492828172707,0.01365318649240898,0.11122232900714207,,,,,,,,
uni,breakhis,1,6545,1239,14,0.001,0.9887005649717514,0.011299435028248594,0.9656917097145439,0.023119469837182858,0.00035698937143391655,0.0002883502735922942,0.011230795930406972,,,,,,,,
uni,breakhis,2,6320,1464,14,0.001,0.9733606557377049,0.026639344262295084,0.9449006277693439,0.03027175808051314,0.001742720340711331,0.0013756035329600114,0.026272227454543766,,,,,,,,
uni,breakhis,3,5994,1790,14,0.01,0.8782122905027933,0.12178770949720674,0.9276096499249522,0.04939735942215914,0.02452408038190273,0.016753089153143413,0.11401671826844742,,,,,,,,
uni,breakhis,4,5808,1976,14,0.01,0.8486842105263158,0.15131578947368418,0.9212915631063113,0.07260735257999539,0.03583134568941023,0.023719294753436378,0.13920373853771034,,,,,,,,
uni,pcam,0,7086,1914,26,0.001,0.9629049111807733,0.03709508881922674,0.942636934239708,0.022179710970819087,0.006724480080370566,0.006018099715821605,0.03638870845467778,,,,,,,,
uni,pcam,1,7292,1708,26,0.01,0.9572599531615925,0.042740046838407486,0.9757557341352506,0.022583418177667132,0.011473485837391523,0.01053432310514234,0.0418008841061583,,,,,,,,
uni,pcam,2,7280,1720,26,0.001,0.9511627906976744,0.0488372093023256,0.940559370873888,0.01931829334276959,0.01381914328532489,0.01259251094580656,0.04761057696280727,,,,,,,,
uni,pcam,3,7263,1737,26,0.001,0.9579735175590098,0.042026482440990165,0.943502432302405,0.01872031071199503,0.004833893845424244,0.003926048092210778,0.0411186366877767,,,,,,,,
uni,pcam,4,7007,1993,26,0.001,0.9648770697441044,0.035122930255895635,0.944636541423976,0.02147873628724507,0.007752233102600206,0.007119261967378308,0.034489959120673735,,,,,,,,
uni,sicap,0,10074,2007,19,0.001,0.841056302939711,0.158943697060289,0.8330371209380084,0.02197755155440115,0.046663269528514253,0.033264030715772136,0.14554445824754686,0.8742308285148899,,,,,,,
uni,sicap,1,10008,2073,19,0.001,0.8678244090689822,0.13217559093101783,0.8383643884084874,0.03274635182089906,0.042746428904538405,0.03356685294482402,0.12299601497130344,0.9220328696837893,,,,,,,
uni,sicap,2,10406,1675,19,0.001,0.8394029850746269,0.16059701492537315,0.8480643275452242,0.024911384564312612,0.041808306674518736,0.02811291913798139,0.1469016273888358,0.7986575880012718,,,,,,,
uni,sicap,3,9595,2486,19,0.001,0.8616251005631537,0.13837489943684633,0.8572937739418731,0.018166547398233732,0.03296885388647251,0.022892280149150745,0.12829832569952457,0.9104940318616537,,,,,,,
uni,sicap,4,10087,1994,19,0.001,0.7713139418254764,0.2286860581745236,0.8027663948196554,0.03276600435738349,0.08703188100534051,0.058567714516210345,0.20022189168539342,0.7071333011224405,,,,,,,
uni,panda,0,21995,5080,144,0.0001,0.3562992125984252,0.6437007874015748,0.38090516931050883,0.028988115811310878,0.5078876891607067,0.2318187882410055,0.36763188648187356,0.4756769144467704,0.0,0.3406186953597848,0.37844254510921177,2974,2106,0.45110780380830207,0.5119971110507112
uni,panda,1,21742,5333,144,0.0001,0.3519594974685918,0.6480405025314082,0.38333013306137087,0.037503632875762784,0.504480270266775,0.22390891235763621,0.36746914462226943,0.455120642037418,0.00157250133752862,0.33844580777096117,0.3684868695289704,2934,2399,0.4615981282734871,0.4468926641334101
uni,panda,2,21532,5543,144,0.0001,0.39527331769799745,0.6047266823020025,0.38803805816748455,0.024603491808157553,0.4440203984783634,0.20612309558747877,0.36682937941111793,0.4866930179152965,0.0,0.393784043575777,0.39719240297274977,3121,2422,0.4721693739937135,0.5015315685039614
uni,panda,3,21511,5564,144,0.0001,0.40654205607476634,0.5934579439252337,0.3831050831321704,0.0243741440141845,0.43939918954379104,0.21180337418837672,0.36586212856981937,0.48517060913789534,0.0,0.3898799870256244,0.42724707779121324,3083,2481,0.4054635328847993,0.5972232521197718
uni,panda,4,21805,5270,144,0.0001,0.3751423149905123,0.6248576850094877,0.3864234444293982,0.028839870508639894,0.4648617065068668,0.20775295855317655,0.3677489370557974,0.47583045310747896,0.0,0.37309901993916866,0.3777585460839463,2959,2311,0.4532886345685324,0.5034214793612508
hoptimus,nct,0,7200,1800,,1.0,0.9966666666666667,0.0033333333333332993,0.9973712665833665,0.002463389726582224,5.744449073520748e-05,5.0956997860020875e-05,0.0033268458404581125,,,,,,,,
hoptimus,nct,1,7200,1800,,0.1,0.9955555555555555,0.004444444444444473,0.9958612610918819,0.003916728651760928,0.00023398004034868753,0.00022285449385336787,0.004433318897949154,,,,,,,,
hoptimus,nct,2,7200,1800,,0.1,0.9966666666666667,0.0033333333333332993,0.9950598828430656,0.0038142800717820544,2.6079973032496575e-05,1.9592480157309964e-05,0.0033268458404581125,,,,,,,,
hoptimus,nct,3,7200,1800,,0.1,0.9905555555555555,0.009444444444444478,0.9949755819347198,0.006342699755482688,0.0005214115475734933,0.0004740487431742797,0.009397081640045263,,,,,,,,
hoptimus,nct,4,7200,1800,,0.1,0.9961111111111111,0.0038888888888889417,0.9956882862257561,0.003101107772649286,0.00023876472329200382,0.0002301131270745576,0.0038802372926714955,,,,,,,,
hoptimus,lung,0,11356,2839,,1.0,1.0,0.0,0.999978398235407,2.1601764592982242e-05,0.0,0.0,0.0,,,,,,,,
hoptimus,lung,1,11356,2839,,1.0,1.0,0.0,0.9999765109203604,2.3489079639560373e-05,0.0,0.0,0.0,,,,,,,,
hoptimus,lung,2,11356,2839,,1.0,1.0,0.0,0.9999731307084465,2.6869291553488495e-05,0.0,0.0,0.0,,,,,,,,
hoptimus,lung,3,11356,2839,,1.0,1.0,0.0,0.9999722130099354,2.778699006455998e-05,0.0,0.0,0.0,,,,,,,,
hoptimus,lung,4,11356,2839,,1.0,1.0,0.0,0.9999753860909585,2.461390904151539e-05,0.0,0.0,0.0,,,,,,,,
hoptimus,lc_colon,0,7620,1905,,1.0,1.0,0.0,0.9999892140105908,1.0785989409178853e-05,0.0,0.0,0.0,,,,,,,,
hoptimus,lc_colon,1,7620,1905,,1.0,1.0,0.0,0.9999911010718204,8.898928179568166e-06,0.0,0.0,0.0,,,,,,,,
hoptimus,lc_colon,2,7620,1905,,1.0,1.0,0.0,0.9999921186579449,7.881342055093832e-06,0.0,0.0,0.0,,,,,,,,
hoptimus,lc_colon,3,7620,1905,,1.0,1.0,0.0,0.9999896669023315,1.0333097668513425e-05,0.0,0.0,0.0,,,,,,,,
hoptimus,lc_colon,4,7620,1905,,1.0,1.0,0.0,0.9999910911058467,8.90889415328111e-06,0.0,0.0,0.0,,,,,,,,
hoptimus,breakhis,0,6089,1695,14,0.001,0.8247787610619469,0.17522123893805308,0.8831501637708402,0.060555758612427936,0.05961349389274016,0.043226039069714256,0.1588337841150272,,,,,,,,
hoptimus,breakhis,1,6545,1239,14,0.0001,0.9652945924132365,0.03470540758676355,0.8737856640290581,0.09150892838417851,0.0030823225931265893,0.002458997978440214,0.034082082972077175,,,,,,,,
hoptimus,breakhis,2,6320,1464,14,0.001,0.9651639344262295,0.0348360655737705,0.9218099755406677,0.04335395888556191,0.0032405520082431937,0.002614710225412926,0.034210223790940235,,,,,,,,
hoptimus,breakhis,3,5994,1790,14,0.001,0.8446927374301676,0.1553072625698324,0.8666912632199514,0.0433751467157191,0.06198856483682709,0.049207147745689905,0.14252584547869523,,,,,,,,
hoptimus,breakhis,4,5808,1976,14,0.001,0.7945344129554656,0.20546558704453444,0.8589118455032381,0.06437743254777246,0.06981252329145121,0.047037060398288796,0.18269012415137204,,,,,,,,
hoptimus,pcam,0,7086,1914,26,0.001,0.9540229885057471,0.04597701149425293,0.9376719919164718,0.019527710975606967,0.009240783185334663,0.008155250489920598,0.04489147879883886,,,,,,,,
hoptimus,pcam,1,7292,1708,26,0.01,0.9531615925058547,0.04683840749414525,0.9641763017909408,0.020444740076081873,0.01224396834193822,0.011115802718225322,0.04571024187043235,,,,,,,,
hoptimus,pcam,2,7280,1720,26,0.001,0.9261627906976744,0.07383720930232562,0.9305533303812255,0.01834577789344833,0.021894553034099595,0.01907744132012136,0.07102009758834739,,,,,,,,
hoptimus,pcam,3,7263,1737,26,0.01,0.9527921704087507,0.04720782959124925,0.9554298186649441,0.01396257980179538,0.008062530475318927,0.006916694279927117,0.04606199339585744,,,,,,,,
hoptimus,pcam,4,7007,1993,26,0.001,0.9603612644254892,0.03963873557451081,0.9376154559073689,0.022745808518120216,0.009448376435148195,0.00864222795047747,0.03883258708984008,,,,,,,,
hoptimus,sicap,0,10074,2007,19,0.001,0.8226208271051321,0.17737917289486793,0.8110782117023831,0.016748825679964132,0.05551136282944475,0.038712872387149655,0.16058068245257284,0.8349483593814706,,,,,,,
hoptimus,sicap,1,10008,2073,19,0.001,0.844187168355041,0.15581283164495896,0.7977156817752449,0.0474712864207202,0.05281958840335037,0.03995848706437341,0.14295173030598202,0.8983064729725835,,,,,,,
hoptimus,sicap,2,10406,1675,19,0.001,0.8250746268656717,0.17492537313432832,0.8291601188506397,0.020266174380209945,0.0546246013880316,0.03829356052201967,0.15859433226831637,0.7715883849425359,,,,,,,
hoptimus,sicap,3,9595,2486,19,0.001,0.8531777956556718,0.14682220434432824,0.8318809520546516,0.02524235391333338,0.04332557963103921,0.031947663306914065,0.13544428802020309,0.8921018881701507,,,,,,,
hoptimus,sicap,4,10087,1994,19,0.001,0.7542627883650953,0.2457372116349047,0.7928141968478947,0.045127737052811284,0.10442048674391644,0.07133467033561419,0.21265139522660245,0.715464741644176,,,,,,,
hoptimus,panda,0,21995,5080,144,0.0001,0.36161417322834644,0.6383858267716536,0.37531338574856765,0.015789709311864072,0.5160419085470641,0.24541904083249466,0.3677629590570841,0.49346447367490276,0.0,0.36583725622057833,0.35565052231718897,2974,2106,0.49899937508926717,0.48472344133979983
hoptimus,panda,1,21742,5333,144,0.0001,0.34070879429964374,0.6592912057003563,0.3707295314141004,0.04020942798990021,0.5236640562315223,0.23116145212911027,0.3667886015979442,0.4324611667525371,0.00157250133752862,0.31935923653715065,0.3668195081283868,2934,2399,0.43470165318561416,0.42954345756654055
hoptimus,panda,2,21532,5543,144,0.0001,0.38318600036081546,0.6168139996391846,0.38133421357981234,0.011391544903172318,0.4750126350243047,0.2257083362158362,0.3675097008307161,0.4515468556867308,0.0,0.38929830182633773,0.3753096614368291,3121,2422,0.44573330443464354,0.4499320135579957
hoptimus,panda,3,21511,5564,144,0.0001,0.38946800862688713,0.6105319913731129,0.37663600328508323,0.01720857728526734,0.4661927247992663,0.22286390609732434,0.36720317267117086,0.45521960642106263,0.0,0.38209536166072006,0.39862958484482064,3083,2481,0.3885293188893788,0.547544001489952
hoptimus,panda,4,21805,5270,144,0.0001,0.36242884250474383,0.6375711574952562,0.380049201556847,0.026090268452914765,0.5011198938281399,0.23132711440977205,0.3677783780768883,0.4406950852376018,0.0,0.3643122676579926,0.3600173085244483,2959,2311,0.4310400953265574,0.45106736708138806
midnight,nct,0,7200,1800,,0.1,0.9922222222222222,0.007777777777777772,0.9960128382470234,0.005423585096081185,0.00024277027392794026,0.00021028454386681376,0.007745292047716646,,,,,,,,
midnight,nct,1,7200,1800,,0.1,0.99,0.010000000000000009,0.9949702458249469,0.006275730441320248,0.00041113325219946725,0.00035818848638937274,0.009947055234189914,,,,,,,,
midnight,nct,2,7200,1800,,0.01,0.9927777777777778,0.007222222222222241,0.9905581837153752,0.0056575343778895604,6.564608796493305e-05,3.749702758337907e-05,0.007194073161840687,,,,,,,,
midnight,nct,3,7200,1800,,0.1,0.9888888888888889,0.011111111111111072,0.9950208415888826,0.0067965339325744886,0.0006423041292256431,0.000577259986833245,0.011046066968718673,,,,,,,,
midnight,nct,4,7200,1800,,0.1,0.9922222222222222,0.007777777777777772,0.9957319971732843,0.004008906662592479,0.00038833612987835604,0.00035585039981722957,0.007745292047716646,,,,,,,,
midnight,lung,0,11356,2839,,1.0,1.0,0.0,0.9999296572071577,7.034279284230654e-05,0.0,0.0,0.0,,,,,,,,
midnight,lung,1,11356,2839,,1.0,1.0,0.0,0.9998898212322438,0.00011017876775621245,0.0,0.0,0.0,,,,,,,,
midnight,lung,2,11356,2839,,1.0,1.0,0.0,0.9999055705067196,9.442949328043125e-05,0.0,0.0,0.0,,,,,,,,
midnight,lung,3,11356,2839,,1.0,1.0,0.0,0.9999290015650966,7.099843490343538e-05,0.0,0.0,0.0,,,,,,,,
midnight,lung,4,11356,2839,,1.0,0.9992955265938711,0.0007044734061288915,0.9997455053427866,0.0005647905134841624,3.7225580260867527e-07,0.0,0.0007041011503262828,,,,,,,,
midnight,lc_colon,0,7620,1905,,1.0,1.0,0.0,0.9999952635614802,4.736438519836739e-06,0.0,0.0,0.0,,,,,,,,
midnight,lc_colon,1,7620,1905,,1.0,1.0,0.0,0.9999968256302888,3.174369711200775e-06,0.0,0.0,0.0,,,,,,,,
midnight,lc_colon,2,7620,1905,,1.0,1.0,0.0,0.9999976582761153,2.341723884691227e-06,0.0,0.0,0.0,,,,,,,,
midnight,lc_colon,3,7620,1905,,1.0,1.0,0.0,0.9999975366523939,2.46334760611866e-06,0.0,0.0,0.0,,,,,,,,
midnight,lc_colon,4,7620,1905,,1.0,1.0,0.0,0.9999973914266298,2.608573370199707e-06,0.0,0.0,0.0,,,,,,,,
midnight,breakhis,0,6089,1695,14,0.001,0.8713864306784661,0.1286135693215339,0.89262464546818,0.02754880051077381,0.031237222153229636,0.022549262720916875,0.11992560988922113,,,,,,,,
midnight,breakhis,1,6545,1239,14,0.001,0.9854721549636803,0.014527845036319653,0.9496766823924524,0.035795472571228,0.0006329331887052999,0.0005210281250589578,0.01441593997267331,,,,,,,,
midnight,breakhis,2,6320,1464,14,0.001,0.9521857923497268,0.04781420765027322,0.929351551307463,0.024112348127753792,0.00631761070323344,0.005139518037981357,0.04663611498502114,,,,,,,,
midnight,breakhis,3,5994,1790,14,0.001,0.8463687150837989,0.15363128491620115,0.8741042591508114,0.03030311606967471,0.04542865067262974,0.03292891548311444,0.14113154972668585,,,,,,,,
midnight,breakhis,4,5808,1976,14,0.001,0.8441295546558705,0.15587044534412953,0.8748362050425417,0.031712561205501706,0.04691064465369909,0.034037923928576165,0.14299772461900662,,,,,,,,
midnight,pcam,0,7086,1914,26,0.001,0.9566353187042842,0.0433646812957158,0.9377143795277432,0.022803856033800897,0.00834786481873835,0.007382396990955421,0.04239921346793287,,,,,,,,
midnight,pcam,1,7292,1708,26,0.01,0.9326697892271663,0.06733021077283374,0.9563228131537124,0.024833121024601668,0.016589892173820057,0.014250850225531625,0.06499116882454531,,,,,,,,
midnight,pcam,2,7280,1720,26,0.001,0.9226744186046512,0.07732558139534884,0.9356529693681007,0.01490804142637669,0.0238076623857422,0.020715382632922413,0.07423330164252906,,,,,,,,
midnight,pcam,3,7263,1737,26,0.001,0.9395509499136442,0.060449050086355816,0.936808592115909,0.02085709834691076,0.0070472841695426724,0.005164874262755547,0.05856664017956869,,,,,,,,
midnight,pcam,4,7007,1993,26,0.001,0.9543401906673357,0.045659809332664336,0.9372553199379604,0.019417169545031695,0.00949796468696661,0.008427864668608481,0.04458970931430621,,,,,,,,
midnight,sicap,0,10074,2007,19,0.001,0.8440458395615347,0.15595416043846533,0.8477862467744979,0.008777449911377385,0.042541902699805435,0.02965558048703229,0.1430678382256922,0.8799406196691921,,,,,,,
midnight,sicap,1,10008,2073,19,0.001,0.8842257597684515,0.11577424023154848,0.8695294576709319,0.020087344124626604,0.02916815204617366,0.022163662707999306,0.10876975089337412,0.939297309645774,,,,,,,
midnight,sicap,2,10406,1675,19,0.001,0.8585074626865672,0.1414925373134328,0.8416386213699547,0.02360003311451681,0.0389615766572894,0.028400629652513873,0.13093159030865728,0.8453086651066313,,,,,,,
midnight,sicap,3,9595,2486,19,0.001,0.8720836685438456,0.12791633145615444,0.8727399464074754,0.016007200464252507,0.031085154134779955,0.022505111841578794,0.11933628916295327,0.9248617247679853,,,,,,,
midnight,sicap,4,10087,1994,19,0.001,0.804914744232698,0.19508525576730196,0.8250816205063641,0.027634648382515233,0.07451318255910526,0.05406074231899487,0.17463281552719156,0.7658391387307919,,,,,,,
midnight,panda,0,21995,5080,144,0.0001,0.3763779527559055,0.6236220472440945,0.39464845234119234,0.02485840904638643,0.49869331889751856,0.2427919238141239,0.3677206521606999,0.4809320443639714,0.0,0.367182246133154,0.38936372269705605,2974,2106,0.45284689882634077,0.5216043143953997
midnight,panda,1,21742,5333,144,0.0001,0.3422088880555035,0.6577911119444966,0.3993649157089773,0.059786129829655976,0.5243860512477991,0.23349548189182645,0.3669005425885239,0.4531956758545428,0.00157250133752862,0.31935923653715065,0.37015423092955396,2934,2399,0.4552559212993347,0.4504863390376427
midnight,panda,2,21532,5543,144,0.0001,0.39383005592639364,0.6061699440736064,0.40597674456259614,0.014613179963214368,0.45672308636477366,0.21748341166078733,0.36693026936962003,0.5042960803200652,0.0,0.4056392181992951,0.3786127167630058,3121,2422,0.48147479344898714,0.530404863597113
midnight,panda,3,21511,5564,144,0.0001,0.4263120057512581,0.5736879942487418,0.4023329359044049,0.025710340697459966,0.41619853520578565,0.20592569939877606,0.3634151584417322,0.5227731087734802,0.0,0.41420694129095037,0.44135429262394194,3083,2481,0.4604690612228931,0.6098446743765433
midnight,panda,4,21805,5270,144,0.0001,0.38633776091081595,0.613662239089184,0.4008506047274341,0.026050047643430368,0.4675595200167004,0.22126299040198297,0.36736570947446656,0.5148377692967405,0.0,0.3812098681987158,0.3929035049762008,2959,2311,0.48409231760030835,0.5532696820834743
dinov2_nat,nct,0,7200,1800,,0.1,0.97,0.030000000000000027,0.9690559802576636,0.00674837763701568,0.0025617724951811994,0.0020988719890890025,0.02953709949390783,,,,,,,,
dinov2_nat,nct,1,7200,1800,,0.1,0.9727777777777777,0.02722222222222226,0.969063645008351,0.011452626134581152,0.002805461883154079,0.0024239681906754913,0.02684072852974367,,,,,,,,
dinov2_nat,nct,2,7200,1800,,0.1,0.9733333333333334,0.026666666666666616,0.9662927522881584,0.012589254069432062,0.0019840234947385645,0.0016178586021056323,0.026300501774033685,,,,,,,,
dinov2_nat,nct,3,7200,1800,,0.1,0.9661111111111111,0.03388888888888886,0.9672127949826834,0.008679315945294716,0.0034447486567688724,0.002854509601809361,0.03329864983392935,,,,,,,,
dinov2_nat,nct,4,7200,1800,,0.1,0.9744444444444444,0.025555555555555554,0.9702439352319016,0.00705626217112646,0.001914432358955005,0.0015779739531425884,0.025219097149743137,,,,,,,,
dinov2_nat,lung,0,11356,2839,,1.0,0.9968298696724198,0.0031701303275801784,0.9962516979744727,0.0016706308251108618,1.568947718371786e-05,1.010104331083064e-05,0.003164541893707291,,,,,,,,
dinov2_nat,lung,1,11356,2839,,1.0,0.9971821063754843,0.002817893624515677,0.9955575888111041,0.0024041009020791073,2.9281108699097334e-05,2.4810887509498867e-05,0.0028134234033260785,,,,,,,,
dinov2_nat,lung,2,11356,2839,,1.0,0.9964776329693554,0.0035223670306445687,0.9948881940253418,0.0028580956953635495,2.0439461827905157e-05,1.3608350005628671e-05,0.0035155359188222923,,,,,,,,
dinov2_nat,lung,3,11356,2839,,1.0,0.995420922860162,0.0045790771398379615,0.9950792214314051,0.004005529987791944,1.3798766802970808e-05,2.492389418259194e-06,0.0045677707624532495,,,,,,,,
dinov2_nat,lung,4,11356,2839,,1.0,0.9978865797816132,0.0021134202183867856,0.9967286708750417,0.0024524906021872826,6.5882877908881675e-06,3.981271999013007e-06,0.0021108132025949105,,,,,,,,
dinov2_nat,lc_colon,0,7620,1905,,1.0,0.9994750656167979,0.0005249343832021136,0.9997239093261824,0.0006113494263889238,2.755561066677762e-07,0.0,0.0005246588270954458,,,,,,,,
dinov2_nat,lc_colon,1,7620,1905,,1.0,1.0,0.0,0.9998345607866094,0.00016543921339062795,0.0,0.0,0.0,,,,,,,,
dinov2_nat,lc_colon,2,7620,1905,,1.0,1.0,0.0,0.9997010306305132,0.00029896936948663763,0.0,0.0,0.0,,,,,,,,
dinov2_nat,lc_colon,3,7620,1905,,1.0,1.0,0.0,0.9997509244822238,0.0002490755177763271,0.0,0.0,0.0,,,,,,,,
dinov2_nat,lc_colon,4,7620,1905,,1.0,1.0,0.0,0.9997699986964607,0.00023000130353938207,0.0,0.0,0.0,,,,,,,,
dinov2_nat,breakhis,0,6089,1695,14,0.001,0.7887905604719764,0.21120943952802362,0.8054107173975023,0.02530901730195799,0.08702858419913051,0.06290091973619413,0.18708177506508725,,,,,,,,
dinov2_nat,breakhis,1,6545,1239,14,0.001,0.8966908797417272,0.10330912025827277,0.8421465978700102,0.05454428187171694,0.03458897076486927,0.02901701462087956,0.09773716411428306,,,,,,,,
dinov2_nat,breakhis,2,6320,1464,14,0.001,0.875,0.125,0.8180489682823094,0.05695103171769052,0.049025348327549276,0.04082263603170862,0.11679728770415934,,,,,,,,
dinov2_nat,breakhis,3,5994,1790,14,0.001,0.6994413407821229,0.30055865921787706,0.7750278290631911,0.07558648828106825,0.17706791200565866,0.12645695408996466,0.24994770130218305,,,,,,,,
dinov2_nat,breakhis,4,5808,1976,14,0.001,0.7064777327935222,0.2935222672064778,0.831012213810363,0.12611901645325696,0.17615588862187453,0.12803465753200075,0.245401036116604,,,,,,,,
dinov2_nat,pcam,0,7086,1914,26,0.01,0.8787878787878788,0.12121212121212122,0.8787678969181288,0.011995956571148488,0.03437412842295498,0.026680051919065324,0.11351804470823156,,,,,,,,
dinov2_nat,pcam,1,7292,1708,26,0.01,0.8747072599531616,0.12529274004683844,0.8697848443087812,0.019273515991048894,0.040703260381475426,0.032467419434968434,0.11705689910033144,,,,,,,,
dinov2_nat,pcam,2,7280,1720,26,0.01,0.8244186046511628,0.1755813953488372,0.8685689531651131,0.060059489371354635,0.10088369506741994,0.08442742731059102,0.1591251275920083,,,,,,,,
dinov2_nat,pcam,3,7263,1737,26,0.01,0.8842832469775475,0.11571675302245255,0.8754828557731641,0.010947551405563473,0.026751026696552282,0.019748225858625977,0.10871395218452624,,,,,,,,
dinov2_nat,pcam,4,7007,1993,26,0.01,0.8695434019066733,0.13045659809332666,0.8731144717332381,0.020556038383104505,0.042937847588691735,0.03399941672091557,0.12151816722555049,,,,,,,,
dinov2_nat,sicap,0,10074,2007,19,0.001,0.7543597409068261,0.24564025909317388,0.728457058408267,0.03997632311705559,0.11339721707851275,0.08033915957769366,0.2125822015923548,0.7250074358431333,,,,,,,
dinov2_nat,sicap,1,10008,2073,19,0.001,0.7525325615050651,0.2474674384949349,0.7231299951255011,0.036009028411728886,0.11163437116066625,0.07806054987172868,0.21389361720599734,0.7617481907402217,,,,,,,
dinov2_nat,sicap,2,10406,1675,19,0.001,0.6961194029850746,0.3038805970149254,0.7175999825382744,0.038956774143074635,0.17072296302875223,0.11890984704469948,0.2520674810308727,0.5424553513832315,,,,,,,
dinov2_nat,sicap,3,9595,2486,19,0.001,0.7369267900241352,0.2630732099758648,0.729889017300755,0.01999944554061094,0.12466605136594289,0.0864991679165036,0.2249063265264255,0.7183980787968859,,,,,,,
dinov2_nat,sicap,4,10087,1994,19,0.001,0.6529588766298897,0.3470411233701103,0.7101067826224056,0.06249833557027986,0.2119174635972998,0.14310726524658723,0.2782309250193977,0.44811408181887713,,,,,,,
dinov2_nat,panda,0,21995,5080,144,0.001,0.3127952755905512,0.6872047244094488,0.36590578604545587,0.05407520565776847,0.5873389971915598,0.2635993068949903,0.3634650341128793,0.4074708511953894,0.0,0.2992602555480834,0.3319088319088319,2974,2106,0.3958248338228888,0.4250469355642935
dinov2_nat,panda,1,21742,5333,144,0.0001,0.29476842302643913,0.7052315769735609,0.29396771332749405,0.0235861974722586,0.5917645158628181,0.24654568708758706,0.36001274819832985,0.34679848359729704,0.00157250133752862,0.29209270620313565,0.2980408503543143,2934,2399,0.3600294226376832,0.3288953283540127
dinov2_nat,panda,2,21532,5543,144,0.001,0.32635756810391486,0.6736424318960852,0.3660375909722089,0.04074576646329473,0.5638953650182335,0.2556348689265688,0.3653819358044205,0.3476905073654156,0.0,0.32713873758410766,0.32535094962840627,3121,2422,0.32259767336929357,0.3754686986804049
dinov2_nat,panda,3,21511,5564,144,0.0001,0.3510064701653487,0.6489935298346513,0.2924753297734102,0.0585311403919385,0.5192545431700692,0.2376891416134282,0.36742812827801025,0.3851067826011415,0.0,0.33149529678884204,0.37525191455058443,3083,2481,0.31312613964836755,0.48815382804207075
dinov2_nat,panda,4,21805,5270,144,0.0001,0.29601518026565465,0.7039848197343453,0.2982335581625875,0.02826585566855098,0.5968875453608823,0.2531884069820131,0.3602856813554762,0.3240758886297389,0.0,0.28117607299763436,0.31501514495889227,2959,2311,0.29642219635834344,0.35941213192388255
imagenet_vit,nct,0,7200,1800,,0.1,0.9738888888888889,0.026111111111111085,0.9749523560010604,0.008025799613437247,0.00149831734864396,0.001147164157936846,0.025759957920403972,,,,,,,,
imagenet_vit,nct,1,7200,1800,,0.1,0.9761111111111112,0.02388888888888885,0.973430640351833,0.0077131232644289316,0.0015515134264627748,0.0012572396789431227,0.023594615141369197,,,,,,,,
imagenet_vit,nct,2,7200,1800,,0.1,0.9694444444444444,0.030555555555555558,0.9704694961896712,0.011163857153564074,0.0014548478028782797,0.0009747120991632515,0.03007541985184053,,,,,,,,
imagenet_vit,nct,3,7200,1800,,0.1,0.9666666666666667,0.033333333333333326,0.9732171696049393,0.0091578112906563,0.003208946425817113,0.002637855530624094,0.032762242438140306,,,,,,,,
imagenet_vit,nct,4,7200,1800,,0.1,0.9766666666666667,0.023333333333333317,0.9725271582626277,0.00830975121486198,0.001342666205658604,0.0010618213796764417,0.023052488507351154,,,,,,,,
imagenet_vit,lung,0,11356,2839,,1.0,0.9957731595632265,0.00422684043677346,0.9960243851606165,0.0020664541671953263,2.618863594068061e-05,1.6498596405386222e-05,0.004217150397238166,,,,,,,,
imagenet_vit,lung,1,11356,2839,,1.0,0.9964776329693554,0.0035223670306445687,0.9966394979555713,0.0019133305400199543,7.050010699142264e-05,6.366899516914616e-05,0.0035155359188222923,,,,,,,,
imagenet_vit,lung,2,11356,2839,,1.0,0.9975343430785488,0.002465656921451176,0.9965961981831851,0.0018082627678958517,3.756369359961713e-05,3.408726379233101e-05,0.0024621804916438897,,,,,,,,
imagenet_vit,lung,3,11356,2839,,1.0,0.9968298696724198,0.0031701303275801784,0.9959865878122046,0.0012878016046382063,3.007699211494109e-05,2.4488558242053867e-05,0.003164541893707291,,,,,,,,
imagenet_vit,lung,4,11356,2839,,1.0,0.995420922860162,0.0045790771398379615,0.9963640454004652,0.003158524432486029,4.969396994589651e-05,3.83875925611849e-05,0.0045677707624532495,,,,,,,,
imagenet_vit,lc_colon,0,7620,1905,,1.0,1.0,0.0,0.999644205846209,0.00035579415379077264,0.0,0.0,0.0,,,,,,,,
imagenet_vit,lc_colon,1,7620,1905,,1.0,1.0,0.0,0.99953161155164,0.0004683884483597909,0.0,0.0,0.0,,,,,,,,
imagenet_vit,lc_colon,2,7620,1905,,1.0,1.0,0.0,0.9997522461022578,0.0002477538977422311,0.0,0.0,0.0,,,,,,,,
imagenet_vit,lc_colon,3,7620,1905,,1.0,1.0,0.0,0.9996358826869782,0.0003641173130217391,0.0,0.0,0.0,,,,,,,,
imagenet_vit,lc_colon,4,7620,1905,,1.0,1.0,0.0,0.9996568944556271,0.00034310554437280976,0.0,0.0,0.0,,,,,,,,
imagenet_vit,breakhis,0,6089,1695,14,0.001,0.8412979351032448,0.1587020648967552,0.8360404332677664,0.015164653036737355,0.06151913834273159,0.048154475989107395,0.14533740254313102,,,,,,,,
imagenet_vit,breakhis,1,6545,1239,14,0.001,0.9152542372881356,0.0847457627118644,0.866441411040935,0.05032978814039787,0.031079626104690873,0.027348545904013116,0.08101468251118665,,,,,,,,
imagenet_vit,breakhis,2,6320,1464,14,0.001,0.8968579234972678,0.10314207650273222,0.8392191402570918,0.0670466619464693,0.052606059668025056,0.04705876412554932,0.09759478096025648,,,,,,,,
imagenet_vit,breakhis,3,5994,1790,14,0.001,0.7687150837988826,0.23128491620111735,0.801438255912434,0.045540254118484724,0.14199248518804117,0.11284185818600337,0.20213428919907955,,,,,,,,
imagenet_vit,breakhis,4,5808,1976,14,0.001,0.7029352226720648,0.29706477732793524,0.8469897080807516,0.14431950619841533,0.16093754107977956,0.1115756239975928,0.24770286024574847,,,,,,,,
imagenet_vit,pcam,0,7086,1914,26,0.01,0.8735632183908046,0.12643678160919536,0.8883771630483582,0.014813944657553622,0.03613090531536454,0.027744814849062122,0.11805069114289295,,,,,,,,
imagenet_vit,pcam,1,7292,1708,26,0.01,0.8635831381733021,0.13641686182669788,0.8841965728848462,0.02747380454492114,0.04634179144789167,0.03654251548451941,0.1266175858633256,,,,,,,,
imagenet_vit,pcam,2,7280,1720,26,0.01,0.8087209302325581,0.1912790697674419,0.8762615595466072,0.06917731134599185,0.09859987707486247,0.07895778278914092,0.17163697548172036,,,,,,,,
imagenet_vit,pcam,3,7263,1737,26,0.01,0.8831318364997122,0.11686816350028784,0.8854770446506709,0.01639602377265973,0.030209184110903228,0.023063703979267235,0.10972268336865185,,,,,,,,
imagenet_vit,pcam,4,7007,1993,26,0.001,0.8590065228299046,0.14099347717009536,0.8384789743144899,0.030045789288771656,0.04741600394449537,0.03693791019175685,0.13051538341735686,,,,,,,,
imagenet_vit,sicap,0,10074,2007,19,0.001,0.7433981066268062,0.25660189337319383,0.7384945962869439,0.027106160121809247,0.11688987181353522,0.08065912320593788,0.2203711447655965,0.7472369185637835,,,,,,,
imagenet_vit,sicap,1,10008,2073,19,0.001,0.7530149541726966,0.2469850458273034,0.7226633672952463,0.03035158687745042,0.11314273830269352,0.07970602830683671,0.2135483358314466,0.7676248320692651,,,,,,,
imagenet_vit,sicap,2,10406,1675,19,0.001,0.6865671641791045,0.31343283582089554,0.7112080616533588,0.039620987507422906,0.18165718296390365,0.12631522966565575,0.25809088252264767,0.5031468501335385,,,,,,,
imagenet_vit,sicap,3,9595,2486,19,0.001,0.7373290426387772,0.2626709573612228,0.7405412839983057,0.018808746525848814,0.12317811425008267,0.08513399626272111,0.22462683937386124,0.7143645831484844,,,,,,,
imagenet_vit,sicap,4,10087,1994,19,0.001,0.6424272818455367,0.35757271815446334,0.6960645458742992,0.06180300657951619,0.21737398985398423,0.14398676003181926,0.2841854883322984,0.43765708194032393,,,,,,,
imagenet_vit,panda,0,21995,5080,144,0.0001,0.32598425196850395,0.6740157480314961,0.2942200381107351,0.03217350473071308,0.5703443413244462,0.26166003298180435,0.36533143968885423,0.38218227378218894,0.0,0.3214525891055817,0.33238366571699907,2974,2106,0.3658309947082582,0.40692738826074226
imagenet_vit,panda,1,21742,5333,144,0.0001,0.29008063003937745,0.7099193699606225,0.29579468605602144,0.0286810859494087,0.6078213240085983,0.25683813604919903,0.35893618200122324,0.3272391592741484,0.00157250133752862,0.29209270620313565,0.28761984160066695,2934,2399,0.34681526814310515,0.30136935914640717
imagenet_vit,panda,2,21532,5543,144,0.0001,0.3088580191232185,0.6911419808767816,0.3005517992164218,0.01130476000762875,0.6001551689552761,0.27181998291443626,0.36280679483594175,0.3324040649989781,0.0,0.3232938160845883,0.2902559867877787,3121,2422,0.3266330211755365,0.33601577107774216
imagenet_vit,panda,3,21511,5564,144,0.0001,0.35208483105679367,0.6479151689432063,0.29177280188679605,0.06031202916999762,0.5062042870562926,0.22576631821005172,0.36747720009696544,0.37288642391782045,0.0,0.3402530003243594,0.3667875856509472,3083,2481,0.29023098034207384,0.4893375327509969
imagenet_vit,panda,4,21805,5270,144,0.0001,0.2937381404174573,0.7062618595825427,0.29848075804442614,0.027740572625888128,0.6008466017544056,0.25436652500514795,0.35978178283328505,0.32581694947914774,0.0,0.2926664413653261,0.2951103418433578,2959,2311,0.3106484640242533,0.3446644754675553
