model,task,n_train,n_test,n_features,C,accuracy
lunit,nct,7200,1800,384,0.1,0.99
lunit,lung,11356,2839,384,1.0,1.0
lunit,lc_colon,7620,1905,384,1.0,1.0
lunit,breakhis,5919,1865,384,0.001,0.8836461126005362
lunit,pcam,7424,1576,384,0.01,0.9041878172588832
lunit,sicap,10245,1836,384,0.001,0.8022875816993464
lunit,panda,21862,5213,384,0.0001,0.3993861500095914
ctranspath,nct,7200,1800,768,0.1,0.9905555555555555
ctranspath,lung,11356,2839,768,1.0,0.9985910531877422
ctranspath,lc_colon,7620,1905,768,1.0,1.0
ctranspath,breakhis,5919,1865,768,0.001,0.8975871313672922
ctranspath,pcam,7424,1576,768,0.01,0.8927664974619289
ctranspath,sicap,10245,1836,768,0.001,0.7962962962962963
ctranspath,panda,21862,5213,768,0.0001,0.39497410320352966
conch,nct,7200,1800,512,0.1,0.9838888888888889
conch,lung,11356,2839,512,1.0,0.9992955265938711
conch,lc_colon,7620,1905,512,1.0,1.0
conch,breakhis,5919,1865,512,0.0001,0.7882037533512064
conch,pcam,7424,1576,512,0.1,0.9067258883248731
conch,sicap,10245,1836,512,0.001,0.8306100217864923
conch,panda,21862,5213,512,0.0001,0.36677536926913484
hibou_b,nct,7200,1800,768,0.1,0.9911111111111112
hibou_b,lung,11356,2839,768,1.0,1.0
hibou_b,lc_colon,7620,1905,768,1.0,1.0
hibou_b,breakhis,5919,1865,768,0.001,0.8900804289544236
hibou_b,pcam,7424,1576,768,0.001,0.9238578680203046
hibou_b,sicap,10245,1836,768,0.001,0.8044662309368191
hibou_b,panda,21862,5213,768,0.0001,0.3972760406675619
phikon,nct,7200,1800,768,0.1,0.9922222222222222
phikon,lung,11356,2839,768,1.0,1.0
phikon,lc_colon,7620,1905,768,1.0,1.0
phikon,breakhis,5919,1865,768,0.0001,0.8841823056300268
phikon,pcam,7424,1576,768,0.001,0.9187817258883249
phikon,sicap,10245,1836,768,0.001,0.7456427015250545
phikon,panda,21862,5213,768,0.0001,0.398427009399578
phikon_v2,nct,7200,1800,1024,0.1,0.9916666666666667
phikon_v2,lung,11356,2839,1024,1.0,0.9996477632969355
phikon_v2,lc_colon,7620,1905,1024,1.0,1.0
phikon_v2,breakhis,5919,1865,1024,0.001,0.9061662198391421
phikon_v2,pcam,7424,1576,1024,0.001,0.9276649746192893
phikon_v2,sicap,10245,1836,1024,0.001,0.7445533769063181
phikon_v2,panda,21862,5213,1024,0.0001,0.38921925954344905
hibou_l,nct,7200,1800,1024,0.1,0.9911111111111112
hibou_l,lung,11356,2839,1024,1.0,1.0
hibou_l,lc_colon,7620,1905,1024,1.0,1.0
hibou_l,breakhis,5919,1865,1024,0.001,0.8975871313672922
hibou_l,pcam,7424,1576,1024,0.01,0.9352791878172588
hibou_l,sicap,10245,1836,1024,0.001,0.8469498910675382
hibou_l,panda,21862,5213,1024,0.0001,0.4168425091118358
virchow2,nct,7200,1800,2560,0.1,0.9933333333333333
virchow2,lung,11356,2839,2560,1.0,1.0
virchow2,lc_colon,7620,1905,2560,1.0,1.0
virchow2,breakhis,5919,1865,2560,0.001,0.960857908847185
virchow2,pcam,7424,1576,2560,0.001,0.9390862944162437
virchow2,sicap,10245,1836,2560,0.001,0.849128540305011
virchow2,panda,21862,5213,2560,0.0001,0.4156915403798197
uni,nct,7200,1800,1536,0.1,0.9938888888888889
uni,lung,11356,2839,1536,1.0,1.0
uni,lc_colon,7620,1905,1536,1.0,1.0
uni,breakhis,5919,1865,1536,0.001,0.9463806970509383
uni,pcam,7424,1576,1536,0.001,0.9530456852791879
uni,sicap,10245,1836,1536,0.001,0.8594771241830066
uni,panda,21862,5213,1536,0.0001,0.3993861500095914
hoptimus,nct,7200,1800,1536,0.1,0.995
hoptimus,lung,11356,2839,1536,1.0,1.0
hoptimus,lc_colon,7620,1905,1536,1.0,1.0
hoptimus,breakhis,5919,1865,1536,0.001,0.9233243967828418
hoptimus,pcam,7424,1576,1536,0.01,0.9435279187817259
hoptimus,sicap,10245,1836,1536,0.001,0.8213507625272332
hoptimus,panda,21862,5213,1536,0.0001,0.38960291578745443
midnight,nct,7200,1800,3072,0.01,0.9894444444444445
midnight,lung,11356,2839,3072,1.0,1.0
midnight,lc_colon,7620,1905,3072,1.0,1.0
midnight,breakhis,5919,1865,3072,0.001,0.9410187667560321
midnight,pcam,7424,1576,3072,0.001,0.9384517766497462
midnight,sicap,10245,1836,3072,0.001,0.8545751633986928
midnight,panda,21862,5213,3072,0.0001,0.405140993669672
dinov2_nat,nct,7200,1800,768,0.1,0.97
dinov2_nat,lung,11356,2839,768,1.0,0.9985910531877422
dinov2_nat,lc_colon,7620,1905,768,1.0,1.0
dinov2_nat,breakhis,5919,1865,768,0.001,0.8241286863270777
dinov2_nat,pcam,7424,1576,768,0.01,0.8794416243654822
dinov2_nat,sicap,10245,1836,768,0.001,0.7189542483660131
dinov2_nat,panda,21862,5213,768,0.0001,0.32879340111260313
imagenet_vit,nct,7200,1800,768,0.1,0.9688888888888889
imagenet_vit,lung,11356,2839,768,1.0,0.9964776329693554
imagenet_vit,lc_colon,7620,1905,768,1.0,1.0
imagenet_vit,breakhis,5919,1865,768,0.0001,0.7983914209115281
imagenet_vit,pcam,7424,1576,768,0.01,0.8807106598984772
imagenet_vit,sicap,10245,1836,768,0.001,0.7282135076252724
imagenet_vit,panda,21862,5213,768,0.0001,0.3347400728946864
