model,bin,confidence_low,confidence_high,n,mean_confidence,accuracy,confidence_p1,confidence_p50,confidence_p95,confidence_p100
lunit,1,0.0,0.06666666666666667,0,nan,nan,0.20450027597870635,0.3328508075256047,0.6178862304291426,0.9898025594850954
lunit,2,0.06666666666666667,0.13333333333333333,0,nan,nan,0.20450027597870635,0.3328508075256047,0.6178862304291426,0.9898025594850954
lunit,3,0.13333333333333333,0.2,162,0.19399951701097182,0.16049382716049382,0.20450027597870635,0.3328508075256047,0.6178862304291426,0.9898025594850954
lunit,4,0.2,0.26666666666666666,5034,0.24091802970322437,0.22606277314263012,0.20450027597870635,0.3328508075256047,0.6178862304291426,0.9898025594850954
lunit,5,0.26666666666666666,0.3333333333333333,8249,0.2995377995291198,0.30318826524427206,0.20450027597870635,0.3328508075256047,0.6178862304291426,0.9898025594850954
lunit,6,0.3333333333333333,0.4,5749,0.3632428414640352,0.3492781353278831,0.20450027597870635,0.3328508075256047,0.6178862304291426,0.9898025594850954
lunit,7,0.4,0.4666666666666667,3327,0.43012382137645594,0.4165915238954013,0.20450027597870635,0.3328508075256047,0.6178862304291426,0.9898025594850954
lunit,8,0.4666666666666667,0.5333333333333333,1743,0.49661464890204593,0.46414228341939184,0.20450027597870635,0.3328508075256047,0.6178862304291426,0.9898025594850954
lunit,9,0.5333333333333333,0.6,988,0.5641093316007268,0.5678137651821862,0.20450027597870635,0.3328508075256047,0.6178862304291426,0.9898025594850954
lunit,10,0.6,0.6666666666666666,598,0.6292519566648027,0.6304347826086957,0.20450027597870635,0.3328508075256047,0.6178862304291426,0.9898025594850954
lunit,11,0.6666666666666666,0.7333333333333333,357,0.6970735507403348,0.7338935574229691,0.20450027597870635,0.3328508075256047,0.6178862304291426,0.9898025594850954
lunit,12,0.7333333333333333,0.8,228,0.7620252855373153,0.8552631578947368,0.20450027597870635,0.3328508075256047,0.6178862304291426,0.9898025594850954
lunit,13,0.8,0.8666666666666667,163,0.82996961035484,0.8711656441717791,0.20450027597870635,0.3328508075256047,0.6178862304291426,0.9898025594850954
lunit,14,0.8666666666666667,0.9333333333333333,120,0.898321788073894,0.9166666666666666,0.20450027597870635,0.3328508075256047,0.6178862304291426,0.9898025594850954
lunit,15,0.9333333333333333,1.0,72,0.9595734934293204,0.9722222222222222,0.20450027597870635,0.3328508075256047,0.6178862304291426,0.9898025594850954
ctranspath,1,0.0,0.06666666666666667,0,nan,nan,0.20390949391033114,0.32935914329194244,0.58893788315863,0.9441839802932462
ctranspath,2,0.06666666666666667,0.13333333333333333,0,nan,nan,0.20390949391033114,0.32935914329194244,0.58893788315863,0.9441839802932462
ctranspath,3,0.13333333333333333,0.2,172,0.1938670160629087,0.12790697674418605,0.20390949391033114,0.32935914329194244,0.58893788315863,0.9441839802932462
ctranspath,4,0.2,0.26666666666666666,5558,0.24055655825946867,0.233177401943145,0.20390949391033114,0.32935914329194244,0.58893788315863,0.9441839802932462
ctranspath,5,0.26666666666666666,0.3333333333333333,8129,0.2993231570405071,0.2925329068766146,0.20390949391033114,0.32935914329194244,0.58893788315863,0.9441839802932462
ctranspath,6,0.3333333333333333,0.4,5861,0.36399996521664996,0.3777512369902747,0.20390949391033114,0.32935914329194244,0.58893788315863,0.9441839802932462
ctranspath,7,0.4,0.4666666666666667,3292,0.4297608696274736,0.44957472660996356,0.20390949391033114,0.32935914329194244,0.58893788315863,0.9441839802932462
ctranspath,8,0.4666666666666667,0.5333333333333333,1645,0.4957438340506157,0.5294832826747721,0.20390949391033114,0.32935914329194244,0.58893788315863,0.9441839802932462
ctranspath,9,0.5333333333333333,0.6,902,0.5628612780024604,0.5842572062084257,0.20390949391033114,0.32935914329194244,0.58893788315863,0.9441839802932462
ctranspath,10,0.6,0.6666666666666666,481,0.6302599221436425,0.656964656964657,0.20390949391033114,0.32935914329194244,0.58893788315863,0.9441839802932462
ctranspath,11,0.6666666666666666,0.7333333333333333,294,0.6979594100752792,0.782312925170068,0.20390949391033114,0.32935914329194244,0.58893788315863,0.9441839802932462
ctranspath,12,0.7333333333333333,0.8,212,0.7654593031451403,0.8443396226415094,0.20390949391033114,0.32935914329194244,0.58893788315863,0.9441839802932462
ctranspath,13,0.8,0.8666666666666667,182,0.8291567723285813,0.9175824175824175,0.20390949391033114,0.32935914329194244,0.58893788315863,0.9441839802932462
ctranspath,14,0.8666666666666667,0.9333333333333333,57,0.8930472834802893,0.9122807017543859,0.20390949391033114,0.32935914329194244,0.58893788315863,0.9441839802932462
ctranspath,15,0.9333333333333333,1.0,5,0.9418193551141254,1.0,0.20390949391033114,0.32935914329194244,0.58893788315863,0.9441839802932462
conch,1,0.0,0.06666666666666667,0,nan,nan,0.20243318318865336,0.3173060759690482,0.6094222764634805,0.9834293140415414
conch,2,0.06666666666666667,0.13333333333333333,0,nan,nan,0.20243318318865336,0.3173060759690482,0.6094222764634805,0.9834293140415414
conch,3,0.13333333333333333,0.2,186,0.19394410610268792,0.14516129032258066,0.20243318318865336,0.3173060759690482,0.6094222764634805,0.9834293140415414
conch,4,0.2,0.26666666666666666,6065,0.24097691900174076,0.23990107172300082,0.20243318318865336,0.3173060759690482,0.6094222764634805,0.9834293140415414
conch,5,0.26666666666666666,0.3333333333333333,9025,0.2986833370012146,0.29506925207756235,0.20243318318865336,0.3173060759690482,0.6094222764634805,0.9834293140415414
conch,6,0.3333333333333333,0.4,5441,0.3629372028836116,0.3458922992097041,0.20243318318865336,0.3173060759690482,0.6094222764634805,0.9834293140415414
conch,7,0.4,0.4666666666666667,2572,0.42884713658026746,0.4202954898911353,0.20243318318865336,0.3173060759690482,0.6094222764634805,0.9834293140415414
conch,8,0.4666666666666667,0.5333333333333333,1285,0.4965004039160077,0.4856031128404669,0.20243318318865336,0.3173060759690482,0.6094222764634805,0.9834293140415414
conch,9,0.5333333333333333,0.6,786,0.5638630407638805,0.5966921119592875,0.20243318318865336,0.3173060759690482,0.6094222764634805,0.9834293140415414
conch,10,0.6,0.6666666666666666,502,0.6310190131737716,0.6354581673306773,0.20243318318865336,0.3173060759690482,0.6094222764634805,0.9834293140415414
conch,11,0.6666666666666666,0.7333333333333333,402,0.6986603639389587,0.7437810945273632,0.20243318318865336,0.3173060759690482,0.6094222764634805,0.9834293140415414
conch,12,0.7333333333333333,0.8,255,0.7642188956795929,0.8,0.20243318318865336,0.3173060759690482,0.6094222764634805,0.9834293140415414
conch,13,0.8,0.8666666666666667,147,0.831572357802275,0.8231292517006803,0.20243318318865336,0.3173060759690482,0.6094222764634805,0.9834293140415414
conch,14,0.8666666666666667,0.9333333333333333,96,0.8942937412022799,0.9166666666666666,0.20243318318865336,0.3173060759690482,0.6094222764634805,0.9834293140415414
conch,15,0.9333333333333333,1.0,28,0.9550205610975625,0.9642857142857143,0.20243318318865336,0.3173060759690482,0.6094222764634805,0.9834293140415414
hibou_b,1,0.0,0.06666666666666667,0,nan,nan,0.2074494399690122,0.33385536165634766,0.6011061810595303,0.9287125286026888
hibou_b,2,0.06666666666666667,0.13333333333333333,0,nan,nan,0.2074494399690122,0.33385536165634766,0.6011061810595303,0.9287125286026888
hibou_b,3,0.13333333333333333,0.2,108,0.1935918460942392,0.17592592592592593,0.2074494399690122,0.33385536165634766,0.6011061810595303,0.9287125286026888
hibou_b,4,0.2,0.26666666666666666,4877,0.24173116507156847,0.2347754767274964,0.2074494399690122,0.33385536165634766,0.6011061810595303,0.9287125286026888
hibou_b,5,0.26666666666666666,0.3333333333333333,8345,0.299473913564212,0.2951467944877172,0.2074494399690122,0.33385536165634766,0.6011061810595303,0.9287125286026888
hibou_b,6,0.3333333333333333,0.4,6223,0.3640778968524657,0.3586694520327816,0.2074494399690122,0.33385536165634766,0.6011061810595303,0.9287125286026888
hibou_b,7,0.4,0.4666666666666667,3313,0.4300599382608812,0.42801086628433443,0.2074494399690122,0.33385536165634766,0.6011061810595303,0.9287125286026888
hibou_b,8,0.4666666666666667,0.5333333333333333,1690,0.4958493025675607,0.49467455621301776,0.2074494399690122,0.33385536165634766,0.6011061810595303,0.9287125286026888
hibou_b,9,0.5333333333333333,0.6,882,0.5635191310450164,0.6031746031746031,0.2074494399690122,0.33385536165634766,0.6011061810595303,0.9287125286026888
hibou_b,10,0.6,0.6666666666666666,538,0.6316559099108983,0.6858736059479554,0.2074494399690122,0.33385536165634766,0.6011061810595303,0.9287125286026888
hibou_b,11,0.6666666666666666,0.7333333333333333,360,0.6963647632120101,0.8111111111111111,0.2074494399690122,0.33385536165634766,0.6011061810595303,0.9287125286026888
hibou_b,12,0.7333333333333333,0.8,266,0.7657862350713539,0.8796992481203008,0.2074494399690122,0.33385536165634766,0.6011061810595303,0.9287125286026888
hibou_b,13,0.8,0.8666666666666667,144,0.8301340310183547,0.9652777777777778,0.2074494399690122,0.33385536165634766,0.6011061810595303,0.9287125286026888
hibou_b,14,0.8666666666666667,0.9333333333333333,44,0.8925635678005054,0.9545454545454546,0.2074494399690122,0.33385536165634766,0.6011061810595303,0.9287125286026888
hibou_b,15,0.9333333333333333,1.0,0,nan,nan,0.2074494399690122,0.33385536165634766,0.6011061810595303,0.9287125286026888
phikon,1,0.0,0.06666666666666667,0,nan,nan,0.20700313552133884,0.3293503180240986,0.5820126839474632,0.9132114389987986
phikon,2,0.06666666666666667,0.13333333333333333,0,nan,nan,0.20700313552133884,0.3293503180240986,0.5820126839474632,0.9132114389987986
phikon,3,0.13333333333333333,0.2,113,0.1945834881820469,0.21238938053097345,0.20700313552133884,0.3293503180240986,0.5820126839474632,0.9132114389987986
phikon,4,0.2,0.26666666666666666,5330,0.24196996544123509,0.23621013133208255,0.20700313552133884,0.3293503180240986,0.5820126839474632,0.9132114389987986
phikon,5,0.26666666666666666,0.3333333333333333,8427,0.2993248978655589,0.29761480954076186,0.20700313552133884,0.3293503180240986,0.5820126839474632,0.9132114389987986
phikon,6,0.3333333333333333,0.4,5997,0.3639624723062455,0.3570118392529598,0.20700313552133884,0.3293503180240986,0.5820126839474632,0.9132114389987986
phikon,7,0.4,0.4666666666666667,3254,0.42913350289506114,0.4191763982790412,0.20700313552133884,0.3293503180240986,0.5820126839474632,0.9132114389987986
phikon,8,0.4666666666666667,0.5333333333333333,1645,0.49645903097763056,0.48632218844984804,0.20700313552133884,0.3293503180240986,0.5820126839474632,0.9132114389987986
phikon,9,0.5333333333333333,0.6,875,0.5631494528019292,0.6228571428571429,0.20700313552133884,0.3293503180240986,0.5820126839474632,0.9132114389987986
phikon,10,0.6,0.6666666666666666,482,0.6311328781596788,0.7551867219917012,0.20700313552133884,0.3293503180240986,0.5820126839474632,0.9132114389987986
phikon,11,0.6666666666666666,0.7333333333333333,347,0.6956029861153288,0.8040345821325648,0.20700313552133884,0.3293503180240986,0.5820126839474632,0.9132114389987986
phikon,12,0.7333333333333333,0.8,193,0.7631042258343376,0.8549222797927462,0.20700313552133884,0.3293503180240986,0.5820126839474632,0.9132114389987986
phikon,13,0.8,0.8666666666666667,93,0.8292356810073235,0.9247311827956989,0.20700313552133884,0.3293503180240986,0.5820126839474632,0.9132114389987986
phikon,14,0.8666666666666667,0.9333333333333333,34,0.8835316119203235,0.8529411764705882,0.20700313552133884,0.3293503180240986,0.5820126839474632,0.9132114389987986
phikon,15,0.9333333333333333,1.0,0,nan,nan,0.20700313552133884,0.3293503180240986,0.5820126839474632,0.9132114389987986
phikon_v2,1,0.0,0.06666666666666667,0,nan,nan,0.20743733251837174,0.32965404296624123,0.5702941605106185,0.8927618645904679
phikon_v2,2,0.06666666666666667,0.13333333333333333,0,nan,nan,0.20743733251837174,0.32965404296624123,0.5702941605106185,0.8927618645904679
phikon_v2,3,0.13333333333333333,0.2,119,0.19440539734161238,0.2184873949579832,0.20743733251837174,0.32965404296624123,0.5702941605106185,0.8927618645904679
phikon_v2,4,0.2,0.26666666666666666,5207,0.2419251677975644,0.22949875168043019,0.20743733251837174,0.32965404296624123,0.5702941605106185,0.8927618645904679
phikon_v2,5,0.26666666666666666,0.3333333333333333,8521,0.2994202871461832,0.29151508038962565,0.20743733251837174,0.32965404296624123,0.5702941605106185,0.8927618645904679
phikon_v2,6,0.3333333333333333,0.4,6059,0.36335362656228926,0.3713484073279419,0.20743733251837174,0.32965404296624123,0.5702941605106185,0.8927618645904679
phikon_v2,7,0.4,0.4666666666666667,3293,0.429786632691725,0.43182508351047677,0.20743733251837174,0.32965404296624123,0.5702941605106185,0.8927618645904679
phikon_v2,8,0.4666666666666667,0.5333333333333333,1688,0.4965225216570784,0.4792654028436019,0.20743733251837174,0.32965404296624123,0.5702941605106185,0.8927618645904679
phikon_v2,9,0.5333333333333333,0.6,860,0.562906036504963,0.622093023255814,0.20743733251837174,0.32965404296624123,0.5702941605106185,0.8927618645904679
phikon_v2,10,0.6,0.6666666666666666,453,0.6315775953728473,0.695364238410596,0.20743733251837174,0.32965404296624123,0.5702941605106185,0.8927618645904679
phikon_v2,11,0.6666666666666666,0.7333333333333333,319,0.6985583394838053,0.8025078369905956,0.20743733251837174,0.32965404296624123,0.5702941605106185,0.8927618645904679
phikon_v2,12,0.7333333333333333,0.8,208,0.7618284809587755,0.9182692307692307,0.20743733251837174,0.32965404296624123,0.5702941605106185,0.8927618645904679
phikon_v2,13,0.8,0.8666666666666667,59,0.8223691409303309,0.8983050847457628,0.20743733251837174,0.32965404296624123,0.5702941605106185,0.8927618645904679
phikon_v2,14,0.8666666666666667,0.9333333333333333,4,0.8784370119204478,0.75,0.20743733251837174,0.32965404296624123,0.5702941605106185,0.8927618645904679
phikon_v2,15,0.9333333333333333,1.0,0,nan,nan,0.20743733251837174,0.32965404296624123,0.5702941605106185,0.8927618645904679
hibou_l,1,0.0,0.06666666666666667,0,nan,nan,0.21075791572992963,0.34197627983461143,0.6353747570389447,0.9517828130064709
hibou_l,2,0.06666666666666667,0.13333333333333333,0,nan,nan,0.21075791572992963,0.34197627983461143,0.6353747570389447,0.9517828130064709
hibou_l,3,0.13333333333333333,0.2,85,0.19382529709537855,0.2823529411764706,0.21075791572992963,0.34197627983461143,0.6353747570389447,0.9517828130064709
hibou_l,4,0.2,0.26666666666666666,4195,0.24303294296775577,0.2269368295589988,0.21075791572992963,0.34197627983461143,0.6353747570389447,0.9517828130064709
hibou_l,5,0.26666666666666666,0.3333333333333333,8087,0.3003899547608348,0.2873747990602201,0.21075791572992963,0.34197627983461143,0.6353747570389447,0.9517828130064709
hibou_l,6,0.3333333333333333,0.4,6432,0.3635761034395074,0.37997512437810943,0.21075791572992963,0.34197627983461143,0.6353747570389447,0.9517828130064709
hibou_l,7,0.4,0.4666666666666667,3495,0.4298493134135412,0.4206008583690987,0.21075791572992963,0.34197627983461143,0.6353747570389447,0.9517828130064709
hibou_l,8,0.4666666666666667,0.5333333333333333,1753,0.49638382908497564,0.48887621220764405,0.21075791572992963,0.34197627983461143,0.6353747570389447,0.9517828130064709
hibou_l,9,0.5333333333333333,0.6,1047,0.5632125232196571,0.5711556829035339,0.21075791572992963,0.34197627983461143,0.6353747570389447,0.9517828130064709
hibou_l,10,0.6,0.6666666666666666,581,0.6297953223899794,0.6695352839931153,0.21075791572992963,0.34197627983461143,0.6353747570389447,0.9517828130064709
hibou_l,11,0.6666666666666666,0.7333333333333333,463,0.6994211345978485,0.8034557235421166,0.21075791572992963,0.34197627983461143,0.6353747570389447,0.9517828130064709
hibou_l,12,0.7333333333333333,0.8,334,0.7622723954467586,0.8473053892215568,0.21075791572992963,0.34197627983461143,0.6353747570389447,0.9517828130064709
hibou_l,13,0.8,0.8666666666666667,206,0.8310811984040407,0.9514563106796117,0.21075791572992963,0.34197627983461143,0.6353747570389447,0.9517828130064709
hibou_l,14,0.8666666666666667,0.9333333333333333,107,0.8913927843691791,0.9813084112149533,0.21075791572992963,0.34197627983461143,0.6353747570389447,0.9517828130064709
hibou_l,15,0.9333333333333333,1.0,5,0.9430413454102714,1.0,0.21075791572992963,0.34197627983461143,0.6353747570389447,0.9517828130064709
virchow2,1,0.0,0.06666666666666667,0,nan,nan,0.21770145078399417,0.375118833284693,0.6853108792843088,0.9847102925883817
virchow2,2,0.06666666666666667,0.13333333333333333,0,nan,nan,0.21770145078399417,0.375118833284693,0.6853108792843088,0.9847102925883817
virchow2,3,0.13333333333333333,0.2,43,0.1943915639501705,0.16279069767441862,0.21770145078399417,0.375118833284693,0.6853108792843088,0.9847102925883817
virchow2,4,0.2,0.26666666666666666,2739,0.24338244532910439,0.23840817816721432,0.21770145078399417,0.375118833284693,0.6853108792843088,0.9847102925883817
virchow2,5,0.26666666666666666,0.3333333333333333,6436,0.30153924610421484,0.2862026103169671,0.21770145078399417,0.375118833284693,0.6853108792843088,0.9847102925883817
virchow2,6,0.3333333333333333,0.4,6343,0.3652621118856032,0.3373797887434968,0.21770145078399417,0.375118833284693,0.6853108792843088,0.9847102925883817
virchow2,7,0.4,0.4666666666666667,4383,0.43109064255655877,0.3990417522245038,0.21770145078399417,0.375118833284693,0.6853108792843088,0.9847102925883817
virchow2,8,0.4666666666666667,0.5333333333333333,2829,0.4975680772853675,0.4941675503711559,0.21770145078399417,0.375118833284693,0.6853108792843088,0.9847102925883817
virchow2,9,0.5333333333333333,0.6,1604,0.5640264000855565,0.5411471321695761,0.21770145078399417,0.375118833284693,0.6853108792843088,0.9847102925883817
virchow2,10,0.6,0.6666666666666666,875,0.6290843915207451,0.6308571428571429,0.21770145078399417,0.375118833284693,0.6853108792843088,0.9847102925883817
virchow2,11,0.6666666666666666,0.7333333333333333,547,0.696119103004393,0.6709323583180987,0.21770145078399417,0.375118833284693,0.6853108792843088,0.9847102925883817
virchow2,12,0.7333333333333333,0.8,400,0.7654558804250222,0.7975,0.21770145078399417,0.375118833284693,0.6853108792843088,0.9847102925883817
virchow2,13,0.8,0.8666666666666667,280,0.8328783528916864,0.9178571428571428,0.21770145078399417,0.375118833284693,0.6853108792843088,0.9847102925883817
virchow2,14,0.8666666666666667,0.9333333333333333,249,0.8975958985744941,0.9959839357429718,0.21770145078399417,0.375118833284693,0.6853108792843088,0.9847102925883817
virchow2,15,0.9333333333333333,1.0,62,0.9475254344187863,1.0,0.21770145078399417,0.375118833284693,0.6853108792843088,0.9847102925883817
uni,1,0.0,0.06666666666666667,0,nan,nan,0.21041738863855877,0.3526679064624793,0.660653214998883,0.9752481878047928
uni,2,0.06666666666666667,0.13333333333333333,0,nan,nan,0.21041738863855877,0.3526679064624793,0.660653214998883,0.9752481878047928
uni,3,0.13333333333333333,0.2,88,0.1936425697810461,0.22727272727272727,0.21041738863855877,0.3526679064624793,0.660653214998883,0.9752481878047928
uni,4,0.2,0.26666666666666666,4174,0.2422213090242773,0.23766171538092956,0.21041738863855877,0.3526679064624793,0.660653214998883,0.9752481878047928
uni,5,0.26666666666666666,0.3333333333333333,7253,0.2998525013738591,0.2723011167792638,0.21041738863855877,0.3526679064624793,0.660653214998883,0.9752481878047928
uni,6,0.3333333333333333,0.4,5885,0.3649031806771891,0.3522514868309261,0.21041738863855877,0.3526679064624793,0.660653214998883,0.9752481878047928
uni,7,0.4,0.4666666666666667,3870,0.4303227971097576,0.4258397932816537,0.21041738863855877,0.3526679064624793,0.660653214998883,0.9752481878047928
uni,8,0.4666666666666667,0.5333333333333333,2310,0.49647532464100175,0.5112554112554113,0.21041738863855877,0.3526679064624793,0.660653214998883,0.9752481878047928
uni,9,0.5333333333333333,0.6,1242,0.562808765299582,0.5547504025764896,0.21041738863855877,0.3526679064624793,0.660653214998883,0.9752481878047928
uni,10,0.6,0.6666666666666666,677,0.6310494714178077,0.6395864106351551,0.21041738863855877,0.3526679064624793,0.660653214998883,0.9752481878047928
uni,11,0.6666666666666666,0.7333333333333333,444,0.6988515438768579,0.7319819819819819,0.21041738863855877,0.3526679064624793,0.660653214998883,0.9752481878047928
uni,12,0.7333333333333333,0.8,335,0.7643565559410409,0.8388059701492537,0.21041738863855877,0.3526679064624793,0.660653214998883,0.9752481878047928
uni,13,0.8,0.8666666666666667,277,0.8295899952077801,0.9602888086642599,0.21041738863855877,0.3526679064624793,0.660653214998883,0.9752481878047928
uni,14,0.8666666666666667,0.9333333333333333,196,0.8996112458237682,0.9948979591836735,0.21041738863855877,0.3526679064624793,0.660653214998883,0.9752481878047928
uni,15,0.9333333333333333,1.0,39,0.9481380027036942,1.0,0.21041738863855877,0.3526679064624793,0.660653214998883,0.9752481878047928
hoptimus,1,0.0,0.06666666666666667,0,nan,nan,0.21146619123275964,0.34635825280844895,0.6336408114248271,0.9652236902796317
hoptimus,2,0.06666666666666667,0.13333333333333333,0,nan,nan,0.21146619123275964,0.34635825280844895,0.6336408114248271,0.9652236902796317
hoptimus,3,0.13333333333333333,0.2,61,0.1954649781973984,0.19672131147540983,0.21146619123275964,0.34635825280844895,0.6336408114248271,0.9652236902796317
hoptimus,4,0.2,0.26666666666666666,4122,0.2429361413051214,0.22707423580786026,0.21146619123275964,0.34635825280844895,0.6336408114248271,0.9652236902796317
hoptimus,5,0.26666666666666666,0.3333333333333333,7782,0.2998542428334824,0.2892572603443845,0.21146619123275964,0.34635825280844895,0.6336408114248271,0.9652236902796317
hoptimus,6,0.3333333333333333,0.4,6169,0.36389807388187123,0.3511103906629924,0.21146619123275964,0.34635825280844895,0.6336408114248271,0.9652236902796317
hoptimus,7,0.4,0.4666666666666667,3759,0.4299663452732545,0.41367384942803936,0.21146619123275964,0.34635825280844895,0.6336408114248271,0.9652236902796317
hoptimus,8,0.4666666666666667,0.5333333333333333,2073,0.496940016819095,0.4732272069464544,0.21146619123275964,0.34635825280844895,0.6336408114248271,0.9652236902796317
hoptimus,9,0.5333333333333333,0.6,1127,0.5631424295109709,0.5661047027506655,0.21146619123275964,0.34635825280844895,0.6336408114248271,0.9652236902796317
hoptimus,10,0.6,0.6666666666666666,619,0.6298966942301902,0.6720516962843296,0.21146619123275964,0.34635825280844895,0.6336408114248271,0.9652236902796317
hoptimus,11,0.6666666666666666,0.7333333333333333,408,0.6971326779299345,0.7671568627450981,0.21146619123275964,0.34635825280844895,0.6336408114248271,0.9652236902796317
hoptimus,12,0.7333333333333333,0.8,298,0.7633387812198055,0.8288590604026845,0.21146619123275964,0.34635825280844895,0.6336408114248271,0.9652236902796317
hoptimus,13,0.8,0.8666666666666667,201,0.8282590187012986,0.900497512437811,0.21146619123275964,0.34635825280844895,0.6336408114248271,0.9652236902796317
hoptimus,14,0.8666666666666667,0.9333333333333333,147,0.8989463480586151,0.9319727891156463,0.21146619123275964,0.34635825280844895,0.6336408114248271,0.9652236902796317
hoptimus,15,0.9333333333333333,1.0,24,0.9472122289433328,0.9166666666666666,0.21146619123275964,0.34635825280844895,0.6336408114248271,0.9652236902796317
midnight,1,0.0,0.06666666666666667,0,nan,nan,0.21568787641004453,0.36720808097910884,0.7087461034438419,0.9899346330874345
midnight,2,0.06666666666666667,0.13333333333333333,0,nan,nan,0.21568787641004453,0.36720808097910884,0.7087461034438419,0.9899346330874345
midnight,3,0.13333333333333333,0.2,58,0.19458997265327516,0.13793103448275862,0.21568787641004453,0.36720808097910884,0.7087461034438419,0.9899346330874345
midnight,4,0.2,0.26666666666666666,3305,0.24305184552634926,0.2308623298033283,0.21568787641004453,0.36720808097910884,0.7087461034438419,0.9899346330874345
midnight,5,0.26666666666666666,0.3333333333333333,6713,0.3007890819063469,0.2869060032772233,0.21568787641004453,0.36720808097910884,0.7087461034438419,0.9899346330874345
midnight,6,0.3333333333333333,0.4,6120,0.3651908844412567,0.3524509803921569,0.21568787641004453,0.36720808097910884,0.7087461034438419,0.9899346330874345
midnight,7,0.4,0.4666666666666667,4335,0.43114588349919514,0.4083044982698962,0.21568787641004453,0.36720808097910884,0.7087461034438419,0.9899346330874345
midnight,8,0.4666666666666667,0.5333333333333333,2520,0.496306782401439,0.4845238095238095,0.21568787641004453,0.36720808097910884,0.7087461034438419,0.9899346330874345
midnight,9,0.5333333333333333,0.6,1309,0.563675645471576,0.533231474407945,0.21568787641004453,0.36720808097910884,0.7087461034438419,0.9899346330874345
midnight,10,0.6,0.6666666666666666,766,0.6302027082797281,0.5835509138381201,0.21568787641004453,0.36720808097910884,0.7087461034438419,0.9899346330874345
midnight,11,0.6666666666666666,0.7333333333333333,517,0.6996789319168113,0.6615087040618955,0.21568787641004453,0.36720808097910884,0.7087461034438419,0.9899346330874345
midnight,12,0.7333333333333333,0.8,373,0.7653927266671513,0.7292225201072386,0.21568787641004453,0.36720808097910884,0.7087461034438419,0.9899346330874345
midnight,13,0.8,0.8666666666666667,342,0.8311213321698702,0.8771929824561403,0.21568787641004453,0.36720808097910884,0.7087461034438419,0.9899346330874345
midnight,14,0.8666666666666667,0.9333333333333333,301,0.8989408879685656,0.973421926910299,0.21568787641004453,0.36720808097910884,0.7087461034438419,0.9899346330874345
midnight,15,0.9333333333333333,1.0,131,0.9536961408812449,1.0,0.21568787641004453,0.36720808097910884,0.7087461034438419,0.9899346330874345
dinov2_nat,1,0.0,0.06666666666666667,0,nan,nan,0.19661918773162315,0.2969756511497506,0.5233146420327464,0.9541155451062763
dinov2_nat,2,0.06666666666666667,0.13333333333333333,0,nan,nan,0.19661918773162315,0.2969756511497506,0.5233146420327464,0.9541155451062763
dinov2_nat,3,0.13333333333333333,0.2,387,0.19329959291065993,0.19896640826873385,0.19661918773162315,0.2969756511497506,0.5233146420327464,0.9541155451062763
dinov2_nat,4,0.2,0.26666666666666666,8409,0.23876123600819762,0.23498632417647758,0.19661918773162315,0.2969756511497506,0.5233146420327464,0.9541155451062763
dinov2_nat,5,0.26666666666666666,0.3333333333333333,8833,0.2971247289129763,0.2804256764406204,0.19661918773162315,0.2969756511497506,0.5233146420327464,0.9541155451062763
dinov2_nat,6,0.3333333333333333,0.4,4630,0.3628620489562196,0.3645788336933045,0.19661918773162315,0.2969756511497506,0.5233146420327464,0.9541155451062763
dinov2_nat,7,0.4,0.4666666666666667,2178,0.4296744215049774,0.4214876033057851,0.19661918773162315,0.2969756511497506,0.5233146420327464,0.9541155451062763
dinov2_nat,8,0.4666666666666667,0.5333333333333333,1142,0.4962480393870545,0.5148861646234676,0.19661918773162315,0.2969756511497506,0.5233146420327464,0.9541155451062763
dinov2_nat,9,0.5333333333333333,0.6,577,0.5633249745036109,0.5563258232235702,0.19661918773162315,0.2969756511497506,0.5233146420327464,0.9541155451062763
dinov2_nat,10,0.6,0.6666666666666666,304,0.6315110000958782,0.6348684210526315,0.19661918773162315,0.2969756511497506,0.5233146420327464,0.9541155451062763
dinov2_nat,11,0.6666666666666666,0.7333333333333333,177,0.6976285784412853,0.7231638418079096,0.19661918773162315,0.2969756511497506,0.5233146420327464,0.9541155451062763
dinov2_nat,12,0.7333333333333333,0.8,67,0.7606527619737332,0.7014925373134329,0.19661918773162315,0.2969756511497506,0.5233146420327464,0.9541155451062763
dinov2_nat,13,0.8,0.8666666666666667,52,0.8245185070019692,0.7884615384615384,0.19661918773162315,0.2969756511497506,0.5233146420327464,0.9541155451062763
dinov2_nat,14,0.8666666666666667,0.9333333333333333,32,0.8944728145347688,0.84375,0.19661918773162315,0.2969756511497506,0.5233146420327464,0.9541155451062763
dinov2_nat,15,0.9333333333333333,1.0,2,0.9454385076803338,1.0,0.19661918773162315,0.2969756511497506,0.5233146420327464,0.9541155451062763
imagenet_vit,1,0.0,0.06666666666666667,0,nan,nan,0.19429921468441555,0.2780369814815794,0.4496935588076209,0.7398802021243811
imagenet_vit,2,0.06666666666666667,0.13333333333333333,0,nan,nan,0.19429921468441555,0.2780369814815794,0.4496935588076209,0.7398802021243811
imagenet_vit,3,0.13333333333333333,0.2,568,0.19344138514129777,0.18661971830985916,0.19429921468441555,0.2780369814815794,0.4496935588076209,0.7398802021243811
imagenet_vit,4,0.2,0.26666666666666666,10848,0.2375662001923285,0.24087389380530974,0.19429921468441555,0.2780369814815794,0.4496935588076209,0.7398802021243811
imagenet_vit,5,0.26666666666666666,0.3333333333333333,8947,0.2957983499555959,0.2988711299877054,0.19429921468441555,0.2780369814815794,0.4496935588076209,0.7398802021243811
imagenet_vit,6,0.3333333333333333,0.4,3801,0.361608768102976,0.39700078926598265,0.19429921468441555,0.2780369814815794,0.4496935588076209,0.7398802021243811
imagenet_vit,7,0.4,0.4666666666666667,1578,0.4285945231217908,0.5120405576679341,0.19429921468441555,0.2780369814815794,0.4496935588076209,0.7398802021243811
imagenet_vit,8,0.4666666666666667,0.5333333333333333,695,0.49545588201785096,0.6345323741007194,0.19429921468441555,0.2780369814815794,0.4496935588076209,0.7398802021243811
imagenet_vit,9,0.5333333333333333,0.6,250,0.5618639690890602,0.74,0.19429921468441555,0.2780369814815794,0.4496935588076209,0.7398802021243811
imagenet_vit,10,0.6,0.6666666666666666,89,0.6264971985254366,0.8539325842696629,0.19429921468441555,0.2780369814815794,0.4496935588076209,0.7398802021243811
imagenet_vit,11,0.6666666666666666,0.7333333333333333,13,0.6833240228977375,0.6923076923076923,0.19429921468441555,0.2780369814815794,0.4496935588076209,0.7398802021243811
imagenet_vit,12,0.7333333333333333,0.8,1,0.7398802021243811,1.0,0.19429921468441555,0.2780369814815794,0.4496935588076209,0.7398802021243811
imagenet_vit,13,0.8,0.8666666666666667,0,nan,nan,0.19429921468441555,0.2780369814815794,0.4496935588076209,0.7398802021243811
imagenet_vit,14,0.8666666666666667,0.9333333333333333,0,nan,nan,0.19429921468441555,0.2780369814815794,0.4496935588076209,0.7398802021243811
imagenet_vit,15,0.9333333333333333,1.0,0,nan,nan,0.19429921468441555,0.2780369814815794,0.4496935588076209,0.7398802021243811
