model,task,metric,mean,lo,hi
lunit,nct,n_train,7200.0,,
lunit,nct,n_test,1800.0,,
lunit,nct,error_rate,0.011666666666666648,,
lunit,nct,mean_confidence,0.9876743803483276,,
lunit,nct,e_aurc_random,0.011592605242719881,,
lunit,nct,accuracy,0.9883333333333333,0.9805555555555555,0.9938888888888889
lunit,nct,aurc,0.0003743545760631032,8.161123064614438e-05,0.001184968546280225
lunit,nct,e_aurc,0.00030029315211633795,5.378733056948657e-05,0.0010304556137476996
lunit,nct,ece,0.005190410660174507,0.0034877806138137956,0.011338626064664247
lunit,nct,C_median,0.1,,
lunit,lung,n_train,11356.0,,
lunit,lung,n_test,2839.0,,
lunit,lung,error_rate,0.0004226840436773793,,
lunit,lung,mean_confidence,0.999310386050652,,
lunit,lung,e_aurc_random,0.000422510335960869,,
lunit,lung,accuracy,0.9995773159563226,0.9985910531877422,1.0
lunit,lung,aurc,3.227763805953844e-07,0.0,2.36089063267806e-06
lunit,lung,e_aurc,1.4906866408506153e-07,0.0,1.7397482629923823e-06
lunit,lung,ece,0.0006434663410543053,0.00032287365801529167,0.001370833136116582
lunit,lung,C_median,1.0,,
lunit,lc_colon,n_train,7620.0,,
lunit,lc_colon,n_test,1905.0,,
lunit,lc_colon,error_rate,0.0,,
lunit,lc_colon,mean_confidence,0.9999413953421825,,
lunit,lc_colon,e_aurc_random,0.0,,
lunit,lc_colon,accuracy,1.0,1.0,1.0
lunit,lc_colon,aurc,0.0,0.0,0.0
lunit,lc_colon,e_aurc,0.0,0.0,0.0
lunit,lc_colon,ece,5.8604657817418196e-05,3.6103310142315824e-05,0.00010368487266769473
lunit,lc_colon,C_median,1.0,,
lunit,breakhis,n_train,6151.2,,
lunit,breakhis,n_test,1632.8,,
lunit,breakhis,error_rate,0.17937817455420887,,
lunit,breakhis,mean_confidence,0.82391786423469,,
lunit,breakhis,e_aurc_random,0.15545472966011134,,
lunit,breakhis,accuracy,0.8206218254457912,0.5637611620286662,0.9704097273707734
lunit,breakhis,aurc,0.07804272361954637,0.0015284530764664754,0.30856821294229136
lunit,breakhis,e_aurc,0.05411927872544884,0.0009820249765968227,0.19927748251263583
lunit,breakhis,ece,0.08052816733270236,0.022385568504051434,0.22489613927440155
lunit,breakhis,C_median,0.001,,
lunit,pcam,n_train,7185.6,,
lunit,pcam,n_test,1814.4,,
lunit,pcam,error_rate,0.08744218017858585,,
lunit,pcam,mean_confidence,0.9110668892973861,,
lunit,pcam,e_aurc_random,0.08342306980218388,,
lunit,pcam,accuracy,0.9125578198214142,0.8568444355803749,0.9584121273343444
lunit,pcam,aurc,0.02222714956577802,0.0056887257285453685,0.05260689291155049
lunit,pcam,e_aurc,0.01820803918937606,0.004625065874873539,0.04361528561128822
lunit,pcam,ece,0.022029603143942044,0.010398862416048165,0.06403947409138454
lunit,pcam,C_median,0.01,,
lunit,sicap,n_train,10034.0,,
lunit,sicap,n_test,2047.0,,
lunit,sicap,error_rate,0.20759956055274914,,
lunit,sicap,mean_confidence,0.7789788485045607,,
lunit,sicap,e_aurc_random,0.18337273141935845,,
lunit,sicap,accuracy,0.7924004394472509,0.6615143806074005,0.9005718317861495
lunit,sicap,aurc,0.08017328796677048,0.02590255148432829,0.19269954260843428
lunit,sicap,e_aurc,0.055946458833379765,0.020263444695291143,0.13093481289447154
lunit,sicap,ece,0.02982422749092828,0.019442394406927084,0.09113046730847821
lunit,sicap,qwk,0.7721077090698366,0.3998250274223572,0.9306671143998173
lunit,sicap,C_median,0.001,,
lunit,panda,n_train,21717.0,,
lunit,panda,n_test,5358.0,,
lunit,panda,error_rate,0.6427980065792575,,
lunit,panda,mean_confidence,0.36412318709509717,,
lunit,panda,e_aurc_random,0.36702338662290745,,
lunit,panda,accuracy,0.35720199342074255,0.29669972685547663,0.42459339252586187
lunit,panda,aurc,0.5041657637000869,0.4030899018840722,0.6017331726879801
lunit,panda,e_aurc,0.22839114374373692,0.18481329179927608,0.2752182001448386
lunit,panda,ece,0.04611874284758565,0.019117141817971906,0.10146669112236342
lunit,panda,qwk,0.42286756590654306,0.31656698226739133,0.5198480125896537
lunit,panda,qwk_karolinska,0.3984158273577286,0.26063872816547956,0.5180432607572835
lunit,panda,accuracy_karolinska,0.34946623767490304,0.2794161885402735,0.4271798989246105
lunit,panda,qwk_radboud,0.4548926071401704,0.274671658635188,0.6182095735928861
lunit,panda,accuracy_radboud,0.3667182021815436,0.27376534570422445,0.4687696215532249
lunit,panda,n_test_karolinska,3014.2,,
lunit,panda,n_test_radboud,2343.8,,
lunit,panda,qwk_provider_baseline,0.000314500267505724,,
lunit,panda,C_median,0.0001,,
lunit,accuracy_tasks,accuracy,0.9302725736392152,,
ctranspath,nct,n_train,7200.0,,
ctranspath,nct,n_test,1800.0,,
ctranspath,nct,error_rate,0.012666666666666649,,
ctranspath,nct,mean_confidence,0.9879356857610933,,
ctranspath,nct,e_aurc_random,0.01257686508650932,,
ctranspath,nct,accuracy,0.9873333333333333,0.9772222222222222,0.9938888888888889
ctranspath,nct,aurc,0.0006041637570263854,0.00010680827999521165,0.002142821550525005
ctranspath,nct,e_aurc,0.00051436217686906,6.163333173903247e-05,0.0018913775658106042
ctranspath,nct,ece,0.005030419015452543,0.003542337046711916,0.01217298279906382
ctranspath,nct,C_median,0.1,,
ctranspath,lung,n_train,11356.0,,
ctranspath,lung,n_test,2839.0,,
ctranspath,lung,error_rate,0.000845368087354692,,
ctranspath,lung,mean_confidence,0.9989328116933173,,
ctranspath,lung,e_aurc_random,0.0008446978956892257,,
ctranspath,lung,accuracy,0.9991546319126453,0.9975343430785488,1.0
ctranspath,lung,aurc,1.4162547561086706e-06,0.0,6.716204080665552e-06
ctranspath,lung,e_aurc,7.460630906422946e-07,0.0,3.730666096885538e-06
ctranspath,lung,ece,0.001004644943742394,0.00043677886295096657,0.00233402194652068
ctranspath,lung,C_median,1.0,,
ctranspath,lc_colon,n_train,7620.0,,
ctranspath,lc_colon,n_test,1905.0,,
ctranspath,lc_colon,error_rate,0.0,,
ctranspath,lc_colon,mean_confidence,0.9999569410059795,,
ctranspath,lc_colon,e_aurc_random,0.0,,
ctranspath,lc_colon,accuracy,1.0,1.0,1.0
ctranspath,lc_colon,aurc,0.0,0.0,0.0
ctranspath,lc_colon,e_aurc,0.0,0.0,0.0
ctranspath,lc_colon,ece,4.305899402035074e-05,1.8829530996214428e-05,0.00011067436607748151
ctranspath,lc_colon,C_median,1.0,,
ctranspath,breakhis,n_train,6151.2,,
ctranspath,breakhis,n_test,1632.8,,
ctranspath,breakhis,error_rate,0.14511151812562245,,
ctranspath,breakhis,mean_confidence,0.8528257126703425,,
ctranspath,breakhis,e_aurc_random,0.1302652828910063,,
ctranspath,breakhis,accuracy,0.8548884818743774,0.6334731068587253,0.9878238457649541
ctranspath,breakhis,aurc,0.05111486778282235,0.0003374313023151293,0.209193206788868
ctranspath,breakhis,e_aurc,0.03626863254820617,0.0002502110127718956,0.13944917049850328
ctranspath,breakhis,ece,0.06964859072897259,0.022439079485387897,0.1983111981402419
ctranspath,breakhis,C_median,0.001,,
ctranspath,pcam,n_train,7185.6,,
ctranspath,pcam,n_test,1814.4,,
ctranspath,pcam,error_rate,0.11598680654648326,,
ctranspath,pcam,mean_confidence,0.8905671574727408,,
ctranspath,pcam,e_aurc_random,0.10859657542096794,,
ctranspath,pcam,accuracy,0.8840131934535167,0.794131039671959,0.9360602533060159
ctranspath,pcam,aurc,0.03677801638422025,0.010306474194998885,0.10302745537507162
ctranspath,pcam,e_aurc,0.02938778525870494,0.008213904468998617,0.07989274021339263
ctranspath,pcam,ece,0.020107307236143256,0.0119776904204662,0.06286779088615757
ctranspath,pcam,C_median,0.01,,
ctranspath,sicap,n_train,10034.0,,
ctranspath,sicap,n_test,2047.0,,
ctranspath,sicap,error_rate,0.2044876336829934,,
ctranspath,sicap,mean_confidence,0.7939762478046493,,
ctranspath,sicap,e_aurc_random,0.18135509237143993,,
ctranspath,sicap,accuracy,0.7955123663170066,0.682470416973847,0.8881859206048918
ctranspath,sicap,aurc,0.07708309982964733,0.02882994599661564,0.18580113526834016
ctranspath,sicap,e_aurc,0.05395055851809383,0.02157528804685174,0.12936198453308057
ctranspath,sicap,ece,0.024149621784479804,0.01632712987256539,0.08351513493064038
ctranspath,sicap,qwk,0.7887811995158657,0.43983269698879673,0.9133118924890895
ctranspath,sicap,C_median,0.001,,
ctranspath,panda,n_train,21717.0,,
ctranspath,panda,n_test,5358.0,,
ctranspath,panda,error_rate,0.6370112118732655,,
ctranspath,panda,mean_confidence,0.3565644139420471,,
ctranspath,panda,e_aurc_random,0.367363510998606,,
ctranspath,panda,accuracy,0.3629887881267347,0.305080237746845,0.42427615432197296
ctranspath,panda,aurc,0.5035878183842694,0.4061770389910033,0.6057253133741963
ctranspath,panda,e_aurc,0.23394011750961,0.18802824343378816,0.2850183347114407
ctranspath,panda,ece,0.0210227409195786,0.014463476270657175,0.06705941528678944
ctranspath,panda,qwk,0.4546917840214945,0.3552402025883086,0.5433313696054799
ctranspath,panda,qwk_karolinska,0.4268638070875606,0.30287255937161317,0.5327713592031844
ctranspath,panda,accuracy_karolinska,0.3570365573733919,0.28449131731522065,0.4326111711386033
ctranspath,panda,qwk_radboud,0.49323515387163147,0.31525600732969783,0.6479902947123423
ctranspath,panda,accuracy_radboud,0.3704654611211238,0.2894741557907987,0.4577623951407959
ctranspath,panda,n_test_karolinska,3014.2,,
ctranspath,panda,n_test_radboud,2343.8,,
ctranspath,panda,qwk_provider_baseline,0.000314500267505724,,
ctranspath,panda,C_median,0.0001,,
ctranspath,accuracy_tasks,accuracy,0.9313474101434682,,
conch,nct,n_train,7200.0,,
conch,nct,n_test,1800.0,,
conch,nct,error_rate,0.018666666666666675,,
conch,nct,mean_confidence,0.98364924467714,,
conch,nct,e_aurc_random,0.01848361024627542,,
conch,nct,accuracy,0.9813333333333333,0.9727777777777777,0.9877777777777778
conch,nct,aurc,0.0015263594626932283,0.00038602134339267986,0.0052222955873405955
conch,nct,e_aurc,0.0013433030423019732,0.0002803742504279304,0.00490807306299831
conch,nct,ece,0.006633828190502805,0.004449817653482181,0.015723963956538852
conch,nct,C_median,0.1,,
conch,lung,n_train,11356.0,,
conch,lung,n_test,2839.0,,
conch,lung,error_rate,0.0011271574498062486,,
conch,lung,mean_confidence,0.9987005619217196,,
conch,lung,e_aurc_random,0.0011259408744756865,,
conch,lung,accuracy,0.9988728425501938,0.9961253962662909,1.0
conch,lung,aurc,3.8412143949497925e-06,0.0,2.4871164106347407e-05
conch,lung,e_aurc,2.6246390643878594e-06,0.0,1.8168804760442127e-05
conch,lung,ece,0.0013162071433588155,0.00041579389804719045,0.003057150199879633
conch,lung,C_median,1.0,,
conch,lc_colon,n_train,7620.0,,
conch,lc_colon,n_test,1905.0,,
conch,lc_colon,error_rate,0.0,,
conch,lc_colon,mean_confidence,0.9999471535633354,,
conch,lc_colon,e_aurc_random,0.0,,
conch,lc_colon,accuracy,1.0,1.0,1.0
conch,lc_colon,aurc,0.0,0.0,0.0
conch,lc_colon,e_aurc,0.0,0.0,0.0
conch,lc_colon,ece,5.284643666456645e-05,2.2743711366446372e-05,0.00010784121202579984
conch,lc_colon,C_median,1.0,,
conch,breakhis,n_train,6151.2,,
conch,breakhis,n_test,1632.8,,
conch,breakhis,error_rate,0.20072479722509132,,
conch,breakhis,mean_confidence,0.8080120556850344,,
conch,breakhis,e_aurc_random,0.1736599760629047,,
conch,breakhis,accuracy,0.7992752027749086,0.56953963076456,0.9622575171431365
conch,breakhis,aurc,0.09286144944291304,0.0031266736071230796,0.32355709477411837
conch,breakhis,e_aurc,0.06579662828072641,0.002369988679238905,0.21528046056178887
conch,breakhis,ece,0.10007968039945195,0.027449444578294374,0.2333350437646652
conch,breakhis,C_median,0.0001,,
conch,pcam,n_train,7185.6,,
conch,pcam,n_test,1814.4,,
conch,pcam,error_rate,0.09014689283998711,,
conch,pcam,mean_confidence,0.9154748463041782,,
conch,pcam,e_aurc_random,0.08579757429158191,,
conch,pcam,accuracy,0.9098531071600128,0.8451186117467582,0.9553302680691045
conch,pcam,aurc,0.025084744359665696,0.00757470566837856,0.06269967594516278
conch,pcam,e_aurc,0.020735425811260495,0.006281104071844217,0.05053973084127188
conch,pcam,ece,0.015492859393860492,0.010378571304144005,0.056894624137416076
conch,pcam,C_median,0.01,,
conch,sicap,n_train,10034.0,,
conch,sicap,n_test,2047.0,,
conch,sicap,error_rate,0.18671987107914628,,
conch,sicap,mean_confidence,0.8103629949962649,,
conch,sicap,e_aurc_random,0.1673658697368431,,
conch,sicap,accuracy,0.8132801289208539,0.6864624848008011,0.9017048748821741
conch,sicap,aurc,0.06815643417704778,0.02025906714028482,0.19530682208935943
conch,sicap,e_aurc,0.048802432834744607,0.014463490719010277,0.13904629262307697
conch,sicap,ece,0.03448689685587296,0.02106661657665485,0.09736333220547924
conch,sicap,qwk,0.8282120752885802,0.5251740201937725,0.9293182529047804
conch,sicap,C_median,0.001,,
conch,panda,n_train,21717.0,,
conch,panda,n_test,5358.0,,
conch,panda,error_rate,0.6547941957108886,,
conch,panda,mean_confidence,0.35024377169373083,,
conch,panda,e_aurc_random,0.36625107297806186,,
conch,panda,accuracy,0.3452058042891114,0.2822981204752069,0.4101778552843435
conch,panda,aurc,0.5288144240889222,0.42867150254444997,0.6367394934074938
conch,panda,e_aurc,0.24027130135609545,0.19022015474553264,0.29391545073901393
conch,panda,ece,0.03154286091718193,0.01576365438791786,0.07924848743248396
conch,panda,qwk,0.4370276400689185,0.3361647995383771,0.5289241304438422
conch,panda,qwk_karolinska,0.42881000993961466,0.29920446595537276,0.5374916141626082
conch,panda,accuracy_karolinska,0.3600071726615558,0.2858391038394924,0.44431910267315616
conch,panda,qwk_radboud,0.44735544265375593,0.26107439855669234,0.6127157508417371
conch,panda,accuracy_radboud,0.3266296624596868,0.2412906864324847,0.41215382436859116
conch,panda,n_test_karolinska,3014.2,,
conch,panda,n_test_radboud,2343.8,,
conch,panda,qwk_provider_baseline,0.000314500267505724,,
conch,panda,C_median,0.0001,,
conch,accuracy_tasks,accuracy,0.9223336214546122,,
hibou_b,nct,n_train,7200.0,,
hibou_b,nct,n_test,1800.0,,
hibou_b,nct,error_rate,0.009777777777777774,,
hibou_b,nct,mean_confidence,0.9912585384743402,,
hibou_b,nct,e_aurc_random,0.009725818897304252,,
hibou_b,nct,accuracy,0.9902222222222223,0.9844444444444445,0.9955555555555555
hibou_b,nct,aurc,0.00033450800381911816,3.324417324432412e-05,0.0013396998969139233
hibou_b,nct,e_aurc,0.00028254912334559534,1.4442181414498012e-05,0.0012602800985778997
hibou_b,nct,ece,0.005620474439621258,0.003351524407985665,0.011063384163996473
hibou_b,nct,C_median,0.1,,
hibou_b,lung,n_train,11356.0,,
hibou_b,lung,n_test,2839.0,,
hibou_b,lung,error_rate,0.0,,
hibou_b,lung,mean_confidence,0.9997077500885645,,
hibou_b,lung,e_aurc_random,0.0,,
hibou_b,lung,accuracy,1.0,1.0,1.0
hibou_b,lung,aurc,0.0,0.0,0.0
hibou_b,lung,e_aurc,0.0,0.0,0.0
hibou_b,lung,ece,0.00029224991143547875,0.00013348164671481976,0.0006076491300605324
hibou_b,lung,C_median,1.0,,
hibou_b,lc_colon,n_train,7620.0,,
hibou_b,lc_colon,n_test,1905.0,,
hibou_b,lc_colon,error_rate,0.0,,
hibou_b,lc_colon,mean_confidence,0.9999687926845905,,
hibou_b,lc_colon,e_aurc_random,0.0,,
hibou_b,lc_colon,accuracy,1.0,1.0,1.0
hibou_b,lc_colon,aurc,0.0,0.0,0.0
hibou_b,lc_colon,e_aurc,0.0,0.0,0.0
hibou_b,lc_colon,ece,3.1207315409509384e-05,2.425354139489466e-05,4.0316903356168994e-05
hibou_b,lc_colon,C_median,1.0,,
hibou_b,breakhis,n_train,6151.2,,
hibou_b,breakhis,n_test,1632.8,,
hibou_b,breakhis,error_rate,0.15242332550700644,,
hibou_b,breakhis,mean_confidence,0.83505181815015,,
hibou_b,breakhis,e_aurc_random,0.13605270034285766,,
hibou_b,breakhis,accuracy,0.8475766744929935,0.6341052916653649,0.9750965073529412
hibou_b,breakhis,aurc,0.05571262715586116,0.001133378206595911,0.23414829017196884
hibou_b,breakhis,e_aurc,0.03934200199171238,0.0007404310064451661,0.15950991280663596
hibou_b,breakhis,ece,0.07339829510576187,0.017021612003742248,0.19538904779314875
hibou_b,breakhis,C_median,0.001,,
hibou_b,pcam,n_train,7185.6,,
hibou_b,pcam,n_test,1814.4,,
hibou_b,pcam,error_rate,0.06090846855235184,,
hibou_b,pcam,mean_confidence,0.9226412467807459,,
hibou_b,pcam,e_aurc_random,0.05896300623803079,,
hibou_b,pcam,accuracy,0.9390915314476482,0.8908337723696063,0.9774712717338763
hibou_b,pcam,aurc,0.016744823447419892,0.002765605288059028,0.049123261322823235
hibou_b,pcam,e_aurc,0.014799361133098845,0.0022839369637877934,0.04341125399614766
hibou_b,pcam,ece,0.028136264485800627,0.012755316029493426,0.05224763613532659
hibou_b,pcam,C_median,0.001,,
hibou_b,sicap,n_train,10034.0,,
hibou_b,sicap,n_test,2047.0,,
hibou_b,sicap,error_rate,0.19293345862849928,,
hibou_b,sicap,mean_confidence,0.8065288044207198,,
hibou_b,sicap,e_aurc_random,0.17229982253418644,,
hibou_b,sicap,accuracy,0.8070665413715007,0.6911949309506834,0.8970381599454509
hibou_b,sicap,aurc,0.06688313495921895,0.02330385096868431,0.16171036171976197
hibou_b,sicap,e_aurc,0.04624949886490608,0.01731063719422855,0.10883198247056503
hibou_b,sicap,ece,0.02456580164042188,0.0162579525181859,0.08105593306612238
hibou_b,sicap,qwk,0.8001684752478528,0.4486165649898266,0.924649128405202
hibou_b,sicap,C_median,0.001,,
hibou_b,panda,n_train,21717.0,,
hibou_b,panda,n_test,5358.0,,
hibou_b,panda,error_rate,0.6375330684526768,,
hibou_b,panda,mean_confidence,0.3612561254229441,,
hibou_b,panda,e_aurc_random,0.3671567554998952,,
hibou_b,panda,accuracy,0.3624669315473233,0.2964101970008154,0.4259164424073732
hibou_b,panda,aurc,0.5040395481542728,0.4020091753893527,0.6083139835515439
hibou_b,panda,e_aurc,0.2336632352014914,0.18513446407728537,0.2945955191181418
hibou_b,panda,ece,0.025918715214471394,0.016696625631031272,0.06883763980406667
hibou_b,panda,qwk,0.44509089195718,0.34264673634238113,0.5356274831389293
hibou_b,panda,qwk_karolinska,0.4138555974393988,0.26168203215201136,0.5369829264100869
hibou_b,panda,accuracy_karolinska,0.3512928069015233,0.27022768250103896,0.4299524821572573
hibou_b,panda,qwk_radboud,0.48651149774739666,0.3126093616667355,0.6369979419462953
hibou_b,panda,accuracy_radboud,0.37692504080028966,0.2923165074445558,0.4682990555359219
hibou_b,panda,n_test_karolinska,3014.2,,
hibou_b,panda,n_test_radboud,2343.8,,
hibou_b,panda,qwk_provider_baseline,0.000314500267505724,,
hibou_b,panda,C_median,0.0001,,
hibou_b,accuracy_tasks,accuracy,0.944222607040716,,
phikon,nct,n_train,7200.0,,
phikon,nct,n_test,1800.0,,
phikon,nct,error_rate,0.00555555555555558,,
phikon,nct,mean_confidence,0.9945151176615136,,
phikon,nct,e_aurc_random,0.005536752166359034,,
phikon,nct,accuracy,0.9944444444444445,0.9894444444444445,0.9988888888888889
phikon,nct,aurc,0.00018343639920834098,6.816907104287923e-06,0.000603323031087374
phikon,nct,e_aurc,0.00016463301001179488,5.2762654682056735e-06,0.000564551573988661
phikon,nct,ece,0.004169906299683571,0.002266907712243021,0.008496666466399815
phikon,nct,C_median,0.1,,
phikon,lung,n_train,11356.0,,
phikon,lung,n_test,2839.0,,
phikon,lung,error_rate,0.0,,
phikon,lung,mean_confidence,0.9995632958835319,,
phikon,lung,e_aurc_random,0.0,,
phikon,lung,accuracy,1.0,1.0,1.0
phikon,lung,aurc,0.0,0.0,0.0
phikon,lung,e_aurc,0.0,0.0,0.0
phikon,lung,ece,0.0004367041164680894,0.00013968068338233164,0.0009025810495974159
phikon,lung,C_median,1.0,,
phikon,lc_colon,n_train,7620.0,,
phikon,lc_colon,n_test,1905.0,,
phikon,lc_colon,error_rate,0.0,,
phikon,lc_colon,mean_confidence,0.999981060975558,,
phikon,lc_colon,e_aurc_random,0.0,,
phikon,lc_colon,accuracy,1.0,1.0,1.0
phikon,lc_colon,aurc,0.0,0.0,0.0
phikon,lc_colon,e_aurc,0.0,0.0,0.0
phikon,lc_colon,ece,1.893902444203288e-05,1.2728846064774536e-05,2.7041763411062007e-05
phikon,lc_colon,C_median,1.0,,
phikon,breakhis,n_train,6151.2,,
phikon,breakhis,n_test,1632.8,,
phikon,breakhis,error_rate,0.13149818719308715,,
phikon,breakhis,mean_confidence,0.8511560534706619,,
phikon,breakhis,e_aurc_random,0.11936762369765255,,
phikon,breakhis,accuracy,0.8685018128069129,0.6951354512063056,0.9921413755458516
phikon,breakhis,aurc,0.0497420683611243,0.00033300984662470187,0.18953464174874363
phikon,breakhis,e_aurc,0.0376115048656897,0.00027847955363431823,0.14387744316030754
phikon,breakhis,ece,0.07941160660610869,0.018323122984948474,0.1700998866602927
phikon,breakhis,C_median,0.001,,
phikon,pcam,n_train,7185.6,,
phikon,pcam,n_test,1814.4,,
phikon,pcam,error_rate,0.06915861887680308,,
phikon,pcam,mean_confidence,0.9121572506299549,,
phikon,pcam,e_aurc_random,0.06662428176565598,,
phikon,pcam,accuracy,0.9308413811231968,0.8819541921853129,0.970647213683861
phikon,pcam,aurc,0.01575879058112773,0.0027773457567542284,0.046224000125116266
phikon,pcam,e_aurc,0.01322445346998063,0.0021916079557993177,0.03996249817825771
phikon,pcam,ece,0.027591836709885253,0.01768382377599393,0.05257408698840622
phikon,pcam,C_median,0.001,,
phikon,sicap,n_train,10034.0,,
phikon,sicap,n_test,2047.0,,
phikon,sicap,error_rate,0.2514526116071355,,
phikon,sicap,mean_confidence,0.7670760235406452,,
phikon,sicap,e_aurc_random,0.215807761400783,,
phikon,sicap,accuracy,0.7485473883928646,0.612996852668136,0.8563055361407772
phikon,sicap,aurc,0.10997385586103137,0.04084618343317402,0.24702507892545414
phikon,sicap,e_aurc,0.0743290056546789,0.028512258588918288,0.16615965843706315
phikon,sicap,ece,0.035774038962844125,0.022013102140390255,0.11217820080872075
phikon,sicap,qwk,0.7348270240630548,0.364861733119516,0.8744279838250069
phikon,sicap,C_median,0.001,,
phikon,panda,n_train,21717.0,,
phikon,panda,n_test,5358.0,,
phikon,panda,error_rate,0.6435583705759941,,
phikon,panda,mean_confidence,0.3554039863513907,,
phikon,panda,e_aurc_random,0.3670110090327788,,
phikon,panda,accuracy,0.35644162942400587,0.29507616107947715,0.4288142889087656
phikon,panda,aurc,0.516763241748093,0.4079809054263715,0.6224040475943784
phikon,panda,e_aurc,0.24021588020487758,0.19052603310821054,0.29496019948057534
phikon,panda,ece,0.02577587032532803,0.016785145643382113,0.0712049202777188
phikon,panda,qwk,0.44447477241137934,0.34621492437004464,0.530238359916809
phikon,panda,qwk_karolinska,0.4339404812163174,0.29895942860647184,0.5498285401148165
phikon,panda,accuracy_karolinska,0.3586311751531867,0.27888205584495024,0.4521285076530612
phikon,panda,qwk_radboud,0.4571028891206369,0.28105806195042154,0.6251830562905103
phikon,panda,accuracy_radboud,0.35332532141445677,0.27047298838892736,0.4473885492054843
phikon,panda,n_test_karolinska,3014.2,,
phikon,panda,n_test_radboud,2343.8,,
phikon,panda,qwk_provider_baseline,0.000314500267505724,,
phikon,panda,C_median,0.0001,,
phikon,accuracy_tasks,accuracy,0.9484469095936385,,
phikon_v2,nct,n_train,7200.0,,
phikon_v2,nct,n_test,1800.0,,
phikon_v2,nct,error_rate,0.006444444444444431,,
phikon_v2,nct,mean_confidence,0.9947175543148635,,
phikon_v2,nct,e_aurc_random,0.006419694861249617,,
phikon_v2,nct,accuracy,0.9935555555555556,0.9872222222222222,0.9983333333333333
phikon_v2,nct,aurc,0.00016312158399544983,9.587830121663503e-06,0.0005107920658493167
phikon_v2,nct,e_aurc,0.00013837200080063738,6.036487961435159e-06,0.00043351571014093384
phikon_v2,nct,ece,0.003959048147867434,0.0022306281806735895,0.011388688506961661
phikon_v2,nct,C_median,0.1,,
phikon_v2,lung,n_train,11356.0,,
phikon_v2,lung,n_test,2839.0,,
phikon_v2,lung,error_rate,0.0001408946812258005,,
phikon_v2,lung,mean_confidence,0.9996456809347937,,
phikon_v2,lung,e_aurc_random,0.00014084505294780623,,
phikon_v2,lung,accuracy,0.9998591053187742,0.9992955265938711,1.0
phikon_v2,lung,aurc,1.241231808297726e-07,0.0,1.2411442805030782e-06
phikon_v2,lung,e_aurc,7.449490283547867e-08,0.0,8.106414380484723e-07
phikon_v2,lung,ece,0.00035394893829634327,0.0001293446619341887,0.0008083045216920617
phikon_v2,lung,C_median,1.0,,
phikon_v2,lc_colon,n_train,7620.0,,
phikon_v2,lc_colon,n_test,1905.0,,
phikon_v2,lc_colon,error_rate,0.0,,
phikon_v2,lc_colon,mean_confidence,0.9999766027748537,,
phikon_v2,lc_colon,e_aurc_random,0.0,,
phikon_v2,lc_colon,accuracy,1.0,1.0,1.0
phikon_v2,lc_colon,aurc,0.0,0.0,0.0
phikon_v2,lc_colon,e_aurc,0.0,0.0,0.0
phikon_v2,lc_colon,ece,2.3397225146282175e-05,1.7606555090446397e-05,3.099560135477184e-05
phikon_v2,lc_colon,C_median,1.0,,
phikon_v2,breakhis,n_train,6151.2,,
phikon_v2,breakhis,n_test,1632.8,,
phikon_v2,breakhis,error_rate,0.1208601586647656,,
phikon_v2,breakhis,mean_confidence,0.8750569827999396,,
phikon_v2,breakhis,e_aurc_random,0.11054309925085652,,
phikon_v2,breakhis,accuracy,0.8791398413352344,0.7201442783483041,0.9904502182050811
phikon_v2,breakhis,aurc,0.03738851821517904,0.00021807232777271393,0.13854145691026315
phikon_v2,breakhis,e_aurc,0.02707145880126994,0.0001766766198018525,0.09576500208894718
phikon_v2,breakhis,ece,0.05797827162474543,0.016608153940013658,0.1278194408498337
phikon_v2,breakhis,C_median,0.001,,
phikon_v2,pcam,n_train,7185.6,,
phikon_v2,pcam,n_test,1814.4,,
phikon_v2,pcam,error_rate,0.07283923651022897,,
phikon_v2,pcam,mean_confidence,0.918132391572841,,
phikon_v2,pcam,e_aurc_random,0.06996571854228871,,
phikon_v2,pcam,accuracy,0.9271607634897711,0.8665832060435368,0.9682323811708922
phikon_v2,pcam,aurc,0.016869090018201284,0.0031676364118646107,0.05240585157638449
phikon_v2,pcam,e_aurc,0.013995572050261024,0.0025909394574991492,0.043297750477885
phikon_v2,pcam,ece,0.026686019964450757,0.00846354470593074,0.0600480667284245
phikon_v2,pcam,C_median,0.001,,
phikon_v2,sicap,n_train,10034.0,,
phikon_v2,sicap,n_test,2047.0,,
phikon_v2,sicap,error_rate,0.2526123427288588,,
phikon_v2,sicap,mean_confidence,0.7685014757732258,,
phikon_v2,sicap,e_aurc_random,0.21649581306899535,,
phikon_v2,sicap,accuracy,0.7473876572711413,0.6104677378873429,0.8606080985769163
phikon_v2,sicap,aurc,0.10787442142969421,0.04322979842100932,0.24029221299464215
phikon_v2,sicap,e_aurc,0.07175789176983076,0.03038333841787765,0.15608535263925746
phikon_v2,sicap,ece,0.034255445660240344,0.019802742158366016,0.1125451564905423
phikon_v2,sicap,qwk,0.7338620685234993,0.36221680824912056,0.8834485956589468
phikon_v2,sicap,C_median,0.001,,
phikon_v2,panda,n_train,21717.0,,
phikon_v2,panda,n_test,5358.0,,
phikon_v2,panda,error_rate,0.6444410017535095,,
phikon_v2,panda,mean_confidence,0.3543043258051888,,
phikon_v2,panda,e_aurc_random,0.3672337669355163,,
phikon_v2,panda,accuracy,0.3555589982464905,0.2987896870356647,0.4160418574326277
phikon_v2,panda,aurc,0.518903013773564,0.4178268597400852,0.6197429948579245
phikon_v2,panda,e_aurc,0.24169577895557065,0.1923371892428854,0.2928226938256579
phikon_v2,panda,ece,0.02286050906255204,0.01531725167868036,0.0643670789926088
phikon_v2,panda,qwk,0.43341134677835375,0.33432317229769054,0.5182950642817478
phikon_v2,panda,qwk_karolinska,0.4150597762118592,0.2846215981982852,0.5261216289279048
phikon_v2,panda,accuracy_karolinska,0.35537412998760776,0.2809775202492212,0.43813862204317733
phikon_v2,panda,qwk_radboud,0.4562491517793827,0.2948969138570105,0.6031681081138855
phikon_v2,panda,accuracy_radboud,0.35546290745628506,0.27804366352107074,0.4366983050200792
phikon_v2,panda,n_test_karolinska,3014.2,,
phikon_v2,panda,n_test_radboud,2343.8,,
phikon_v2,panda,qwk_provider_baseline,0.000314500267505724,,
phikon_v2,panda,C_median,0.0001,,
phikon_v2,accuracy_tasks,accuracy,0.9499288164248338,,
hibou_l,nct,n_train,7200.0,,
hibou_l,nct,n_test,1800.0,,
hibou_l,nct,error_rate,0.0074444444444444315,,
hibou_l,nct,mean_confidence,0.9913395592341546,,
hibou_l,nct,e_aurc_random,0.007411389623567438,,
hibou_l,nct,accuracy,0.9925555555555554,0.9855555555555555,0.9983333333333333
hibou_l,nct,aurc,0.00041732390843651014,1.0372588902481847e-05,0.0014033575431094888
hibou_l,nct,e_aurc,0.0003842690875595174,7.4446587977320774e-06,0.0013416482936269454
hibou_l,nct,ece,0.00506286075517709,0.003124769636126889,0.009900595983682396
hibou_l,nct,C_median,0.1,,
hibou_l,lung,n_train,11356.0,,
hibou_l,lung,n_test,2839.0,,
hibou_l,lung,error_rate,7.044734061290026e-05,,
hibou_l,lung,mean_confidence,0.9997882009482115,,
hibou_l,lung,e_aurc_random,7.042252647390311e-05,,
hibou_l,lung,accuracy,0.9999295526593871,0.9992955265938711,1.0
hibou_l,lung,aurc,2.4814138997146972e-08,0.0,3.7225580260867527e-07
hibou_l,lung,e_aurc,0.0,0.0,0.0
hibou_l,lung,ece,0.0002236721396784727,7.969673058716153e-05,0.0008553207452172791
hibou_l,lung,C_median,1.0,,
hibou_l,lc_colon,n_train,7620.0,,
hibou_l,lc_colon,n_test,1905.0,,
hibou_l,lc_colon,error_rate,0.0,,
hibou_l,lc_colon,mean_confidence,0.9999847884030393,,
hibou_l,lc_colon,e_aurc_random,0.0,,
hibou_l,lc_colon,accuracy,1.0,1.0,1.0
hibou_l,lc_colon,aurc,0.0,0.0,0.0
hibou_l,lc_colon,e_aurc,0.0,0.0,0.0
hibou_l,lc_colon,ece,1.5211596960784669e-05,1.0907071872837127e-05,2.2252514272863562e-05
hibou_l,lc_colon,C_median,1.0,,
hibou_l,breakhis,n_train,6151.2,,
hibou_l,breakhis,n_test,1632.8,,
hibou_l,breakhis,error_rate,0.13065127628091466,,
hibou_l,breakhis,mean_confidence,0.876053056915263,,
hibou_l,breakhis,e_aurc_random,0.11851647694249912,,
hibou_l,breakhis,accuracy,0.8693487237190854,0.7105432886288593,0.9851668483844589
hibou_l,breakhis,aurc,0.03787797959267531,0.0005956934713325676,0.14022097734381941
hibou_l,breakhis,e_aurc,0.025743180254259767,0.00044258600834108067,0.09292426300964798
hibou_l,breakhis,ece,0.04575501985019016,0.02264133328553316,0.10904863555433623
hibou_l,breakhis,C_median,0.001,,
hibou_l,pcam,n_train,7185.6,,
hibou_l,pcam,n_test,1814.4,,
hibou_l,pcam,error_rate,0.05007691992694494,,
hibou_l,pcam,mean_confidence,0.9367344422862454,,
hibou_l,pcam,e_aurc_random,0.048703609983362636,,
hibou_l,pcam,accuracy,0.9499230800730551,0.9018082869830202,0.9841976055959106
hibou_l,pcam,aurc,0.01427535989820396,0.0020242444746114267,0.0431594485220144
hibou_l,pcam,e_aurc,0.012902049954621653,0.0017624520486353265,0.03873909078411871
hibou_l,pcam,ece,0.017694039284655703,0.008991031369419306,0.046252981358431464
hibou_l,pcam,C_median,0.001,,
hibou_l,sicap,n_train,10034.0,,
hibou_l,sicap,n_test,2047.0,,
hibou_l,sicap,error_rate,0.156822718618496,,
hibou_l,sicap,mean_confidence,0.8302358157786147,,
hibou_l,sicap,e_aurc_random,0.14308611737279583,,
hibou_l,sicap,accuracy,0.843177281381504,0.720332672164805,0.9310945293976686
hibou_l,sicap,aurc,0.048787204785541674,0.013364923475099776,0.13635261346201477
hibou_l,sicap,e_aurc,0.03505060353984152,0.010716920507735001,0.09412022805292858
hibou_l,sicap,ece,0.02591309881592232,0.01576920186143384,0.07136071737062472
hibou_l,sicap,qwk,0.8461489968263323,0.4817084186429157,0.9563688216719024
hibou_l,sicap,C_median,0.001,,
hibou_l,panda,n_train,21717.0,,
hibou_l,panda,n_test,5358.0,,
hibou_l,panda,error_rate,0.6265424169344828,,
hibou_l,panda,mean_confidence,0.37252478547368667,,
hibou_l,panda,e_aurc_random,0.3670641535687639,,
hibou_l,panda,accuracy,0.37345758306551724,0.30321721286265507,0.43985049440627194
hibou_l,panda,aurc,0.4860732058035987,0.3832835757603167,0.5917879272194009
hibou_l,panda,e_aurc,0.22659494243787986,0.179914927261115,0.28357603003985005
hibou_l,panda,ece,0.02721028670471364,0.017303959213842056,0.07004702386928342
hibou_l,panda,qwk,0.468987373856101,0.3604957860692263,0.5580437446341925
hibou_l,panda,qwk_karolinska,0.43859021426512773,0.28182487470339435,0.5588190618492787
hibou_l,panda,accuracy_karolinska,0.36804794888006603,0.2673361158272024,0.461079756657242
hibou_l,panda,qwk_radboud,0.50890116590539,0.32388045754935857,0.6634116249153496
hibou_l,panda,accuracy_radboud,0.38000655456761945,0.29701691966951027,0.4723229812558607
hibou_l,panda,n_test_karolinska,3014.2,,
hibou_l,panda,n_test_radboud,2343.8,,
hibou_l,panda,qwk_provider_baseline,0.000314500267505724,,
hibou_l,panda,C_median,0.0001,,
hibou_l,accuracy_tasks,accuracy,0.9529392280017708,,
virchow2,nct,n_train,7200.0,,
virchow2,nct,n_test,1800.0,,
virchow2,nct,error_rate,0.005777777777777771,,
virchow2,nct,mean_confidence,0.9964208527253783,,
virchow2,nct,e_aurc_random,0.0057571153657615445,,
virchow2,nct,accuracy,0.9942222222222222,0.9883333333333333,0.9988888888888889
virchow2,nct,aurc,0.0003237584920448162,2.779494363053618e-06,0.001110608571306704
virchow2,nct,e_aurc,0.00030309608002858943,9.274719035883453e-07,0.0010957847533968352
virchow2,nct,ece,0.004358414352373587,0.0022381391718569632,0.009753080099280049
virchow2,nct,C_median,0.1,,
virchow2,lung,n_train,11356.0,,
virchow2,lung,n_test,2839.0,,
virchow2,lung,error_rate,0.0,,
virchow2,lung,mean_confidence,0.9999138759690883,,
virchow2,lung,e_aurc_random,0.0,,
virchow2,lung,accuracy,1.0,1.0,1.0
virchow2,lung,aurc,0.0,0.0,0.0
virchow2,lung,e_aurc,0.0,0.0,0.0
virchow2,lung,ece,8.612403091147522e-05,3.980588952338382e-05,0.0002144870880364263
virchow2,lung,C_median,1.0,,
virchow2,lc_colon,n_train,7620.0,,
virchow2,lc_colon,n_test,1905.0,,
virchow2,lc_colon,error_rate,0.0,,
virchow2,lc_colon,mean_confidence,0.99999566836344,,
virchow2,lc_colon,e_aurc_random,0.0,,
virchow2,lc_colon,accuracy,1.0,1.0,1.0
virchow2,lc_colon,aurc,0.0,0.0,0.0
virchow2,lc_colon,e_aurc,0.0,0.0,0.0
virchow2,lc_colon,ece,4.331636559951057e-06,3.32387595521344e-06,5.919722759797904e-06
virchow2,lc_colon,C_median,1.0,,
virchow2,breakhis,n_train,6151.2,,
virchow2,breakhis,n_test,1632.8,,
virchow2,breakhis,error_rate,0.08497395213668475,,
virchow2,breakhis,mean_confidence,0.921617487636399,,
virchow2,breakhis,e_aurc_random,0.07950785715568179,,
virchow2,breakhis,accuracy,0.9150260478633152,0.7844254541743608,0.9958321691590422
virchow2,breakhis,aurc,0.017187082894645406,5.349459581953045e-05,0.07431846680343104
virchow2,breakhis,e_aurc,0.011720987913642452,3.933808846377346e-05,0.049346313769392074
virchow2,breakhis,ece,0.027678776248416453,0.012743622485179478,0.07896781540821443
virchow2,breakhis,C_median,0.001,,
virchow2,pcam,n_train,7185.6,,
virchow2,pcam,n_test,1814.4,,
virchow2,pcam,error_rate,0.050451913451738405,,
virchow2,pcam,mean_confidence,0.94240338373143,,
virchow2,pcam,e_aurc_random,0.049107610386427525,,
virchow2,pcam,accuracy,0.9495480865482616,0.911482563847473,0.9812121023947633
virchow2,pcam,aurc,0.013288922981211168,0.0019272493423432503,0.03654550209206483
virchow2,pcam,e_aurc,0.01194461991590028,0.001747886490819769,0.03279636836132334
virchow2,pcam,ece,0.022395989894831173,0.010213934283500923,0.045058533144962463
virchow2,pcam,C_median,0.001,,
virchow2,sicap,n_train,10034.0,,
virchow2,sicap,n_test,2047.0,,
virchow2,sicap,error_rate,0.1475652581292847,,
virchow2,sicap,mean_confidence,0.8568184358212637,,
virchow2,sicap,e_aurc_random,0.13559174908261795,,
virchow2,sicap,accuracy,0.8524347418707153,0.7390294404158123,0.9391831634525897
virchow2,sicap,aurc,0.04317314711151751,0.009858113775543919,0.12477200441617352
virchow2,sicap,e_aurc,0.031199638064850765,0.007615515009301899,0.08793035103565346
virchow2,sicap,ece,0.017704686501410882,0.01077036935443273,0.07519990993897874
virchow2,sicap,qwk,0.8730453042733375,0.5840063228851513,0.9636036953758529
virchow2,sicap,C_median,0.001,,
virchow2,panda,n_train,21717.0,,
virchow2,panda,n_test,5358.0,,
virchow2,panda,error_rate,0.6097151397076509,,
virchow2,panda,mean_confidence,0.40636583283881506,,
virchow2,panda,e_aurc_random,0.36697039074965815,,
virchow2,panda,accuracy,0.3902848602923491,0.3333861996940893,0.449550106272661
virchow2,panda,aurc,0.46478322698172925,0.37811621289789904,0.5636319325250766
virchow2,panda,e_aurc,0.22203847802373647,0.17727978867631153,0.2733155023160025
virchow2,panda,ece,0.026260949980863795,0.018046436555436224,0.07213815579840019
virchow2,panda,qwk,0.5113269897338909,0.40501240554825707,0.60115223564914
virchow2,panda,qwk_karolinska,0.48860842425336043,0.3534955542635962,0.596609768196466
virchow2,panda,accuracy_karolinska,0.3825284358126396,0.30405275639676477,0.46032763225061907
virchow2,panda,qwk_radboud,0.5397053655238009,0.3535966162346654,0.6901877310281362
virchow2,panda,accuracy_radboud,0.4001318682142886,0.318993194985649,0.4874799442631197
virchow2,panda,n_test_karolinska,3014.2,,
virchow2,panda,n_test_radboud,2343.8,,
virchow2,panda,qwk_provider_baseline,0.000314500267505724,,
virchow2,panda,C_median,0.0001,,
virchow2,accuracy_tasks,accuracy,0.9646990891584497,,
uni,nct,n_train,7200.0,,
uni,nct,n_test,1800.0,,
uni,nct,error_rate,0.005222222222222217,,
uni,nct,mean_confidence,0.9956645888781284,,
uni,nct,e_aurc_random,0.005204964165428339,,
uni,nct,accuracy,0.9947777777777776,0.9883333333333333,0.9988888888888889
uni,nct,aurc,0.0002914361698545044,3.0884628527013853e-06,0.0009958028464428584
uni,nct,e_aurc,0.0002741781130606271,1.2369562005495405e-06,0.0009837549759994296
uni,nct,ece,0.004037042376175431,0.0020705283768540955,0.009305263160704888
uni,nct,C_median,0.1,,
uni,lung,n_train,11356.0,,
uni,lung,n_test,2839.0,,
uni,lung,error_rate,0.0,,
uni,lung,mean_confidence,0.9999084122976889,,
uni,lung,e_aurc_random,0.0,,
uni,lung,accuracy,1.0,1.0,1.0
uni,lung,aurc,0.0,0.0,0.0
uni,lung,e_aurc,0.0,0.0,0.0
uni,lung,ece,9.158770231105319e-05,3.0987148066555226e-05,0.00026979891130223134
uni,lung,C_median,1.0,,
uni,lc_colon,n_train,7620.0,,
uni,lc_colon,n_test,1905.0,,
uni,lc_colon,error_rate,0.0,,
uni,lc_colon,mean_confidence,0.9999901444556158,,
uni,lc_colon,e_aurc_random,0.0,,
uni,lc_colon,accuracy,1.0,1.0,1.0
uni,lc_colon,aurc,0.0,0.0,0.0
uni,lc_colon,e_aurc,0.0,0.0,0.0
uni,lc_colon,ece,9.855544384151926e-06,7.46439489357209e-06,1.326947734395789e-05
uni,lc_colon,C_median,1.0,,
uni,breakhis,n_train,6151.2,,
uni,breakhis,n_test,1632.8,,
uni,breakhis,error_rate,0.08592526981157896,,
uni,breakhis,mean_confidence,0.9375113048688235,,
uni,breakhis,e_aurc_random,0.08038916183965011,,
uni,breakhis,accuracy,0.9140747301884211,0.7720160988506858,0.9963906206570079
uni,breakhis,aurc,0.016694012813037055,3.3252730687023195e-05,0.07751228901666338
uni,breakhis,e_aurc,0.011157904841108216,2.4685668731687652e-05,0.049598828628347184
uni,breakhis,ece,0.044408596909055444,0.010390405568264014,0.12119954779889373
uni,breakhis,C_median,0.01,,
uni,pcam,n_train,7185.6,,
uni,pcam,n_test,1814.4,,
uni,pcam,error_rate,0.041164351531369124,,
uni,pcam,mean_confidence,0.9494182025950455,,
uni,pcam,e_aurc_random,0.04028175306641875,,
uni,pcam,accuracy,0.958835648468631,0.9261528075624477,0.9859719604536588
uni,pcam,aurc,0.008920647230222286,0.0013669396690392688,0.023210145496183426
uni,pcam,e_aurc,0.008038048765271918,0.0012074224116512872,0.02102504561436582
uni,pcam,ece,0.020856093898099184,0.011084793990330813,0.03976148188190331
uni,pcam,C_median,0.001,,
uni,sicap,n_train,10034.0,,
uni,sicap,n_test,2047.0,,
uni,sicap,error_rate,0.16375545210561,,
uni,sicap,mean_confidence,0.8359052011306497,,
uni,sicap,e_aurc_random,0.14879246359852083,,
uni,sicap,accuracy,0.8362445478943901,0.714311516774992,0.9176527938127444
uni,sicap,aurc,0.050243747999876874,0.016697234052940296,0.13260144616231023
uni,sicap,e_aurc,0.03528075949278773,0.01212834944991828,0.0876290620774046
uni,sicap,ece,0.026113567939046012,0.018004898974303078,0.07975122318161029
uni,sicap,qwk,0.8425097238368091,0.5190552753535977,0.9461374656144156
uni,sicap,C_median,0.001,,
uni,panda,n_train,21717.0,,
uni,panda,n_test,5358.0,,
uni,panda,error_rate,0.6229567202339414,,
uni,panda,mean_confidence,0.3843603776201866,,
uni,panda,e_aurc_random,0.36710829522817556,,
uni,panda,accuracy,0.3770432797660586,0.3150640451728717,0.4433714270084528
uni,panda,aurc,0.4721298507913006,0.37956197785161894,0.5774928384136071
uni,panda,e_aurc,0.21628142578553472,0.17452782487347582,0.2646460428445312
uni,panda,ece,0.028861851003611123,0.018884443620475783,0.06917159202487928
uni,panda,qwk,0.47569832732897177,0.37827309667365044,0.5643203304717721
uni,panda,qwk_karolinska,0.4487254947057669,0.31771479769064526,0.5635806037168791
uni,panda,accuracy_karolinska,0.3671655107342632,0.2873324392933447,0.4483098951917062
uni,panda,qwk_radboud,0.512213215033821,0.33127585545019606,0.6671499690407575
uni,panda,accuracy_radboud,0.3898254882972183,0.30252513634549183,0.47752602631248686
uni,panda,n_test_karolinska,3014.2,,
uni,panda,n_test_radboud,2343.8,,
uni,panda,qwk_provider_baseline,0.000314500267505724,,
uni,panda,C_median,0.0001,,
uni,accuracy_tasks,accuracy,0.9669220391087074,,
hoptimus,nct,n_train,7200.0,,
hoptimus,nct,n_test,1800.0,,
hoptimus,nct,error_rate,0.004888888888888898,,
hoptimus,nct,mean_confidence,0.9957912557357579,,
hoptimus,nct,e_aurc_random,0.004872865902316428,,
hoptimus,nct,accuracy,0.9951111111111111,0.9877777777777778,0.9988888888888889
hoptimus,nct,aurc,0.00021553615499637774,7.730423828067677e-06,0.0008188240078932103
hoptimus,nct,e_aurc,0.00019951316842390718,4.96582367957824e-06,0.000764881981048804
hoptimus,nct,ece,0.003927641195651437,0.0017976952986458643,0.009155444294457244
hoptimus,nct,C_median,0.1,,
hoptimus,lung,n_train,11356.0,,
hoptimus,lung,n_test,2839.0,,
hoptimus,lung,error_rate,0.0,,
hoptimus,lung,mean_confidence,0.9999751277930216,,
hoptimus,lung,e_aurc_random,0.0,,
hoptimus,lung,accuracy,1.0,1.0,1.0
hoptimus,lung,aurc,0.0,0.0,0.0
hoptimus,lung,e_aurc,0.0,0.0,0.0
hoptimus,lung,ece,2.4872206978421295e-05,1.93049477904661e-05,3.207178229671647e-05
hoptimus,lung,C_median,1.0,,
hoptimus,lc_colon,n_train,7620.0,,
hoptimus,lc_colon,n_test,1905.0,,
hoptimus,lc_colon,error_rate,0.0,,
hoptimus,lc_colon,mean_confidence,0.9999906383497068,,
hoptimus,lc_colon,e_aurc_random,0.0,,
hoptimus,lc_colon,accuracy,1.0,1.0,1.0
hoptimus,lc_colon,aurc,0.0,0.0,0.0
hoptimus,lc_colon,e_aurc,0.0,0.0,0.0
hoptimus,lc_colon,ece,9.361650293127077e-06,7.1255982554196965e-06,1.310524106635513e-05
hoptimus,lc_colon,C_median,1.0,,
hoptimus,breakhis,n_train,6151.2,,
hoptimus,breakhis,n_test,1632.8,,
hoptimus,breakhis,error_rate,0.12110711234259079,,
hoptimus,breakhis,mean_confidence,0.8808697824127509,,
hoptimus,breakhis,e_aurc_random,0.11046841210162239,,
hoptimus,breakhis,accuracy,0.8788928876574094,0.7049335745107768,0.991951078519353
hoptimus,breakhis,aurc,0.03954749132447764,0.00022190693580262643,0.14939918274861777
hoptimus,breakhis,e_aurc,0.028908791083509223,0.00016715464169281974,0.10866429839780982
hoptimus,breakhis,ece,0.060634245029131985,0.019760286886996478,0.1381010338923763
hoptimus,breakhis,C_median,0.001,,
hoptimus,pcam,n_train,7185.6,,
hoptimus,pcam,n_test,1814.4,,
hoptimus,pcam,error_rate,0.050699838691296774,,
hoptimus,pcam,mean_confidence,0.9450893797321902,,
hoptimus,pcam,e_aurc_random,0.04930327974866323,,
hoptimus,pcam,accuracy,0.9493001613087033,0.9011372099385216,0.9820234963102561
hoptimus,pcam,aurc,0.01217804229436792,0.0019904897393795045,0.0355367050522799
hoptimus,pcam,e_aurc,0.010781483351734374,0.0017351400093819946,0.031072646633093896
hoptimus,pcam,ece,0.019005323453010554,0.011397450132698723,0.04214192154322528
hoptimus,pcam,C_median,0.001,,
hoptimus,sicap,n_train,10034.0,,
hoptimus,sicap,n_test,2047.0,,
hoptimus,sicap,error_rate,0.18013535873067762,,
hoptimus,sicap,mean_confidence,0.8125298322461628,,
hoptimus,sicap,e_aurc_random,0.16204448565473534,,
hoptimus,sicap,accuracy,0.8198646412693223,0.6930309249409474,0.9026591431820831
hoptimus,sicap,aurc,0.06214032379915648,0.023229948141604225,0.16183755867432445
hoptimus,sicap,e_aurc,0.0440494507232142,0.017363654027949166,0.10891164557561736
hoptimus,sicap,ece,0.03097127548940779,0.015760637284382366,0.09539774907135881
hoptimus,sicap,qwk,0.8224819694221834,0.5181490668643224,0.9260115218361882
hoptimus,sicap,C_median,0.001,,
hoptimus,panda,n_train,21717.0,,
hoptimus,panda,n_test,5358.0,,
hoptimus,panda,error_rate,0.6325188361959126,,
hoptimus,panda,mean_confidence,0.37681246711688215,,
hoptimus,panda,e_aurc_random,0.36740856244676073,,
hoptimus,panda,accuracy,0.36748116380408735,0.3072543216625343,0.42855851569933395
hoptimus,panda,aurc,0.4964062436860595,0.40564876220059815,0.590879766240654
hoptimus,panda,e_aurc,0.2312959699369075,0.1889236639752642,0.2782782145778095
hoptimus,panda,ece,0.02213790558862374,0.014911777296149113,0.06740465564009399
hoptimus,panda,qwk,0.454677437554567,0.3549186261907955,0.5460968966910293
hoptimus,panda,qwk_karolinska,0.4398007493850923,0.30554047313827604,0.5576192488132362
hoptimus,panda,accuracy_karolinska,0.36418048478055587,0.27724299823835913,0.4458144116673758
hoptimus,panda,qwk_radboud,0.4725620562071352,0.2996822525162017,0.6197211333220677
hoptimus,panda,accuracy_radboud,0.37128531705033474,0.29590785166788824,0.45149894661915435
hoptimus,panda,n_test_karolinska,3014.2,,
hoptimus,panda,n_test_radboud,2343.8,,
hoptimus,panda,qwk_provider_baseline,0.000314500267505724,,
hoptimus,panda,C_median,0.0001,,
hoptimus,accuracy_tasks,accuracy,0.9558260400193059,,
midnight,nct,n_train,7200.0,,
midnight,nct,n_test,1800.0,,
midnight,nct,error_rate,0.008777777777777773,,
midnight,nct,mean_confidence,0.9944588213099024,,
midnight,nct,e_aurc_random,0.008735555892036513,,
midnight,nct,accuracy,0.9912222222222221,0.9855555555555555,0.9961111111111111
midnight,nct,aurc,0.00035003797463926793,3.0075633039024283e-05,0.000993209610050794
midnight,nct,e_aurc,0.000307816088898008,1.4620956051403244e-05,0.000921575280516741
midnight,nct,ece,0.005632458102091594,0.0031520790596075337,0.010825426519650579
midnight,nct,C_median,0.1,,
midnight,lung,n_train,11356.0,,
midnight,lung,n_test,2839.0,,
midnight,lung,error_rate,0.0001408946812257783,,
midnight,lung,mean_confidence,0.999879911170801,,
midnight,lung,e_aurc_random,0.00014082023006525656,,
midnight,lung,accuracy,0.9998591053187742,0.9985910531877422,1.0
midnight,lung,aurc,7.445116052173506e-08,0.0,1.2411442805030782e-06
midnight,lung,e_aurc,0.0,0.0,0.0
midnight,lung,ece,0.0001821480004533096,2.5899369888593425e-05,0.0010710740455656628
midnight,lung,C_median,1.0,,
midnight,lc_colon,n_train,7620.0,,
midnight,lc_colon,n_test,1905.0,,
midnight,lc_colon,error_rate,0.0,,
midnight,lc_colon,mean_confidence,0.9999969351093817,,
midnight,lc_colon,e_aurc_random,0.0,,
midnight,lc_colon,accuracy,1.0,1.0,1.0
midnight,lc_colon,aurc,0.0,0.0,0.0
midnight,lc_colon,e_aurc,0.0,0.0,0.0
midnight,lc_colon,ece,3.0648906184094216e-06,1.8694847104955281e-06,7.148684571414708e-06
midnight,lc_colon,C_median,1.0,,
midnight,breakhis,n_train,6151.2,,
midnight,breakhis,n_test,1632.8,,
midnight,breakhis,error_rate,0.10009147045369149,,
midnight,breakhis,mean_confidence,0.9041186686722897,,
midnight,breakhis,e_aurc_random,0.09302138783852161,,
midnight,breakhis,accuracy,0.8999085295463086,0.770758165301625,0.9934030896952641
midnight,breakhis,aurc,0.02610541227429944,0.00019606333292886098,0.10039643872051483
midnight,breakhis,e_aurc,0.019035329659129557,0.0001626106042738687,0.07221403799945082
midnight,breakhis,ece,0.029894459696986397,0.014507456445665099,0.08231015279913544
midnight,breakhis,C_median,0.001,,
midnight,pcam,n_train,7185.6,,
midnight,pcam,n_test,1814.4,,
midnight,pcam,error_rate,0.05882586657658371,,
midnight,pcam,mean_confidence,0.9407508148206851,,
midnight,pcam,e_aurc_random,0.056956006685776425,,
midnight,pcam,accuracy,0.9411741334234163,0.8872970425865077,0.9781031636058968
midnight,pcam,aurc,0.013058133646961978,0.0022153719222235205,0.03832210334882259
midnight,pcam,e_aurc,0.011188273756154696,0.0018763146240350678,0.03248058628989702
midnight,pcam,ece,0.020563857275344342,0.010800041570677611,0.04963364404037581
midnight,pcam,C_median,0.001,,
midnight,sicap,n_train,10034.0,,
midnight,sicap,n_test,2047.0,,
midnight,sicap,error_rate,0.1472445050413806,,
midnight,sicap,mean_confidence,0.8513551785458449,,
midnight,sicap,e_aurc_random,0.1353476568235737,,
midnight,sicap,accuracy,0.8527554949586195,0.751761277695556,0.9326049905881293
midnight,sicap,aurc,0.04325399361943074,0.011205969777029465,0.11872743238516689
midnight,sicap,e_aurc,0.031357145401623834,0.00855135096466627,0.08481628048209666
midnight,sicap,ece,0.019221335199457706,0.01275171702198249,0.0629669763072773
midnight,sicap,qwk,0.871049491584075,0.5853049502303536,0.9598289144039653
midnight,sicap,C_median,0.001,,
midnight,panda,n_train,21717.0,,
midnight,panda,n_test,5358.0,,
midnight,panda,error_rate,0.6149866673200247,,
midnight,panda,mean_confidence,0.40063473064892097,,
midnight,panda,e_aurc_random,0.36646646640700853,,
midnight,panda,accuracy,0.3850133326799754,0.3100034933921276,0.45656882772695184
midnight,panda,aurc,0.47271210234651545,0.36567581302641966,0.5811511918966947
midnight,panda,e_aurc,0.22419190143349935,0.17405908885001653,0.2783210411539496
midnight,panda,ece,0.03020362143602942,0.018025493230392597,0.08835519164877516
midnight,panda,qwk,0.49520693572176,0.3812598256154911,0.5886479937822316
midnight,panda,qwk_karolinska,0.46682779847957284,0.3356058867035844,0.5727935170687123
midnight,panda,accuracy_karolinska,0.3775195020718532,0.2733244378842497,0.46545395384831856
midnight,panda,qwk_radboud,0.5331219746980346,0.3301033756008093,0.6843566070776312
midnight,panda,accuracy_radboud,0.3944776935979517,0.3091619072973299,0.48659477100350057
midnight,panda,n_test_karolinska,3014.2,,
midnight,panda,n_test_radboud,2343.8,,
midnight,panda,qwk_provider_baseline,0.000314500267505724,,
midnight,panda,C_median,0.0001,,
midnight,accuracy_tasks,accuracy,0.9580409976276802,,
dinov2_nat,nct,n_train,7200.0,,
dinov2_nat,nct,n_test,1800.0,,
dinov2_nat,nct,error_rate,0.028666666666666663,,
dinov2_nat,nct,mean_confidence,0.9683738215537515,,
dinov2_nat,nct,e_aurc_random,0.028239215356271535,,
dinov2_nat,nct,accuracy,0.9713333333333335,0.9605555555555556,0.9805555555555555
dinov2_nat,nct,aurc,0.002542087777759544,0.0011768622145070207,0.004738801782697152
dinov2_nat,nct,e_aurc,0.002114636467364415,0.0009122461952841247,0.004077175808697333
dinov2_nat,nct,ece,0.009305167191490014,0.006968394645478379,0.0186503762485442
dinov2_nat,nct,C_median,0.1,,
dinov2_nat,lung,n_train,11356.0,,
dinov2_nat,lung,n_test,2839.0,,
dinov2_nat,lung,error_rate,0.0032405776681930345,,
dinov2_nat,lung,mean_confidence,0.9957010746234731,,
dinov2_nat,lung,e_aurc_random,0.0032344170361807644,,
dinov2_nat,lung,accuracy,0.996759422331807,0.9940119760479041,0.9989432898908066
dinov2_nat,lung,aurc,1.7159420460915863e-05,2.29413646251454e-06,5.0620979869873995e-05
dinov2_nat,lung,e_aurc,1.0998788448646077e-05,4.985151235716557e-07,4.321642182777491e-05
dinov2_nat,lung,ece,0.0026781696025065488,0.0017842096993695492,0.005070163999574084
dinov2_nat,lung,C_median,1.0,,
dinov2_nat,lc_colon,n_train,7620.0,,
dinov2_nat,lc_colon,n_test,1905.0,,
dinov2_nat,lc_colon,error_rate,0.00010498687664042272,,
dinov2_nat,lc_colon,mean_confidence,0.9997560847843978,,
dinov2_nat,lc_colon,e_aurc_random,0.00010493176541908917,,
dinov2_nat,lc_colon,accuracy,0.9998950131233595,0.9989501312335958,1.0
dinov2_nat,lc_colon,aurc,5.511122133355524e-08,0.0,8.268130448492592e-07
dinov2_nat,lc_colon,e_aurc,0.0,0.0,0.0
dinov2_nat,lc_colon,ece,0.0003109669661163797,0.00011457926718261013,0.0010846204657589387
dinov2_nat,lc_colon,C_median,1.0,,
dinov2_nat,breakhis,n_train,6151.2,,
dinov2_nat,breakhis,n_test,1632.8,,
dinov2_nat,breakhis,error_rate,0.20671989724213025,,
dinov2_nat,breakhis,mean_confidence,0.8143292652846753,,
dinov2_nat,breakhis,e_aurc_random,0.17939299286046334,,
dinov2_nat,breakhis,accuracy,0.7932801027578698,0.5705515241459312,0.9413950235662809
dinov2_nat,breakhis,aurc,0.10477334078381646,0.007446629866993477,0.3297920081458232
dinov2_nat,breakhis,e_aurc,0.07744643640214954,0.005334281061578307,0.22340200834099025
dinov2_nat,breakhis,ece,0.06770196712513812,0.022728186777516722,0.2242817766464439
dinov2_nat,breakhis,C_median,0.001,,
dinov2_nat,pcam,n_train,7185.6,,
dinov2_nat,pcam,n_test,1814.4,,
dinov2_nat,pcam,error_rate,0.13365192154471522,,
dinov2_nat,pcam,mean_confidence,0.8731438043796851,,
dinov2_nat,pcam,e_aurc_random,0.12398643816212959,,
dinov2_nat,pcam,accuracy,0.8663480784552849,0.7808744124312926,0.9214419206440482
dinov2_nat,pcam,aurc,0.049129991631418866,0.01330054674129686,0.14764186335354287
dinov2_nat,pcam,e_aurc,0.03946450824883326,0.010002788992079549,0.12126579773283548
dinov2_nat,pcam,ece,0.024566510344443997,0.013095775638215032,0.09638741786966436
dinov2_nat,pcam,C_median,0.01,,
dinov2_nat,sicap,n_train,10034.0,,
dinov2_nat,sicap,n_test,2047.0,,
dinov2_nat,sicap,error_rate,0.28142052558980185,,
dinov2_nat,sicap,mean_confidence,0.7218365671990405,,
dinov2_nat,sicap,e_aurc_random,0.23633611027500961,,
dinov2_nat,sicap,accuracy,0.7185794744101981,0.59194663704889,0.8234656047968654
dinov2_nat,sicap,aurc,0.14646761324623478,0.06063044730246986,0.2991032891440279
dinov2_nat,sicap,e_aurc,0.10138319793144253,0.04375700905602038,0.20423524851548328
dinov2_nat,sicap,ece,0.03948798135654998,0.024697033989118305,0.10410602329743096
dinov2_nat,sicap,qwk,0.6391446277164701,0.24367910144956803,0.8145363742897472
dinov2_nat,sicap,C_median,0.001,,
dinov2_nat,panda,n_train,21717.0,,
dinov2_nat,panda,n_test,5358.0,,
dinov2_nat,panda,error_rate,0.6838114165696183,,
dinov2_nat,panda,mean_confidence,0.32332399565623127,,
dinov2_nat,panda,e_aurc_random,0.36331470554982326,,
dinov2_nat,panda,accuracy,0.3161885834303817,0.26149607142148434,0.38198743975081156
dinov2_nat,panda,aurc,0.5718281933207126,0.4714068364607901,0.6626841156437125
dinov2_nat,panda,e_aurc,0.2513314823009175,0.21296299232899835,0.2908538150467847
dinov2_nat,panda,ece,0.041040833130762254,0.018308748103584703,0.08768172520527577
dinov2_nat,panda,qwk,0.36222850267779644,0.2627516987529585,0.4543652628992339
dinov2_nat,panda,qwk_karolinska,0.3376000531673153,0.20961493811049706,0.4497439715807881
dinov2_nat,panda,accuracy_karolinska,0.3062326138243606,0.24307564677367344,0.3786837274768462
dinov2_nat,panda,qwk_radboud,0.3953953845129329,0.2334199102550785,0.5495463573142201
dinov2_nat,panda,accuracy_radboud,0.32911353828020584,0.2551677683525022,0.4148276398976903
dinov2_nat,panda,n_test_karolinska,3014.2,,
dinov2_nat,panda,n_test_radboud,2343.8,,
dinov2_nat,panda,qwk_provider_baseline,0.000314500267505724,,
dinov2_nat,panda,C_median,0.0001,,
dinov2_nat,accuracy_tasks,accuracy,0.9069302342195739,,
imagenet_vit,nct,n_train,7200.0,,
imagenet_vit,nct,n_test,1800.0,,
imagenet_vit,nct,error_rate,0.027444444444444428,,
imagenet_vit,nct,mean_confidence,0.9729193640820263,,
imagenet_vit,nct,e_aurc_random,0.027048944771821033,,
imagenet_vit,nct,accuracy,0.9725555555555557,0.9611111111111111,0.9819583333333333
imagenet_vit,nct,aurc,0.0018112582418921461,0.000821169964132963,0.004242329151241903
imagenet_vit,nct,e_aurc,0.001415758569268751,0.0005906207398922938,0.003635087429900994
imagenet_vit,nct,ece,0.008874068507389707,0.006626519439531281,0.017539812399480097
imagenet_vit,nct,C_median,0.1,,
imagenet_vit,lung,n_train,11356.0,,
imagenet_vit,lung,n_test,2839.0,,
imagenet_vit,lung,error_rate,0.003592814371257469,,
imagenet_vit,lung,mean_confidence,0.9963221429024085,,
imagenet_vit,lung,e_aurc_random,0.0035854358927729776,,
imagenet_vit,lung,accuracy,0.9964071856287425,0.9936597393448398,0.9985910531877422
imagenet_vit,lung,aurc,4.28046797185116e-05,6.474386340110403e-06,0.00012320684415758357
imagenet_vit,lung,e_aurc,3.542620123402043e-05,3.7338933399385947e-06,0.00011426593040028736
imagenet_vit,lung,ece,0.0020468747024470733,0.0014389431841125432,0.005000865599830584
imagenet_vit,lung,C_median,1.0,,
imagenet_vit,lc_colon,n_train,7620.0,,
imagenet_vit,lc_colon,n_test,1905.0,,
imagenet_vit,lc_colon,error_rate,0.0,,
imagenet_vit,lc_colon,mean_confidence,0.9996441681285424,,
imagenet_vit,lc_colon,e_aurc_random,0.0,,
imagenet_vit,lc_colon,accuracy,1.0,1.0,1.0
imagenet_vit,lc_colon,aurc,0.0,0.0,0.0
imagenet_vit,lc_colon,e_aurc,0.0,0.0,0.0
imagenet_vit,lc_colon,ece,0.0003558318714574687,0.00019593572911598135,0.0005980043445134329
imagenet_vit,lc_colon,C_median,1.0,,
imagenet_vit,breakhis,n_train,6151.2,,
imagenet_vit,breakhis,n_test,1632.8,,
imagenet_vit,breakhis,error_rate,0.17498791952808088,,
imagenet_vit,breakhis,mean_confidence,0.8380257897117958,,
imagenet_vit,breakhis,e_aurc_random,0.15475680309188045,,
imagenet_vit,breakhis,accuracy,0.8250120804719192,0.5769414880406167,0.9617145806771896
imagenet_vit,breakhis,aurc,0.08962697007665366,0.0034474266111520404,0.2892747747875453
imagenet_vit,breakhis,e_aurc,0.0693958536404532,0.0025420430128369025,0.19269752314841196
imagenet_vit,breakhis,ece,0.06448017268810091,0.019175905972570195,0.24718847212656847
imagenet_vit,breakhis,C_median,0.001,,
imagenet_vit,pcam,n_train,7185.6,,
imagenet_vit,pcam,n_test,1814.4,,
imagenet_vit,pcam,error_rate,0.14239887077474367,,
imagenet_vit,pcam,mean_confidence,0.8745582628889945,,
imagenet_vit,pcam,e_aurc_random,0.1313086638547895,,
imagenet_vit,pcam,accuracy,0.8576011292252563,0.7626703216374269,0.9246342192064607
imagenet_vit,pcam,aurc,0.05173955237870346,0.015248080316713241,0.13995128764879597
imagenet_vit,pcam,e_aurc,0.040649345458749306,0.01210391283795099,0.11066059346097525
imagenet_vit,pcam,ece,0.031581374721979596,0.014703615219302232,0.10952753515141958
imagenet_vit,pcam,C_median,0.01,,
imagenet_vit,sicap,n_train,10034.0,,
imagenet_vit,sicap,n_test,2047.0,,
imagenet_vit,sicap,error_rate,0.2874526901074158,,
imagenet_vit,sicap,mean_confidence,0.7217943710216308,,
imagenet_vit,sicap,e_aurc_random,0.24016453816517008,,
imagenet_vit,sicap,accuracy,0.7125473098925842,0.5816675324088713,0.825317658722898
imagenet_vit,sicap,aurc,0.15044837943683986,0.05888366677912955,0.3031718208651525
imagenet_vit,sicap,e_aurc,0.10316022749459415,0.04216429802169127,0.20374985374000024
imagenet_vit,sicap,ece,0.035538097522409516,0.022058439213442284,0.10914209383827397
imagenet_vit,sicap,qwk,0.6340060531710792,0.22840055871859313,0.8267255631296895
imagenet_vit,sicap,C_median,0.001,,
imagenet_vit,panda,n_train,21717.0,,
imagenet_vit,panda,n_test,5358.0,,
imagenet_vit,panda,error_rate,0.6858508254789297,,
imagenet_vit,panda,mean_confidence,0.2961640166628801,,
imagenet_vit,panda,e_aurc_random,0.36286667989125393,,
imagenet_vit,panda,accuracy,0.31414917452107016,0.2582023726514407,0.37966483599740847
imagenet_vit,panda,aurc,0.5770743446198037,0.45977667545680534,0.6777347765364715
imagenet_vit,panda,e_aurc,0.2540901990321279,0.20343189294688732,0.29947991050027023
imagenet_vit,panda,ece,0.03204239049672726,0.01336942832795881,0.08820455539808154
imagenet_vit,panda,qwk,0.3481057742904567,0.2551252135603333,0.43916182561766276
imagenet_vit,panda,qwk_karolinska,0.3280317456786454,0.20021454739109365,0.4327681861686928
imagenet_vit,panda,accuracy_karolinska,0.3139517106165982,0.25012389009696007,0.38626121269622216
imagenet_vit,panda,qwk_radboud,0.3756629053406888,0.19917131905791152,0.5483228091295638
imagenet_vit,panda,accuracy_radboud,0.31443148431994994,0.23660230751118438,0.40796076551591176
imagenet_vit,panda,n_test_karolinska,3014.2,,
imagenet_vit,panda,n_test_radboud,2343.8,,
imagenet_vit,panda,qwk_provider_baseline,0.000314500267505724,,
imagenet_vit,panda,C_median,0.0001,,
imagenet_vit,accuracy_tasks,accuracy,0.9128939877203683,,
