model,seed,n_train,n_test,benign_test_patients,accuracy,qwk,e_aurc,e_aurc_random,ece
lunit,0,5999,1665,1,0.7837837837837838,0.716443799672007,0.05369156548355955,0.19088212275603406,0.03301420001715489
lunit,1,6308,1356,1,0.7971976401179941,0.7379995252037668,0.060206181679330895,0.18061219948234936,0.028086467197396756
lunit,2,6103,1561,1,0.8212684176809737,0.7103537852548243,0.051554929422410696,0.16165485472069308,0.024537943533707786
lunit,3,5763,1901,1,0.7795896896370331,0.6904233624189595,0.058161593776700805,0.19405015580736718,0.02624850481827391
lunit,4,5784,1880,1,0.7537234042553191,0.6804343616108471,0.08667824036064987,0.2130345939164887,0.020148866839091818
ctranspath,0,5999,1665,1,0.781981981981982,0.7299517350529083,0.058552726806566466,0.19224235228587278,0.025284029646176587
ctranspath,1,6308,1356,1,0.7898230088495575,0.7199730898933815,0.05748455360459585,0.18627841673220455,0.012871890312051739
ctranspath,2,6103,1561,1,0.8071748878923767,0.6961599977462221,0.04840225243586452,0.17284715593139016,0.012995145668201582
ctranspath,3,5763,1901,1,0.7916885849552867,0.7129284279549741,0.05551181358845607,0.18487351327893253,0.025775201267854937
ctranspath,4,5784,1880,1,0.7680851063829788,0.6942395753272793,0.08467902950223363,0.20260122634945485,0.028844569521823165
conch,0,5999,1665,1,0.8072072072072072,0.7671496069166976,0.04950600944777506,0.17282562505482085,0.02225030751805734
conch,1,6308,1356,1,0.775811209439528,0.7118884071341135,0.0654170140081414,0.19685398838824175,0.025753844396455648
conch,2,6103,1561,1,0.8327994875080077,0.7294597529620472,0.0439928910047365,0.15231743086047939,0.03445948916058837
conch,3,5763,1901,1,0.7880063124671226,0.7164038590499531,0.055316150998312816,0.1876861091544108,0.028159736571190756
conch,4,5784,1880,1,0.7718085106382979,0.7073259587062302,0.08512372870944485,0.19985223964960824,0.03755793635328567
hibou_b,0,5999,1665,1,0.8186186186186186,0.777110371265397,0.043649112553909235,0.1637813937331516,0.021668392232828695
hibou_b,1,6308,1356,1,0.7927728613569321,0.7360490045119483,0.06089879916575387,0.1840201569055771,0.031284255661466
hibou_b,2,6103,1561,1,0.8251121076233184,0.7192230139685958,0.04332489656448128,0.15856025787674344,0.018373999704647738
hibou_b,3,5763,1901,1,0.793792740662809,0.7174426573921656,0.05332792706991816,0.1832586209004414,0.018911882865940255
hibou_b,4,5784,1880,1,0.7595744680851064,0.6969446411188368,0.07643309959415023,0.2088167040307297,0.030641575229501835
phikon,0,5999,1665,1,0.7291291291291291,0.6268055121329453,0.09101034211102878,0.2302537992194994,0.05143574249585212
phikon,1,6308,1356,1,0.7212389380530974,0.6078098322048866,0.10847682162350082,0.23558716316540007,0.05855147354528725
phikon,2,6103,1561,1,0.8014093529788597,0.6804553739660922,0.05672397777750894,0.17735514060067825,0.03600347920505002
phikon,3,5763,1901,1,0.740136770120989,0.6271749797110443,0.08186340896471869,0.22265383308203113,0.052809918801583526
phikon,4,5784,1880,1,0.6978723404255319,0.5661179464105628,0.12003103068415588,0.2509576648958514,0.058590480084539986
phikon_v2,0,5999,1665,1,0.7411411411411412,0.6496298168947958,0.0806845227017966,0.2219416344004847,0.041395707970653776
phikon_v2,1,6308,1356,1,0.7227138643067846,0.606261076535553,0.0938581233199221,0.23459325696946942,0.05181596385038394
phikon_v2,2,6103,1561,1,0.7911595131326074,0.6661782253890765,0.06825470758503202,0.18526672597188937,0.022622906018327556
phikon_v2,3,5763,1901,1,0.7322461862177801,0.6226010642855707,0.06952427159947841,0.2281256944128237,0.04698852557229141
phikon_v2,4,5784,1880,1,0.6904255319148936,0.5681447220088958,0.12063580665647575,0.2556838607309302,0.08157561399767192
hibou_l,0,5999,1665,1,0.8384384384384385,0.8050141434494518,0.040866454167215606,0.14769618450597283,0.012338842777735176
hibou_l,1,6308,1356,1,0.8355457227138643,0.8002921767431539,0.04779619620495937,0.15006205024326946,0.031034624401608063
hibou_l,2,6103,1561,1,0.8507367072389493,0.7669472494042172,0.02980485880033715,0.13747599349428583,0.02458323510955952
hibou_l,3,5763,1901,1,0.8158863755917938,0.7553032643394089,0.0444384641388522,0.1659682899861376,0.022193161814199662
hibou_l,4,5784,1880,1,0.7835106382978724,0.7365574542527968,0.059563803495371166,0.1910960260331071,0.025743925216644543
virchow2,0,5999,1665,1,0.818018018018018,0.779727767893203,0.04024648112942196,0.1642613912564714,0.017656984419925907
virchow2,1,6308,1356,1,0.8244837758112095,0.7734189747984458,0.054195067581252004,0.15905886628824756,0.025397458193294763
virchow2,2,6103,1561,1,0.8507367072389493,0.7652422160763672,0.03020516212566583,0.13747599349428583,0.020314405030920968
virchow2,3,5763,1901,1,0.8332456601788533,0.7771305262155201,0.04541837808817719,0.15196246332117097,0.03356576113123329
virchow2,4,5784,1880,1,0.801063829787234,0.7338084584703344,0.058397080781659075,0.17763479299041562,0.03923925020056401
uni,0,5999,1665,1,0.8426426426426427,0.8102229495927895,0.03930367255925529,0.1442235596080465,0.019616222662452124
uni,1,6308,1356,1,0.8156342182890856,0.7640335294323163,0.049817119362425985,0.1661495524403372,0.02036679272235338
uni,2,6103,1561,1,0.848814862267777,0.7615719906638913,0.02966136801703538,0.13908437942767904,0.023335062374710173
uni,3,5763,1901,1,0.8295633876906892,0.7727794598044365,0.034907456219558486,0.15496387408475362,0.0174028639828057
uni,4,5784,1880,1,0.7861702127659574,0.7286246382631091,0.055439686177455746,0.1890815080424111,0.03390871842435033
hoptimus,0,5999,1665,1,0.8054054054054054,0.7427938673538439,0.0449489006436381,0.17423897278797137,0.0695376699339257
hoptimus,1,6308,1356,1,0.8112094395280236,0.7583789004989226,0.05164934026134138,0.16965895376807935,0.0723833439553528
hoptimus,2,6103,1561,1,0.8353619474695708,0.7451121265483813,0.041852518645955655,0.15022068701717728,0.01944007711280832
hoptimus,3,5763,1901,1,0.8227248816412415,0.7666607851109696,0.0412885322482291,0.16049450326188386,0.024836986466201305
hoptimus,4,5784,1880,1,0.774468085106383,0.6966898546450297,0.07136783120131568,0.19787767508393936,0.04806405678847153
midnight,0,5999,1665,1,0.8276276276276276,0.7865202465424328,0.03768681617369553,0.15652873340777224,0.008205807012292149
midnight,1,6308,1356,1,0.8303834808259587,0.7868648724250236,0.044600029696177795,0.1542789082985691,0.016956927833385753
midnight,2,6103,1561,1,0.8609865470852018,0.7830694688955707,0.03165472106514871,0.1288248495523146,0.02690087865199917
midnight,3,5763,1901,1,0.8353498158863756,0.7839798608279817,0.038391067796855416,0.15024006073011908,0.018001252512001645
midnight,4,5784,1880,1,0.8063829787234043,0.7643975124398495,0.0530157249665417,0.1734793026495292,0.023040577422488474
dinov2_nat,0,5999,1665,1,0.7645645645645646,0.6847462869837044,0.07179920578842086,0.2051757578306811,0.030372702034297643
dinov2_nat,1,6308,1356,1,0.7529498525073747,0.6186603461036901,0.09561491262999211,0.21356345889791364,0.032049981569912275
dinov2_nat,2,6103,1561,1,0.7559256886611146,0.6051018462181135,0.08165732872504596,0.2114390728486677,0.013276749212219632
dinov2_nat,3,5763,1901,1,0.7390846922672277,0.5925750255082523,0.0892999266550692,0.22338829461945742,0.035244741469684954
dinov2_nat,4,5784,1880,1,0.7095744680851064,0.5631658741168648,0.13338763133738746,0.24337055883023226,0.049748313234926664
imagenet_vit,0,5999,1665,1,0.7399399399399399,0.6494655568179183,0.08869626412366495,0.22278166416107986,0.024770171929196658
imagenet_vit,1,6308,1356,1,0.7278761061946902,0.5973068410136004,0.1044367379816408,0.2310909212693223,0.028318120159029556
imagenet_vit,2,6103,1561,1,0.7540038436899423,0.5806714038703282,0.10414124171669817,0.21282010164795107,0.04320726001910385
imagenet_vit,3,5763,1901,1,0.7238295633876907,0.5887743991693286,0.09126348484420649,0.2338686025411938,0.03712179556312882
imagenet_vit,4,5784,1880,1,0.698404255319149,0.5512627433278424,0.14075488245180826,0.2506170287102343,0.05465141547995113
