model,seed,aggregator,n_train_slides,n_test_slides,accuracy,qwk,aurc,e_aurc,ece,selected_c,patch_level_accuracy,patch_level_qwk,n_test_patches
lunit,0,patch_vote,576,144,0.375,0.5430672268907563,0.5031543804946731,0.24380442081935294,0.2205572322725321,0.0001,0.34606299212598424,0.43891983943559165,5080
lunit,0,mean_pool,576,144,0.4236111111111111,0.5770089285714286,0.4109882228183179,0.1964620565300704,0.08324753156630328,0.01,0.34606299212598424,0.43891983943559165,5080
lunit,0,max_pool,576,144,0.4652777777777778,0.6174496644295302,0.42908320861127947,0.24850472915295713,0.14251329985040173,0.01,0.34606299212598424,0.43891983943559165,5080
lunit,0,abmil,576,144,0.5069444444444444,0.6609977324263039,0.3464291244876521,0.19606212483012928,0.34415637598269516,,0.34606299212598424,0.43891983943559165,5080
lunit,0,transformer,576,144,0.5625,0.6565217391304348,0.35641552312064306,0.24104364123751693,0.3158981077786949,,0.34606299212598424,0.43891983943559165,5080
lunit,1,patch_vote,576,144,0.3819444444444444,0.48050458715596334,0.4806775981621063,0.22809893552983573,0.1897975407187182,0.001,0.3440840052503282,0.41137608427496464,5333
lunit,1,mean_pool,576,144,0.4722222222222222,0.5582750582750582,0.4081611479819083,0.23286839602752477,0.10604883777934612,0.01,0.3440840052503282,0.41137608427496464,5333
lunit,1,max_pool,576,144,0.4166666666666667,0.5067264573991032,0.4268733702847353,0.20630118486460114,0.1229582033514394,0.01,0.3440840052503282,0.41137608427496464,5333
lunit,1,abmil,576,144,0.4930555555555556,0.6405895691609977,0.3491918716068845,0.1891494350213249,0.3371860844393571,,0.3440840052503282,0.41137608427496464,5333
lunit,1,transformer,576,144,0.4652777777777778,0.5843091334894613,0.36913690218027956,0.18855842272195722,0.42580120534532606,,0.3440840052503282,0.41137608427496464,5333
lunit,2,patch_vote,576,144,0.4375,0.5371549893842889,0.3835912262411421,0.18081740434511256,0.17055148972650108,0.001,0.3745264297311925,0.42981671916634157,5543
lunit,2,mean_pool,576,144,0.4791666666666667,0.6289592760180995,0.32334898928449357,0.15323984065104232,0.09776522750337024,0.01,0.3745264297311925,0.42981671916634157,5543
lunit,2,max_pool,576,144,0.4930555555555556,0.6693002257336342,0.30902901740118804,0.14898658081562846,0.06450461711652043,0.01,0.3745264297311925,0.42981671916634157,5543
lunit,2,abmil,576,144,0.5625,0.7574712643678161,0.3069171666011349,0.19154528471800875,0.3092270112699933,,0.3745264297311925,0.42981671916634157,5543
lunit,2,transformer,576,144,0.5555555555555556,0.7829977628635347,0.31002607252563524,0.19059156641335706,0.33522133115265107,,0.3745264297311925,0.42981671916634157,5543
lunit,3,patch_vote,576,144,0.4097222222222222,0.588421052631579,0.407564080412383,0.18083013511962143,0.1573024573114566,0.0001,0.38964773544212794,0.44195350169321157,5564
lunit,3,mean_pool,576,144,0.4652777777777778,0.6244186046511628,0.38262649784612485,0.2020480183878025,0.060380228951101865,0.01,0.38964773544212794,0.44195350169321157,5564
lunit,3,max_pool,576,144,0.4791666666666667,0.6970046082949308,0.3714197035213211,0.20131055488786984,0.10639806626975168,0.01,0.38964773544212794,0.44195350169321157,5564
lunit,3,abmil,576,144,0.4791666666666667,0.7458033573141486,0.33790188276884614,0.1677927341353949,0.36546298571758806,,0.38964773544212794,0.44195350169321157,5564
lunit,3,transformer,576,144,0.5138888888888888,0.713216957605985,0.37776958905542296,0.23209695317732523,0.37099807564583087,,0.38964773544212794,0.44195350169321157,5564
lunit,4,patch_vote,576,144,0.4027777777777778,0.5382932166301969,0.49243238727076766,0.25941897965716776,0.17920881315197484,0.0001,0.3316888045540797,0.39227168496260567,5270
lunit,4,mean_pool,576,144,0.4583333333333333,0.6059225512528474,0.3930660918771435,0.2070982364903384,0.08336232411704159,0.01,0.3316888045540797,0.39227168496260567,5270
lunit,4,max_pool,576,144,0.5,0.6278280542986425,0.4004336655201199,0.24527717270722066,0.11928597065554088,0.01,0.3316888045540797,0.39227168496260567,5270
lunit,4,abmil,576,144,0.4861111111111111,0.6685267857142857,0.3592868994693951,0.1942607100344929,0.387012198774351,,0.3316888045540797,0.39227168496260567,5270
lunit,4,transformer,576,144,0.4513888888888889,0.6121076233183856,0.3768250380421839,0.18536258787167723,0.4233840970943371,,0.3316888045540797,0.39227168496260567,5270
ctranspath,0,patch_vote,576,144,0.3611111111111111,0.5246406570841888,0.5076178767800212,0.23433709411884246,0.22961517328090558,0.0001,0.3498031496062992,0.45612105079810283,5080
ctranspath,0,mean_pool,576,144,0.4583333333333333,0.5801781737193764,0.4240133230298791,0.23804546764307402,0.09757465326157631,0.01,0.3498031496062992,0.45612105079810283,5080
ctranspath,0,max_pool,576,144,0.4513888888888889,0.5879237288135593,0.41451126950410117,0.22304881933359447,0.08135070499960717,0.01,0.3498031496062992,0.45612105079810283,5080
ctranspath,0,abmil,576,144,0.5625,0.6839207048458149,0.39365469682395643,0.2782828149408303,0.32251111728449666,,0.3498031496062992,0.45612105079810283,5080
ctranspath,0,transformer,576,144,0.5208333333333334,0.6978494623655914,0.400219406383212,0.25914729044069557,0.3687042275236713,,0.3498031496062992,0.45612105079810283,5080
ctranspath,1,patch_vote,576,144,0.4027777777777778,0.4745222929936306,0.46287405198310544,0.22986064436950554,0.1613802132644781,0.0001,0.34052128258016123,0.42726881004757544,5333
ctranspath,1,mean_pool,576,144,0.4652777777777778,0.5844907407407407,0.4170422515547622,0.23646377209643987,0.1314911878246325,0.01,0.34052128258016123,0.42726881004757544,5333
ctranspath,1,max_pool,576,144,0.3958333333333333,0.5765661252900232,0.4459272612368241,0.20651465950161962,0.16307518620923675,0.01,0.34052128258016123,0.42726881004757544,5333
ctranspath,1,abmil,576,144,0.4444444444444444,0.5951219512195122,0.3750998530993679,0.17803597053832199,0.408168860607677,,0.34052128258016123,0.42726881004757544,5333
ctranspath,1,transformer,576,144,0.4930555555555556,0.6707920792079207,0.3503195262137675,0.1902770896282079,0.401881088813146,,0.34052128258016123,0.42726881004757544,5333
ctranspath,2,patch_vote,576,144,0.4305555555555556,0.5602536997885835,0.3505254313286526,0.14193144082074344,0.16848609855842256,0.0001,0.3783149918816525,0.45564199868252675,5543
ctranspath,2,mean_pool,576,144,0.5347222222222222,0.6942528735632184,0.27527236499774976,0.1431247294722048,0.08776867346269075,0.01,0.3783149918816525,0.45564199868252675,5543
ctranspath,2,max_pool,576,144,0.5069444444444444,0.6706161137440758,0.2914184878034728,0.14105148814594995,0.08021500085093412,0.01,0.3783149918816525,0.45564199868252675,5543
ctranspath,2,abmil,576,144,0.5416666666666666,0.765237020316027,0.3139894740375258,0.1861682039957761,0.3530323799285624,,0.3783149918816525,0.45564199868252675,5543
ctranspath,2,transformer,576,144,0.5486111111111112,0.7278037383177569,0.30931426108774396,0.1857303251907581,0.3421683470822042,,0.3783149918816525,0.45564199868252675,5543
ctranspath,3,patch_vote,576,144,0.4166666666666667,0.5639175257731959,0.4083778366043075,0.1878056511841733,0.16229198636301037,0.0001,0.3876707404744788,0.48482270005592953,5564
ctranspath,3,mean_pool,576,144,0.4652777777777778,0.6535796766743649,0.40264991207855605,0.2220714326202337,0.14658854995162415,0.01,0.3876707404744788,0.48482270005592953,5564
ctranspath,3,max_pool,576,144,0.4791666666666667,0.7211981566820276,0.3588811569798063,0.18877200834635507,0.09692251346209238,0.01,0.3876707404744788,0.48482270005592953,5564
ctranspath,3,abmil,576,144,0.4722222222222222,0.6629353233830846,0.36783036808610714,0.19253761613172363,0.3947827379322715,,0.3876707404744788,0.48482270005592953,5564
ctranspath,3,transformer,576,144,0.5,0.7224938875305624,0.3960750248206858,0.24091853200778657,0.37637374467319906,,0.3876707404744788,0.48482270005592953,5564
ctranspath,4,patch_vote,576,144,0.3958333333333333,0.5288461538461539,0.4538742844583198,0.21446168272311533,0.17096009053836367,0.0001,0.3586337760910816,0.4496043605233384,5270
ctranspath,4,mean_pool,576,144,0.4652777777777778,0.665532879818594,0.37259325427740314,0.1920147748190808,0.13118489505420172,0.01,0.3586337760910816,0.4496043605233384,5270
ctranspath,4,max_pool,576,144,0.4861111111111111,0.6255555555555555,0.3808103657177939,0.2157841762828917,0.14158090482067895,0.01,0.3586337760910816,0.4496043605233384,5270
ctranspath,4,abmil,576,144,0.4583333333333333,0.6949339207048458,0.39333530547139056,0.2073674500845855,0.42488709899286425,,0.3586337760910816,0.4496043605233384,5270
ctranspath,4,transformer,576,144,0.4722222222222222,0.5613425925925928,0.4010532867841804,0.22576053482979688,0.41786375000245046,,0.3586337760910816,0.4496043605233384,5270
conch,0,patch_vote,576,144,0.4236111111111111,0.5217391304347825,0.4768107923349116,0.262284626046664,0.1326406305616914,0.001,0.3494094488188976,0.43765076769708366,5080
conch,0,mean_pool,576,144,0.4513888888888889,0.6269662921348315,0.4063910394912076,0.21492858932070089,0.10243506727375781,0.01,0.3494094488188976,0.43765076769708366,5080
conch,0,max_pool,576,144,0.4236111111111111,0.6888412017167382,0.404483349922274,0.1899571836340265,0.09312674304366826,0.01,0.3494094488188976,0.43765076769708366,5080
conch,0,abmil,576,144,0.4583333333333333,0.6732101616628176,0.44076161267371705,0.254793757286912,0.35863820008105707,,0.3494094488188976,0.43765076769708366,5080
conch,0,transformer,576,144,0.5,0.7166666666666668,0.37306349613130385,0.21790700331840462,0.372263666242361,,0.3494094488188976,0.43765076769708366,5080
conch,1,patch_vote,576,144,0.3472222222222222,0.4390243902439025,0.6040917126512872,0.3163458201561451,0.19502660891676007,0.0001,0.31033189574348397,0.39668048013134205,5333
conch,1,mean_pool,576,144,0.4166666666666667,0.5398009950248757,0.4739543517445348,0.25338216632440064,0.13176259417920366,0.01,0.31033189574348397,0.39668048013134205,5333
conch,1,max_pool,576,144,0.4097222222222222,0.5338164251207729,0.5011160333899952,0.27438208809723363,0.12456830821142482,0.01,0.31033189574348397,0.39668048013134205,5333
conch,1,abmil,576,144,0.4722222222222222,0.6091954022988506,0.4459957317620746,0.2707029798076911,0.3578205179009173,,0.31033189574348397,0.39668048013134205,5333
conch,1,transformer,576,144,0.4375,0.625,0.4015050319138466,0.19873121001781707,0.41964435018599033,,0.31033189574348397,0.39668048013134205,5333
conch,2,patch_vote,576,144,0.4305555555555556,0.5250501002004009,0.4184819122478816,0.20988792173997245,0.15058487799413456,0.001,0.3588309579650009,0.44151958124132384,5543
conch,2,mean_pool,576,144,0.4930555555555556,0.6887201735357917,0.3628089154019982,0.20276647881643864,0.10404347494530837,0.01,0.3588309579650009,0.44151958124132384,5543
conch,2,max_pool,576,144,0.4513888888888889,0.6967963386727689,0.4026313956810743,0.2111689455105676,0.08404254090851665,0.01,0.3588309579650009,0.44151958124132384,5543
conch,2,abmil,576,144,0.5833333333333334,0.806896551724138,0.270777178375572,0.1670829228346899,0.27440833734969305,,0.3588309579650009,0.44151958124132384,5543
conch,2,transformer,576,144,0.5347222222222222,0.8,0.3108609223966098,0.17871328687106483,0.31964391697612077,,0.3588309579650009,0.44151958124132384,5543
conch,3,patch_vote,576,144,0.4583333333333333,0.6019522776572668,0.38658002653500934,0.20061217114820426,0.1259422948374011,0.0001,0.37994248741912295,0.47741552906309226,5564
conch,3,mean_pool,576,144,0.4652777777777778,0.7027972027972028,0.4078990457650486,0.22732056630672626,0.1280927919228741,0.01,0.37994248741912295,0.47741552906309226,5564
conch,3,max_pool,576,144,0.4583333333333333,0.6948955916473318,0.3744021912360236,0.1884343358492185,0.09619116243363453,0.01,0.37994248741912295,0.47741552906309226,5564
conch,3,abmil,576,144,0.5069444444444444,0.7370283018867925,0.33480935472121565,0.1844423550636928,0.3399059385475185,,0.37994248741912295,0.47741552906309226,5564
conch,3,transformer,576,144,0.5555555555555556,0.75,0.34432813890067543,0.22489363278839725,0.3280851079357995,,0.37994248741912295,0.47741552906309226,5564
conch,4,patch_vote,576,144,0.3611111111111111,0.5679824561403508,0.5116013008563899,0.2383205181952111,0.19459104952009026,0.0001,0.32751423149905123,0.43187184221175057,5270
conch,4,mean_pool,576,144,0.4097222222222222,0.662528216704289,0.3975924955014314,0.1708585502086698,0.10440006624782966,0.01,0.32751423149905123,0.43187184221175057,5270
conch,4,max_pool,576,144,0.4513888888888889,0.6616279069767442,0.42773483502152554,0.23627238485101884,0.08951414285272358,0.01,0.32751423149905123,0.43187184221175057,5270
conch,4,abmil,576,144,0.5277777777777778,0.7476635514018692,0.3285782210614788,0.19201403246195103,0.3183567569487625,,0.32751423149905123,0.43187184221175057,5270
conch,4,transformer,576,144,0.5069444444444444,0.7493975903614458,0.3399680348784744,0.18960103522095154,0.33797830570903087,,0.32751423149905123,0.43187184221175057,5270
hibou_b,0,patch_vote,576,144,0.4027777777777778,0.5942028985507246,0.4712110780752361,0.2381976704616362,0.19225156182388714,0.0001,0.36161417322834644,0.46799295415752074,5080
hibou_b,0,mean_pool,576,144,0.5138888888888888,0.6493506493506493,0.38243084004026245,0.23675820416216473,0.12851104837892238,0.01,0.36161417322834644,0.46799295415752074,5080
hibou_b,0,max_pool,576,144,0.4861111111111111,0.6028761061946903,0.3628162054593392,0.19779001602443697,0.11604767707436174,0.01,0.36161417322834644,0.46799295415752074,5080
hibou_b,0,abmil,576,144,0.5347222222222222,0.7222222222222223,0.3400849113525747,0.20793727582702973,0.3616860953883993,,0.36161417322834644,0.46799295415752074,5080
hibou_b,0,transformer,576,144,0.5555555555555556,0.750551876379691,0.3400497651363186,0.22061525902404044,0.33075841288599706,,0.36161417322834644,0.46799295415752074,5080
hibou_b,1,patch_vote,576,144,0.3958333333333333,0.5185589519650655,0.4725980552263306,0.23318545349112613,0.20369486486216354,0.0001,0.32908306769173074,0.44657412164966515,5333
hibou_b,1,mean_pool,576,144,0.4652777777777778,0.5549065420560748,0.3952465508498324,0.21466807139151006,0.14555272176173303,0.01,0.32908306769173074,0.44657412164966515,5333
hibou_b,1,max_pool,576,144,0.3958333333333333,0.5238095238095237,0.4110841351631559,0.17167153342795144,0.1450786803833113,0.01,0.32908306769173074,0.44657412164966515,5333
hibou_b,1,abmil,576,144,0.5625,0.6189376443418013,0.2822861302250381,0.16691424834191199,0.33616640749904847,,0.32908306769173074,0.44657412164966515,5333
hibou_b,1,transformer,576,144,0.5555555555555556,0.5944976076555024,0.38681102406758433,0.26737651795530615,0.3586052904526392,,0.32908306769173074,0.44657412164966515,5333
hibou_b,2,patch_vote,576,144,0.4652777777777778,0.4884696016771488,0.3490150350535923,0.16843655559527,0.1498775280366007,0.0001,0.3768717301100487,0.4258656671107428,5543
hibou_b,2,mean_pool,576,144,0.5138888888888888,0.6752232142857143,0.32567611554885173,0.180003479670754,0.07688141174019804,0.01,0.3768717301100487,0.4258656671107428,5543
hibou_b,2,max_pool,576,144,0.5,0.6354401805869074,0.32045329945513956,0.16529680664224033,0.0970808761656759,0.01,0.3768717301100487,0.4258656671107428,5543
hibou_b,2,abmil,576,144,0.5833333333333334,0.7352941176470588,0.2503744684531873,0.14668021291230515,0.31107545499172473,,0.3768717301100487,0.4258656671107428,5543
hibou_b,2,transformer,576,144,0.5347222222222222,0.7927400468384075,0.29785428586870033,0.16570665034315538,0.36616244374050033,,0.3768717301100487,0.4258656671107428,5543
hibou_b,3,patch_vote,576,144,0.4930555555555556,0.5866388308977035,0.36427721098457094,0.20423477439901136,0.08905589603706555,0.0001,0.3914450035945363,0.44810455834283835,5564
hibou_b,3,mean_pool,576,144,0.5,0.5623556581986142,0.3364712699663668,0.18131477715346755,0.09518829230892423,0.01,0.3914450035945363,0.44810455834283835,5564
hibou_b,3,max_pool,576,144,0.5,0.5997652582159624,0.343315515226551,0.1881590224136518,0.10905645754914128,0.01,0.3914450035945363,0.44810455834283835,5564
hibou_b,3,abmil,576,144,0.5416666666666666,0.7593052109181142,0.27438212870487555,0.14656085866312585,0.3178227115422487,,0.3914450035945363,0.44810455834283835,5564
hibou_b,3,transformer,576,144,0.4791666666666667,0.684,0.382332697351714,0.21222354871826274,0.41382189881470466,,0.3914450035945363,0.44810455834283835,5564
hibou_b,4,patch_vote,576,144,0.3819444444444444,0.512249443207127,0.4768677166419434,0.2242890540096728,0.1836052895235898,0.0001,0.35332068311195447,0.4369171585251328,5270
hibou_b,4,mean_pool,576,144,0.4861111111111111,0.6150341685649203,0.3938105900362107,0.2287844006013085,0.15750256717229688,0.01,0.35332068311195447,0.4369171585251328,5270
hibou_b,4,max_pool,576,144,0.4652777777777778,0.6488636363636364,0.37072797129779556,0.19014949183947322,0.0914303053610996,0.01,0.35332068311195447,0.4369171585251328,5270
hibou_b,4,abmil,576,144,0.5,0.7376681614349776,0.36914479769798453,0.2139883048850853,0.373654815264874,,0.35332068311195447,0.4369171585251328,5270
hibou_b,4,transformer,576,144,0.5486111111111112,0.7019867549668874,0.3489928320070226,0.22540889611003673,0.34513368457555765,,0.35332068311195447,0.4369171585251328,5270
phikon,0,patch_vote,576,144,0.3541666666666667,0.5286016949152542,0.5821847312647717,0.30173947647528226,0.25354400540776406,0.0001,0.34153543307086615,0.4595407676045401,5080
phikon,0,mean_pool,576,144,0.4305555555555556,0.5842572062084257,0.4854915158552983,0.27689752534738915,0.1366737766581021,0.01,0.34153543307086615,0.4595407676045401,5080
phikon,0,max_pool,576,144,0.375,0.5752808988764044,0.4902107731682489,0.23086081349292875,0.13222855373089318,0.01,0.34153543307086615,0.4595407676045401,5080
phikon,0,abmil,576,144,0.4722222222222222,0.6856492027334853,0.42953941484690517,0.2542466628925216,0.3813495323475864,,0.34153543307086615,0.4595407676045401,5080
phikon,0,transformer,576,144,0.4583333333333333,0.6300211416490487,0.44615356590219907,0.26018571051539396,0.4546440299600363,,0.34153543307086615,0.4595407676045401,5080
phikon,1,patch_vote,576,144,0.375,0.5585585585585586,0.520268315891827,0.26091835621650683,0.21059680205397371,0.0001,0.33358334895930997,0.4305744463363713,5333
phikon,1,mean_pool,576,144,0.3958333333333333,0.4726190476190476,0.4213345798602458,0.18192197812504135,0.14712541794332987,0.01,0.33358334895930997,0.4305744463363713,5333
phikon,1,max_pool,576,144,0.4375,0.5067720090293455,0.457350473189285,0.25457665129325546,0.08800413365741033,0.01,0.33358334895930997,0.4305744463363713,5333
phikon,1,abmil,576,144,0.4444444444444444,0.536046511627907,0.4187759593262792,0.2217120767652333,0.41204696893692017,,0.33358334895930997,0.4305744463363713,5333
phikon,1,transformer,576,144,0.4722222222222222,0.5851581508515815,0.3725351530125966,0.19724240105821308,0.4183155819773674,,0.33358334895930997,0.4305744463363713,5333
phikon,2,patch_vote,576,144,0.4097222222222222,0.5121951219512195,0.3978399278651158,0.1711059825723542,0.20958010846029487,0.0001,0.3665884899873715,0.43356762531656157,5543
phikon,2,mean_pool,576,144,0.5208333333333334,0.6185682326621924,0.3060281375850468,0.16495602164253037,0.06319367906388036,0.01,0.3665884899873715,0.43356762531656157,5543
phikon,2,max_pool,576,144,0.4861111111111111,0.5449308755760369,0.3528353213509521,0.18780913191604987,0.06827217229556723,0.01,0.3665884899873715,0.43356762531656157,5543
phikon,2,abmil,576,144,0.5208333333333334,0.6893095768374164,0.30937246914831573,0.16830035320579928,0.34818147164252067,,0.3665884899873715,0.43356762531656157,5543
phikon,2,transformer,576,144,0.5486111111111112,0.6502347417840375,0.37167919722956355,0.2480952613325777,0.37851745366222334,,0.3665884899873715,0.43356762531656157,5543
phikon,3,patch_vote,576,144,0.4583333333333333,0.5460251046025104,0.4120244740441007,0.22605661865729562,0.12963584455141705,0.0001,0.3930625449317038,0.46183114063773156,5564
phikon,3,mean_pool,576,144,0.4513888888888889,0.5533642691415313,0.3949453570960086,0.2034829069255019,0.10059247286296871,0.01,0.3930625449317038,0.46183114063773156,5564
phikon,3,max_pool,576,144,0.3611111111111111,0.4929906542056075,0.46279313810701794,0.18951235544583916,0.16460340601233772,0.01,0.3930625449317038,0.46183114063773156,5564
phikon,3,abmil,576,144,0.5138888888888888,0.6627634660421546,0.34042673453100064,0.1947540986529029,0.34903800363341975,,0.3930625449317038,0.46183114063773156,5564
phikon,3,transformer,576,144,0.4791666666666667,0.6141439205955335,0.35190616179543127,0.18179701316198002,0.398364189805256,,0.3930625449317038,0.46183114063773156,5564
phikon,4,patch_vote,576,144,0.4027777777777778,0.5044742729306487,0.4989773816462364,0.2659639740326365,0.2029478332016875,0.0001,0.34743833017077796,0.436859882161692,5270
phikon,4,mean_pool,576,144,0.4583333333333333,0.5794183445190156,0.4089775240538941,0.22300966866708902,0.08565544804661591,0.01,0.34743833017077796,0.436859882161692,5270
phikon,4,max_pool,576,144,0.4513888888888889,0.5102739726027398,0.45638074956317454,0.26491829939266787,0.10189654379656286,0.01,0.34743833017077796,0.436859882161692,5270
phikon,4,abmil,576,144,0.4583333333333333,0.5448275862068965,0.41231113352005233,0.22634327813324726,0.42143075416485465,,0.34743833017077796,0.436859882161692,5270
phikon,4,transformer,576,144,0.4652777777777778,0.5619266055045872,0.45413024343450736,0.273551763976185,0.4286693363553948,,0.34743833017077796,0.436859882161692,5270
phikon_v2,0,patch_vote,576,144,0.375,0.5708333333333333,0.5437262966496673,0.28437633697434717,0.21138988467646547,0.0001,0.3346456692913386,0.4454658012784293,5080
phikon_v2,0,mean_pool,576,144,0.4166666666666667,0.6116071428571428,0.4520680480253609,0.2314958626052267,0.10389408396470427,0.01,0.3346456692913386,0.4454658012784293,5080
phikon_v2,0,max_pool,576,144,0.3888888888888889,0.5515350877192983,0.537909361378714,0.29197573316323044,0.14701959141484336,0.01,0.3346456692913386,0.4454658012784293,5080
phikon_v2,0,abmil,576,144,0.5416666666666666,0.7206896551724138,0.3730513489473464,0.24523007890559667,0.31130346593757463,,0.3346456692913386,0.4454658012784293,5080
phikon_v2,0,transformer,576,144,0.4444444444444444,0.5923423423423424,0.39783988191184755,0.20077599935080165,0.44810424745082844,,0.3346456692913386,0.4454658012784293,5080
phikon_v2,1,patch_vote,576,144,0.3819444444444444,0.5043010752688172,0.4850109396060187,0.23243227697374813,0.20479821236527768,0.0001,0.342021376336021,0.4212290025810911,5333
phikon_v2,1,mean_pool,576,144,0.4583333333333333,0.5559440559440559,0.41504984899669634,0.22908199360989126,0.1170386373415892,0.01,0.342021376336021,0.4212290025810911,5333
phikon_v2,1,max_pool,576,144,0.4027777777777778,0.5296803652968036,0.5045005804626996,0.27148717284909973,0.11423968795885238,0.01,0.342021376336021,0.4212290025810911,5333
phikon_v2,1,abmil,576,144,0.4513888888888889,0.5462962962962963,0.3882035086805112,0.19674105851000448,0.3808960751112964,,0.342021376336021,0.4212290025810911,5333
phikon_v2,1,transformer,576,144,0.4097222222222222,0.5012135922330098,0.42538237829166964,0.19864843299890805,0.464067040839129,,0.342021376336021,0.4212290025810911,5333
phikon_v2,2,patch_vote,576,144,0.4305555555555556,0.49395161290322576,0.39411844230581744,0.18552445179790827,0.1728214351647935,0.0001,0.3687533826447772,0.4323900717367215,5543
phikon_v2,2,mean_pool,576,144,0.4930555555555556,0.6154708520179373,0.32276475012815237,0.16272231354259278,0.08600291858860243,0.01,0.3687533826447772,0.4323900717367215,5543
phikon_v2,2,max_pool,576,144,0.4444444444444444,0.578494623655914,0.3472132057680549,0.15014932320700902,0.11642463018279361,0.001,0.3687533826447772,0.4323900717367215,5543
phikon_v2,2,abmil,576,144,0.5277777777777778,0.7006880733944953,0.3183510962761954,0.1817869076766676,0.33113386357824004,,0.3687533826447772,0.4323900717367215,5543
phikon_v2,2,transformer,576,144,0.5694444444444444,0.6937046004842615,0.27197801491173235,0.1605830233757281,0.31736507039103246,,0.3687533826447772,0.4323900717367215,5543
phikon_v2,3,patch_vote,576,144,0.4652777777777778,0.5499999999999999,0.3743567440751008,0.19377826461677844,0.13165002986565877,0.0001,0.3788641265276779,0.44674182435730714,5564
phikon_v2,3,mean_pool,576,144,0.4583333333333333,0.6189376443418013,0.3942110772666225,0.20824322187981745,0.11462191724036574,0.01,0.3788641265276779,0.44674182435730714,5564
phikon_v2,3,max_pool,576,144,0.4236111111111111,0.5911111111111111,0.4456397601019905,0.231113593813743,0.12934542325856488,0.01,0.3788641265276779,0.44674182435730714,5564
phikon_v2,3,abmil,576,144,0.4236111111111111,0.5823389021479715,0.4154712355445538,0.20094506925630626,0.4063584787978066,,0.3788641265276779,0.44674182435730714,5564
phikon_v2,3,transformer,576,144,0.5,0.5671296296296297,0.3519854766590679,0.19682898384616865,0.3837058090915283,,0.3788641265276779,0.44674182435730714,5564
phikon_v2,4,patch_vote,576,144,0.4097222222222222,0.526258205689278,0.5059372947467773,0.2792033494540157,0.19985098503063162,0.0001,0.3535104364326376,0.4212300339382199,5270
phikon_v2,4,mean_pool,576,144,0.4652777777777778,0.5286975717439293,0.46689446481642133,0.286315985358099,0.1642068323019217,0.01,0.3535104364326376,0.4212300339382199,5270
phikon_v2,4,max_pool,576,144,0.4444444444444444,0.5514541387024608,0.47150381391542573,0.27443993135437983,0.12287973214853445,0.01,0.3535104364326376,0.4212300339382199,5270
phikon_v2,4,abmil,576,144,0.4375,0.6289592760180995,0.3988842413765135,0.19611041948048397,0.4076848576466242,,0.3535104364326376,0.4212300339382199,5270
phikon_v2,4,transformer,576,144,0.4236111111111111,0.5943820224719101,0.46531300636495754,0.25078684007671004,0.46117445660962,,0.3535104364326376,0.4212300339382199,5270
hibou_l,0,patch_vote,576,144,0.3819444444444444,0.59400826446281,0.4923289405385598,0.23975027790628922,0.228200537046513,0.0001,0.3598425196850394,0.4798104995153126,5080
hibou_l,0,mean_pool,576,144,0.4444444444444444,0.643171806167401,0.39282508799657306,0.19576120543552716,0.12359355625458436,0.01,0.3598425196850394,0.4798104995153126,5080
hibou_l,0,max_pool,576,144,0.4444444444444444,0.6564551422319475,0.4321337922254859,0.23506990966444002,0.11243303908821735,0.01,0.3598425196850394,0.4798104995153126,5080
hibou_l,0,abmil,576,144,0.5763888888888888,0.7780269058295964,0.2797574675141166,0.1722546779783508,0.28307508097754586,,0.3598425196850394,0.4798104995153126,5080
hibou_l,0,transformer,576,144,0.5416666666666666,0.7251655629139073,0.3409199126844502,0.2130986426427005,0.3513391398721271,,0.3598425196850394,0.4798104995153126,5080
hibou_l,1,patch_vote,576,144,0.4097222222222222,0.5480549199084669,0.5189497997902937,0.29221585449753207,0.20172513090086036,0.0001,0.3378961185074067,0.4476515644273166,5333
hibou_l,1,mean_pool,576,144,0.4236111111111111,0.5873205741626795,0.4090163640198763,0.19449019773162876,0.13961833444834487,0.01,0.3378961185074067,0.4476515644273166,5333
hibou_l,1,max_pool,576,144,0.4236111111111111,0.558411214953271,0.4023533337294813,0.18782716744123376,0.10446860709850522,0.01,0.3378961185074067,0.4476515644273166,5333
hibou_l,1,abmil,576,144,0.4652777777777778,0.6004566210045662,0.3757098376947805,0.19513135823645816,0.3866569029374255,,0.3378961185074067,0.4476515644273166,5333
hibou_l,1,transformer,576,144,0.5347222222222222,0.697841726618705,0.3367285756138275,0.20458094008828256,0.3538284483883116,,0.3378961185074067,0.4476515644273166,5333
hibou_l,2,patch_vote,576,144,0.4652777777777778,0.5913865546218487,0.3496927098717598,0.16911423041343748,0.16393497898823303,0.0001,0.3927476095976908,0.46099823291443,5543
hibou_l,2,mean_pool,576,144,0.4861111111111111,0.7316258351893096,0.32152221126624436,0.15649602183134215,0.09748211937595819,0.01,0.3927476095976908,0.46099823291443,5543
hibou_l,2,max_pool,576,144,0.4861111111111111,0.6943127962085308,0.3448066534974957,0.17978046406259346,0.05350164374391924,0.01,0.3927476095976908,0.46099823291443,5543
hibou_l,2,abmil,576,144,0.5138888888888888,0.7096018735362998,0.3157044728346834,0.17003183695658566,0.3600603048172262,,0.3927476095976908,0.46099823291443,5543
hibou_l,2,transformer,576,144,0.5555555555555556,0.7753086419753087,0.33480601880207256,0.21537151268979438,0.32656587225695455,,0.3927476095976908,0.46099823291443,5543
hibou_l,3,patch_vote,576,144,0.4791666666666667,0.6103896103896104,0.389508575880995,0.21939942724754377,0.14925329866876882,0.0001,0.40222861250898634,0.4714411232542549,5564
hibou_l,3,mean_pool,576,144,0.4791666666666667,0.6323185011709602,0.36626081861047216,0.1961516699770209,0.09410261949607727,0.01,0.40222861250898634,0.4714411232542549,5564
hibou_l,3,max_pool,576,144,0.4305555555555556,0.6214953271028039,0.3631443055430919,0.15455031503518274,0.10977750194004966,0.01,0.40222861250898634,0.4714411232542549,5564
hibou_l,3,abmil,576,144,0.5625,0.7824074074074074,0.25388397800391876,0.13851209612079263,0.3380057317101294,,0.40222861250898634,0.4714411232542549,5564
hibou_l,3,transformer,576,144,0.5763888888888888,0.767175572519084,0.2421359268812269,0.1346331373454611,0.313950977805588,,0.40222861250898634,0.4714411232542549,5564
hibou_l,4,patch_vote,576,144,0.4444444444444444,0.579295154185022,0.45887359298388375,0.26180971042283785,0.18162279451678384,0.0001,0.374573055028463,0.48503544916919117,5270
hibou_l,4,mean_pool,576,144,0.4652777777777778,0.6943181818181818,0.3758839924576025,0.19530551299928017,0.12529665305545756,0.01,0.374573055028463,0.48503544916919117,5270
hibou_l,4,max_pool,576,144,0.4236111111111111,0.6285714285714286,0.41082424552091434,0.19629807923266682,0.12496581253322714,0.01,0.374573055028463,0.48503544916919117,5270
hibou_l,4,abmil,576,144,0.5694444444444444,0.7387387387387387,0.27643198413254644,0.1650369925965422,0.31035919135643375,,0.374573055028463,0.48503544916919117,5270
hibou_l,4,transformer,576,144,0.5416666666666666,0.7334096109839817,0.3115926741872804,0.18377140414553073,0.3318751245323155,,0.374573055028463,0.48503544916919117,5270
virchow2,0,patch_vote,576,144,0.4444444444444444,0.6335470085470085,0.4374051283790556,0.2403412458180097,0.18947476904526844,0.0001,0.38661417322834646,0.5183397812564094,5080
virchow2,0,mean_pool,576,144,0.4861111111111111,0.648619957537155,0.3430896492535362,0.17806345981863397,0.12247356523906089,0.001,0.38661417322834646,0.5183397812564094,5080
virchow2,0,max_pool,576,144,0.4861111111111111,0.6891025641025641,0.3569916666828466,0.19196547724794438,0.09460661721496641,0.001,0.38661417322834646,0.5183397812564094,5080
virchow2,0,abmil,576,144,0.5625,0.6947004608294931,0.2909194972633852,0.17554761538025904,0.3228932575633129,,0.38661417322834646,0.5183397812564094,5080
virchow2,0,transformer,576,144,0.5416666666666666,0.7324263038548753,0.32512605607404826,0.19730478603229856,0.3611468457513385,,0.38661417322834646,0.5183397812564094,5080
virchow2,1,patch_vote,576,144,0.4722222222222222,0.565410199556541,0.41472556166122987,0.23943280970684636,0.14629361536925667,0.0001,0.37014813425839116,0.48180541848699476,5333
virchow2,1,mean_pool,576,144,0.5,0.612756264236902,0.369047073980418,0.21389058116751875,0.09033121109670444,0.001,0.37014813425839116,0.48180541848699476,5333
virchow2,1,max_pool,576,144,0.4652777777777778,0.6154734411085451,0.4042413512795504,0.22366287182122807,0.16633924370190006,0.01,0.37014813425839116,0.48180541848699476,5333
virchow2,1,abmil,576,144,0.5277777777777778,0.6496163682864451,0.3185811851197731,0.18201699652024533,0.38037968426942825,,0.37014813425839116,0.48180541848699476,5333
virchow2,1,transformer,576,144,0.5347222222222222,0.617936117936118,0.33619679360838317,0.20404915808283822,0.3572530044863621,,0.37014813425839116,0.48180541848699476,5333
virchow2,2,patch_vote,576,144,0.4722222222222222,0.6119246861924685,0.32915187525130113,0.15385912329691762,0.16743952330800715,0.0001,0.40267003427746706,0.5081782955452753,5543
virchow2,2,mean_pool,576,144,0.5277777777777778,0.7107061503416857,0.29037321971907604,0.15380903111954825,0.0719172469884769,0.001,0.40267003427746706,0.5081782955452753,5543
virchow2,2,max_pool,576,144,0.5347222222222222,0.7523809523809524,0.2789986047012809,0.14685096917573595,0.14395290965930468,0.001,0.40267003427746706,0.5081782955452753,5543
virchow2,2,abmil,576,144,0.6319444444444444,0.7970521541950113,0.20400734400782705,0.12471093722752094,0.28110449078182376,,0.40267003427746706,0.5081782955452753,5543
virchow2,2,transformer,576,144,0.5833333333333334,0.7844036697247706,0.2571849989124959,0.15349074337161378,0.2838398772809241,,0.40267003427746706,0.5081782955452753,5543
virchow2,3,patch_vote,576,144,0.4652777777777778,0.6247240618101546,0.3705055252299534,0.18992704577163105,0.1605749799957148,0.0001,0.40204888569374553,0.5271399806683006,5564
virchow2,3,mean_pool,576,144,0.4722222222222222,0.6761363636363638,0.36166022599227815,0.18636747403789464,0.08113170514024222,0.001,0.40204888569374553,0.5271399806683006,5564
virchow2,3,max_pool,576,144,0.4861111111111111,0.7330210772833723,0.33450061713416734,0.16947442769926513,0.06200272964988581,0.001,0.40204888569374553,0.5271399806683006,5564
virchow2,3,abmil,576,144,0.5555555555555556,0.819477434679335,0.25583506073287543,0.13640055462059725,0.3442199611001544,,0.40204888569374553,0.5271399806683006,5564
virchow2,3,transformer,576,144,0.5833333333333334,0.7383592017738358,0.26525140301620564,0.16155714747532351,0.3208682228707605,,0.40204888569374553,0.5271399806683006,5564
virchow2,4,patch_vote,576,144,0.4652777777777778,0.5829646017699115,0.4439461154035785,0.26336763594525614,0.19484801243906152,0.0001,0.3899430740037951,0.5211714727124739,5270
virchow2,4,mean_pool,576,144,0.5069444444444444,0.7131696428571428,0.3174279994054802,0.16706099974795738,0.09181971677131565,0.001,0.3899430740037951,0.5211714727124739,5270
virchow2,4,max_pool,576,144,0.4513888888888889,0.7034090909090909,0.3719520429220567,0.18048959275155,0.0831873988877919,0.001,0.3899430740037951,0.5211714727124739,5270
virchow2,4,abmil,576,144,0.6180555555555556,0.7568181818181818,0.269166720952849,0.18329417360795322,0.2638478686826097,,0.3899430740037951,0.5211714727124739,5270
virchow2,4,transformer,576,144,0.5972222222222222,0.7156398104265403,0.2750431532559332,0.1787189224430693,0.28627084443966544,,0.3899430740037951,0.5211714727124739,5270
uni,0,patch_vote,576,144,0.3958333333333333,0.6048218029350105,0.49769483881919385,0.2582822370839894,0.181341329338812,0.0001,0.3562992125984252,0.4756769144467704,5080
uni,0,mean_pool,576,144,0.4930555555555556,0.6685144124168515,0.4071981869402443,0.2471557503546847,0.12954380486463346,0.001,0.3562992125984252,0.4756769144467704,5080
uni,0,max_pool,576,144,0.4722222222222222,0.6883408071748879,0.42647986116410813,0.25118710920972465,0.09406451867907893,0.01,0.3562992125984252,0.4756769144467704,5080
uni,0,abmil,576,144,0.5833333333333334,0.7917570498915402,0.2849637445979164,0.18126948905703427,0.3370542288240459,,0.3562992125984252,0.4756769144467704,5080
uni,0,transformer,576,144,0.5416666666666666,0.6883116883116882,0.3505408784058384,0.22271960836408872,0.3597070930732621,,0.3562992125984252,0.4756769144467704,5080
uni,1,patch_vote,576,144,0.4444444444444444,0.469017094017094,0.4442180409506569,0.24715415838961102,0.16814255485063115,0.0001,0.3519594974685918,0.455120642037418,5333
uni,1,mean_pool,576,144,0.4583333333333333,0.5113636363636364,0.37028942350133687,0.1843215681145318,0.1207353140570024,0.001,0.3519594974685918,0.455120642037418,5333
uni,1,max_pool,576,144,0.4236111111111111,0.5588235294117647,0.4446122810072041,0.2300861147189566,0.17323539204390825,0.01,0.3519594974685918,0.455120642037418,5333
uni,1,abmil,576,144,0.5277777777777778,0.6612903225806451,0.33742459415133097,0.20086040555180318,0.37423445822464096,,0.3519594974685918,0.455120642037418,5333
uni,1,transformer,576,144,0.5347222222222222,0.6575342465753424,0.34269457392247554,0.2105469383969306,0.4168830923736095,,0.3519594974685918,0.455120642037418,5333
uni,2,patch_vote,576,144,0.4930555555555556,0.607883817427386,0.3350203430576422,0.17497790647208264,0.13187343457952458,0.0001,0.39527331769799745,0.4866930179152965,5543
uni,2,mean_pool,576,144,0.5486111111111112,0.7203579418344519,0.2725390297690211,0.14895509387203526,0.11446293819390706,0.001,0.39527331769799745,0.4866930179152965,5543
uni,2,max_pool,576,144,0.5277777777777778,0.6751662971175166,0.31065827141673785,0.17409408281721006,0.07170644658270332,0.01,0.39527331769799745,0.4866930179152965,5543
uni,2,abmil,576,144,0.625,0.8373205741626795,0.22038633078888673,0.13784043397319937,0.2865937012765143,,0.39527331769799745,0.4866930179152965,5543
uni,2,transformer,576,144,0.5486111111111112,0.6283482142857144,0.27799768898652694,0.15441375308954108,0.36278517523573506,,0.39527331769799745,0.4866930179152965,5543
uni,3,patch_vote,576,144,0.4791666666666667,0.579957356076759,0.37765261127067595,0.2075434626372247,0.12696141110529974,0.0001,0.40654205607476634,0.48517060913789534,5564
uni,3,mean_pool,576,144,0.5138888888888888,0.6334841628959276,0.32722809039659817,0.18155545451850044,0.10468734220917812,0.001,0.40654205607476634,0.48517060913789534,5564
uni,3,max_pool,576,144,0.5,0.7159353348729793,0.3614926433898359,0.20633615057693666,0.12817577511461697,0.01,0.40654205607476634,0.48517060913789534,5564
uni,3,abmil,576,144,0.5555555555555556,0.7622549019607844,0.28269862177117727,0.1632641156588991,0.3012175425473187,,0.40654205607476634,0.48517060913789534,5564
uni,3,transformer,576,144,0.5694444444444444,0.7286063569682152,0.32655616884208927,0.21516117730608503,0.34943950962689185,,0.40654205607476634,0.48517060913789534,5564
uni,4,patch_vote,576,144,0.4652777777777778,0.5850340136054422,0.45236225832715665,0.2717837788688343,0.1426746959240638,0.0001,0.3751423149905123,0.47583045310747896,5270
uni,4,mean_pool,576,144,0.5138888888888888,0.715909090909091,0.3398529280364966,0.19418029215839885,0.14982327811208973,0.01,0.3751423149905123,0.47583045310747896,5270
uni,4,max_pool,576,144,0.5,0.660633484162896,0.3620094915017358,0.20685299868883655,0.1354075014409376,0.01,0.3751423149905123,0.47583045310747896,5270
uni,4,abmil,576,144,0.4791666666666667,0.657471264367816,0.3172200755734951,0.14711092694004382,0.38671550734175575,,0.3751423149905123,0.47583045310747896,5270
uni,4,transformer,576,144,0.4861111111111111,0.6747685185185186,0.37022940624406875,0.20520321680916653,0.39723065536883145,,0.3751423149905123,0.47583045310747896,5270
hoptimus,0,patch_vote,576,144,0.4027777777777778,0.608167770419426,0.4774819782223886,0.24446857060878868,0.1856723828066923,0.0001,0.36161417322834644,0.49346447367490276,5080
hoptimus,0,mean_pool,576,144,0.4166666666666667,0.5737527114967462,0.4093919686725638,0.1888197832524296,0.08016817262300252,0.001,0.36161417322834644,0.49346447367490276,5080
hoptimus,0,max_pool,576,144,0.4652777777777778,0.6194690265486726,0.4229374195237947,0.24235894006547237,0.12123364683262955,0.01,0.36161417322834644,0.49346447367490276,5080
hoptimus,0,abmil,576,144,0.5347222222222222,0.6995614035087719,0.37000505773605935,0.2378574222105144,0.33833401691582476,,0.36161417322834644,0.49346447367490276,5080
hoptimus,0,transformer,576,144,0.4791666666666667,0.6274089935760172,0.41759841204997084,0.24748926341651958,0.4289113701217704,,0.36161417322834644,0.49346447367490276,5080
hoptimus,1,patch_vote,576,144,0.4305555555555556,0.5578602620087336,0.46594289228998576,0.2573489017820766,0.12941173276038662,0.0001,0.34070879429964374,0.4324611667525371,5333
hoptimus,1,mean_pool,576,144,0.4652777777777778,0.5866050808314087,0.39208802573584617,0.21150954627752383,0.11579843505450653,0.01,0.34070879429964374,0.4324611667525371,5333
hoptimus,1,max_pool,576,144,0.4027777777777778,0.4887640449438202,0.4578232964497866,0.2248098888361867,0.17906954125168775,0.01,0.34070879429964374,0.4324611667525371,5333
hoptimus,1,abmil,576,144,0.4722222222222222,0.6233766233766234,0.3793892920075334,0.2040965400531499,0.4035446610715655,,0.34070879429964374,0.4324611667525371,5333
hoptimus,1,transformer,576,144,0.4583333333333333,0.6647331786542923,0.4053780833156472,0.2194102279288421,0.4345357780241304,,0.34070879429964374,0.4324611667525371,5333
hoptimus,2,patch_vote,576,144,0.4791666666666667,0.5144329896907217,0.36369652716374806,0.1935873785302968,0.14811365407517965,0.0001,0.38318600036081546,0.4515468556867308,5543
hoptimus,2,mean_pool,576,144,0.5,0.6396103896103895,0.3021431072356513,0.14698661442275207,0.11960075399715683,0.001,0.38318600036081546,0.4515468556867308,5543
hoptimus,2,max_pool,576,144,0.4583333333333333,0.6603139013452914,0.29718721152336985,0.11121935613656478,0.14321456097715857,0.001,0.38318600036081546,0.4515468556867308,5543
hoptimus,2,abmil,576,144,0.5208333333333334,0.6968325791855203,0.3346394784432661,0.19356736250074963,0.3308231836805741,,0.38318600036081546,0.4515468556867308,5543
hoptimus,2,transformer,576,144,0.5625,0.7723970944309928,0.2808706371899698,0.16549875530684366,0.33228223419023883,,0.38318600036081546,0.4515468556867308,5543
hoptimus,3,patch_vote,576,144,0.4791666666666667,0.5391120507399577,0.37412835550009615,0.2040192068666449,0.09808116313210369,0.0001,0.38946800862688713,0.45521960642106263,5564
hoptimus,3,mean_pool,576,144,0.4583333333333333,0.6315192743764173,0.35244791305948137,0.1664800576726763,0.07373817836247712,0.001,0.38946800862688713,0.45521960642106263,5564
hoptimus,3,max_pool,576,144,0.4861111111111111,0.6481481481481481,0.4193230827124693,0.2542968932775671,0.10200975263662483,0.01,0.38946800862688713,0.45521960642106263,5564
hoptimus,3,abmil,576,144,0.4444444444444444,0.7031630170316301,0.39765756279360714,0.20059368023256124,0.3863646752304501,,0.38946800862688713,0.45521960642106263,5564
hoptimus,3,transformer,576,144,0.4444444444444444,0.6745495495495495,0.39114314991922794,0.19407926735818204,0.4435734775745206,,0.38946800862688713,0.45521960642106263,5564
hoptimus,4,patch_vote,576,144,0.4236111111111111,0.525164113785558,0.4552186103159604,0.24069244402771287,0.15045085061447788,0.0001,0.36242884250474383,0.4406950852376018,5270
hoptimus,4,mean_pool,576,144,0.4930555555555556,0.623006833712984,0.4215969928800647,0.2615545562945051,0.17532523587116158,0.01,0.36242884250474383,0.4406950852376018,5270
hoptimus,4,max_pool,576,144,0.4305555555555556,0.5823665893271461,0.4605795854535147,0.2519855949456055,0.15227894519804372,0.01,0.36242884250474383,0.4406950852376018,5270
hoptimus,4,abmil,576,144,0.5138888888888888,0.670045045045045,0.3763200830087481,0.23064744713065036,0.3982095861186584,,0.36242884250474383,0.4406950852376018,5270
hoptimus,4,transformer,576,144,0.4652777777777778,0.6430205949656751,0.35798658150541784,0.1774081020470955,0.4326187347372373,,0.36242884250474383,0.4406950852376018,5270
midnight,0,patch_vote,576,144,0.4305555555555556,0.5787321063394684,0.4597234019019835,0.25112941139407435,0.21272068518825796,0.0001,0.3763779527559055,0.4809320443639714,5080
midnight,0,mean_pool,576,144,0.4722222222222222,0.6266233766233766,0.3796027347876844,0.2043099828333009,0.10945954881234322,0.001,0.3763779527559055,0.4809320443639714,5080
midnight,0,max_pool,576,144,0.4652777777777778,0.6899563318777293,0.3614610353544991,0.18088255589617674,0.14149091416410423,0.01,0.3763779527559055,0.4809320443639714,5080
midnight,0,abmil,576,144,0.5833333333333334,0.7250000000000001,0.3346732381871472,0.2309789826462651,0.33400250785052776,,0.3763779527559055,0.4809320443639714,5080
midnight,0,transformer,576,144,0.5902777777777778,0.7352272727272727,0.2756768986264552,0.17570850512278482,0.32671659150057375,,0.3763779527559055,0.4809320443639714,5080
midnight,1,patch_vote,576,144,0.3888888888888889,0.46963123644251636,0.49246320716940656,0.24652957895392297,0.1980480060467927,0.0001,0.3422088880555035,0.4531956758545428,5333
midnight,1,mean_pool,576,144,0.4861111111111111,0.5778781038374718,0.38382653292284835,0.21880034348794614,0.08765483805299959,0.001,0.3422088880555035,0.4531956758545428,5333
midnight,1,max_pool,576,144,0.4652777777777778,0.5823798627002288,0.3573435361247819,0.17676505666645959,0.1703218268379962,0.01,0.3422088880555035,0.4531956758545428,5333
midnight,1,abmil,576,144,0.5347222222222222,0.6642685851318945,0.33575303346912805,0.2036053979435831,0.375009164835016,,0.3422088880555035,0.4531956758545428,5333
midnight,1,transformer,576,144,0.5138888888888888,0.6051401869158879,0.36581851380685826,0.22014587792876053,0.39327930038173997,,0.3422088880555035,0.4531956758545428,5333
midnight,2,patch_vote,576,144,0.4722222222222222,0.6293634496919918,0.36815116375672097,0.19285841180233745,0.13448366275801926,0.0001,0.39383005592639364,0.5042960803200652,5543
midnight,2,mean_pool,576,144,0.5347222222222222,0.7527964205816554,0.30588517989221997,0.17373754436667502,0.08029064908413439,0.001,0.39383005592639364,0.5042960803200652,5543
midnight,2,max_pool,576,144,0.5486111111111112,0.7799097065462754,0.27601826737605467,0.15243433147906882,0.09574341968647242,0.001,0.39383005592639364,0.5042960803200652,5543
midnight,2,abmil,576,144,0.5277777777777778,0.7767857142857143,0.3178439248701032,0.18127973627057542,0.37088858874307734,,0.39383005592639364,0.5042960803200652,5543
midnight,2,transformer,576,144,0.4722222222222222,0.7422434367541766,0.4354896012908813,0.2601968493364978,0.4509914676762289,,0.39383005592639364,0.5042960803200652,5543
midnight,3,patch_vote,576,144,0.5138888888888888,0.6627659574468086,0.3570087424302979,0.21133610655220017,0.16301269622766892,0.0001,0.4263120057512581,0.5227731087734802,5564
midnight,3,mean_pool,576,144,0.5,0.6796008869179602,0.340606849805477,0.18545035699257778,0.10938724333310472,0.001,0.4263120057512581,0.5227731087734802,5564
midnight,3,max_pool,576,144,0.5277777777777778,0.7529691211401426,0.33040667395126255,0.19384248535173476,0.11807741918098225,0.01,0.4263120057512581,0.5227731087734802,5564
midnight,3,abmil,576,144,0.5347222222222222,0.7795180722891566,0.3233122460864604,0.19116461056091547,0.3679025789929761,,0.4263120057512581,0.5227731087734802,5564
midnight,3,transformer,576,144,0.5138888888888888,0.7738095238095237,0.36250607245026867,0.21683343657217094,0.40418250113725657,,0.4263120057512581,0.5227731087734802,5564
midnight,4,patch_vote,576,144,0.4583333333333333,0.638568129330254,0.42523090057116664,0.23926304518436156,0.1737723684120725,0.0001,0.38633776091081595,0.5148377692967405,5270
midnight,4,mean_pool,576,144,0.5416666666666666,0.6920529801324503,0.31997665701783284,0.19215538697608314,0.1278395557056107,0.001,0.38633776091081595,0.5148377692967405,5270
midnight,4,max_pool,576,144,0.5277777777777778,0.751131221719457,0.3620058113852061,0.2254416227856783,0.12043277845876235,0.01,0.38633776091081595,0.5148377692967405,5270
midnight,4,abmil,576,144,0.5555555555555556,0.7743055555555556,0.2944397570847783,0.17500525097250014,0.3557881315549215,,0.38633776091081595,0.5148377692967405,5270
midnight,4,transformer,576,144,0.5277777777777778,0.6517857142857143,0.3334351592074654,0.19687097060793762,0.3746294735206498,,0.38633776091081595,0.5148377692967405,5270
dinov2_nat,0,patch_vote,576,144,0.3819444444444444,0.5708502024291497,0.49046166583318435,0.23788300320091377,0.14191603862370644,0.001,0.3127952755905512,0.4074708511953894,5080
dinov2_nat,0,mean_pool,576,144,0.3819444444444444,0.522198731501057,0.4802279267358797,0.22764926410360914,0.1071244019702239,0.001,0.3127952755905512,0.4074708511953894,5080
dinov2_nat,0,max_pool,576,144,0.4027777777777778,0.6006423982869379,0.5021778743112946,0.26916446669769467,0.12639113117772907,0.001,0.3127952755905512,0.4074708511953894,5080
dinov2_nat,0,abmil,576,144,0.3958333333333333,0.5,0.5199641958246772,0.2805515940894728,0.44818704057898795,,0.3127952755905512,0.4074708511953894,5080
dinov2_nat,0,transformer,576,144,0.4375,0.5396825396825395,0.439760953086493,0.23698713119046344,0.4534762520343065,,0.3127952755905512,0.4074708511953894,5080
dinov2_nat,1,patch_vote,576,144,0.3888888888888889,0.5287234042553192,0.4714168913056166,0.225483263090133,0.10005524161609436,0.0001,0.29476842302643913,0.34679848359729704,5333
dinov2_nat,1,mean_pool,576,144,0.4027777777777778,0.5102974828375286,0.4317876688918943,0.1987742612782944,0.08170202819861963,0.001,0.29476842302643913,0.34679848359729704,5333
dinov2_nat,1,max_pool,576,144,0.3888888888888889,0.4618834080717489,0.48353490292046586,0.23760127470498227,0.12290200417408892,0.01,0.29476842302643913,0.34679848359729704,5333
dinov2_nat,1,abmil,576,144,0.3680555555555556,0.4535714285714286,0.5751811570582707,0.3089312995168556,0.48592456719941557,,0.29476842302643913,0.34679848359729704,5333
dinov2_nat,1,transformer,576,144,0.4097222222222222,0.5804195804195804,0.48420927529097085,0.25747532999820927,0.480084840208292,,0.29476842302643913,0.34679848359729704,5333
dinov2_nat,2,patch_vote,576,144,0.4097222222222222,0.5233265720081136,0.3794721224149822,0.1527381771222206,0.17457385278772677,0.001,0.32635756810391486,0.3476905073654156,5543
dinov2_nat,2,mean_pool,576,144,0.4027777777777778,0.48822269807280516,0.4196383597095773,0.1866249520959774,0.09027776819578141,0.001,0.32635756810391486,0.3476905073654156,5543
dinov2_nat,2,max_pool,576,144,0.4375,0.5324675324675325,0.4019793473112827,0.19920552541525316,0.16338281302310506,0.001,0.32635756810391486,0.3476905073654156,5543
dinov2_nat,2,abmil,576,144,0.4513888888888889,0.5472972972972974,0.42543314139416527,0.23397069122365857,0.40807656654053265,,0.32635756810391486,0.3476905073654156,5543
dinov2_nat,2,transformer,576,144,0.4583333333333333,0.5958429561200924,0.490091811218031,0.304123955831226,0.408837299173077,,0.32635756810391486,0.3476905073654156,5543
dinov2_nat,3,patch_vote,576,144,0.4583333333333333,0.5975609756097561,0.3951087406189585,0.20914088523215343,0.08234316949416065,0.0001,0.3510064701653487,0.3851067826011415,5564
dinov2_nat,3,mean_pool,576,144,0.4305555555555556,0.5555555555555556,0.38121220515126236,0.1726182146433532,0.09353697017510128,0.001,0.3510064701653487,0.3851067826011415,5564
dinov2_nat,3,max_pool,576,144,0.4375,0.5557986870897156,0.38785057439192944,0.1850767524958999,0.13555634813119136,0.001,0.3510064701653487,0.3851067826011415,5564
dinov2_nat,3,abmil,576,144,0.4305555555555556,0.5295454545454545,0.47078518056945995,0.2621911900615508,0.4120430242684152,,0.3510064701653487,0.3851067826011415,5564
dinov2_nat,3,transformer,576,144,0.3958333333333333,0.5203836930455634,0.44749493564744913,0.20808233391224468,0.4793751051442491,,0.3510064701653487,0.3851067826011415,5564
dinov2_nat,4,patch_vote,576,144,0.3402777777777778,0.4417670682730923,0.5235201746806688,0.2283347555909851,0.1702313515996851,0.0001,0.29601518026565465,0.3240758886297389,5270
dinov2_nat,4,mean_pool,576,144,0.3958333333333333,0.522340425531915,0.4840425868558326,0.24462998512062817,0.06880089884836033,0.001,0.29601518026565465,0.3240758886297389,5270
dinov2_nat,4,max_pool,576,144,0.3611111111111111,0.5573770491803278,0.5468668460374464,0.2735860633762676,0.09604624062916993,0.01,0.29601518026565465,0.3240758886297389,5270
dinov2_nat,4,abmil,576,144,0.4236111111111111,0.5806818181818182,0.48833824555828426,0.2738120792700367,0.39371056896117,,0.29601518026565465,0.3240758886297389,5270
dinov2_nat,4,transformer,576,144,0.3611111111111111,0.4700665188470067,0.5124260998443579,0.23914531718317916,0.4946306490649779,,0.29601518026565465,0.3240758886297389,5270
imagenet_vit,0,patch_vote,576,144,0.3611111111111111,0.4814453124999999,0.5059107012396258,0.232629918578447,0.15244355749799918,0.0001,0.32598425196850395,0.38218227378218894,5080
imagenet_vit,0,mean_pool,576,144,0.4097222222222222,0.5310492505353319,0.47558771395023747,0.24885376865747588,0.0714644512832776,0.001,0.32598425196850395,0.38218227378218894,5080
imagenet_vit,0,max_pool,576,144,0.4027777777777778,0.4904661016949152,0.5231435940571053,0.2901301864435054,0.11232552392220284,0.001,0.32598425196850395,0.38218227378218894,5080
imagenet_vit,0,abmil,576,144,0.4027777777777778,0.5844748858447489,0.47280205879309833,0.23978865117949844,0.4455998446792364,,0.32598425196850395,0.38218227378218894,5080
imagenet_vit,0,transformer,576,144,0.4027777777777778,0.5819672131147541,0.470938979011645,0.2379255713980451,0.4955721365080939,,0.32598425196850395,0.38218227378218894,5080
imagenet_vit,1,patch_vote,576,144,0.3541666666666667,0.4956427015250545,0.517435220933463,0.23698996614397355,0.1619727046887829,0.0001,0.29008063003937745,0.3272391592741484,5333
imagenet_vit,1,mean_pool,576,144,0.4097222222222222,0.48013245033112584,0.4555014871111987,0.22876754181843711,0.11425156598169697,0.001,0.29008063003937745,0.3272391592741484,5333
imagenet_vit,1,max_pool,576,144,0.3263888888888889,0.4696969696969696,0.5607213880812689,0.2502287931645579,0.04762897030488246,0.001,0.29008063003937745,0.3272391592741484,5333
imagenet_vit,1,abmil,576,144,0.3680555555555556,0.46875,0.540800772441162,0.2745509148997469,0.460419668091668,,0.29008063003937745,0.3272391592741484,5333
imagenet_vit,1,transformer,576,144,0.4027777777777778,0.5011990407673861,0.5473229140317053,0.3143095064181054,0.46626711305644786,,0.29008063003937745,0.3272391592741484,5333
imagenet_vit,2,patch_vote,576,144,0.3333333333333333,0.474757281553398,0.4613723554390457,0.15860568639881129,0.19613263161500227,0.0001,0.3088580191232185,0.3324040649989781,5543
imagenet_vit,2,mean_pool,576,144,0.3680555555555556,0.5256673511293635,0.44329326533821894,0.1770434077968039,0.07565840208241395,0.001,0.3088580191232185,0.3324040649989781,5543
imagenet_vit,2,max_pool,576,144,0.3819444444444444,0.5154320987654322,0.48115779063265524,0.22857912800038466,0.09159747817028913,0.001,0.3088580191232185,0.3324040649989781,5543
imagenet_vit,2,abmil,576,144,0.4166666666666667,0.5145985401459854,0.5048727612057484,0.28430057578561424,0.4189495385314027,,0.3088580191232185,0.3324040649989781,5543
imagenet_vit,2,transformer,576,144,0.3611111111111111,0.5390243902439025,0.5335609080595195,0.2602801253983407,0.5080811474472284,,0.3088580191232185,0.3324040649989781,5543
imagenet_vit,3,patch_vote,576,144,0.4513888888888889,0.5739583333333333,0.3916181301780251,0.2001556800075184,0.11429858039474901,0.0001,0.35208483105679367,0.37288642391782045,5564
imagenet_vit,3,mean_pool,576,144,0.4513888888888889,0.6244131455399061,0.4065105552433569,0.2150481050728502,0.1103558295826914,0.01,0.35208483105679367,0.37288642391782045,5564
imagenet_vit,3,max_pool,576,144,0.4097222222222222,0.5681318681318681,0.4674010335150835,0.2406670882223219,0.12200760060180864,0.001,0.35208483105679367,0.37288642391782045,5564
imagenet_vit,3,abmil,576,144,0.4236111111111111,0.6305882352941177,0.44515013000184556,0.23062396371359803,0.4323146101087332,,0.35208483105679367,0.37288642391782045,5564
imagenet_vit,3,transformer,576,144,0.3819444444444444,0.6897321428571429,0.5155905374166392,0.2630118747843686,0.5134322065860033,,0.35208483105679367,0.37288642391782045,5564
imagenet_vit,4,patch_vote,576,144,0.3402777777777778,0.4047109207708779,0.5377048872223489,0.24251946813266517,0.18730749151820572,0.0001,0.2937381404174573,0.32581694947914774,5270
imagenet_vit,4,mean_pool,576,144,0.3680555555555556,0.4144050104384134,0.5030662297296558,0.2368163721882407,0.11416482597216623,0.001,0.2937381404174573,0.32581694947914774,5270
imagenet_vit,4,max_pool,576,144,0.3611111111111111,0.4229910714285714,0.543434273647291,0.27015349098611224,0.08986295465132609,0.001,0.2937381404174573,0.32581694947914774,5270
imagenet_vit,4,abmil,576,144,0.3055555555555556,0.44047619047619047,0.5636136219109036,0.2290437335986112,0.5393079742789268,,0.2937381404174573,0.32581694947914774,5270
imagenet_vit,4,transformer,576,144,0.3611111111111111,0.5522041763341068,0.5019868404531339,0.22870605779195513,0.5305684293723769,,0.2937381404174573,0.32581694947914774,5270
